SampleN,Pb_S,Cr_S,Cd_S,As_S,Sb_S,Sn_S,SumTS
A1_1_5,9.468018687,4.899917418,0.69428545,1.152607906,0.100886433,3.456331326,6.12953897
A1_1_6,8.332106035,5.770936362,0.289723395,1.568754687,0.134290889,3.410863967,9.2906143
A1_1_7,10.77038714,7.138182453,3.872319661,1.826046078,0.141319169,4.111149599,8.70437705
A1_1_8,11.02118919,5.765378949,0.610159259,1.444662104,0.12293758,4.251917035,3.78437703
A1_1_9,10.99147704,5.017303306,0.880421061,1.148270267,0.127514731,4.479323244,10.7154596
A1_1_10,10.31080441,4.829580419,0.301574375,1.241907777,0.118185877,3.72654282,8.89120817
A1_1_11,11.86758775,5.166099177,0.20051016,1.518160649,0.131907506,3.815447644,6.32845457
A1_1_12,13.81346522,8.426754407,0.505418035,1.930784198,0.160805018,4.961625511,7.54643674
A1_1_13,11.61188452,8.028125412,0.289433518,1.867866189,0.152687275,4.792433689,3.59501882
A1_1_14,7.042029144,5.894002493,0.324705153,1.360728879,0.116783967,3.840757272,4.48556404
A1_1_15,7.110404193,7.184877777,0.49893489,1.531338235,0.363904369,4.495233375,13.4620922
A1_2_5,13.7545843,23.48883146,0.667237523,7.028765705,0.458229613,5.022121549,7.89563974
A1_2_7,15.50716651,27.18967712,0.801260464,8.078541667,0.505813586,5.48697645,14.1591278
A1_2_8,16.70252854,28.6197318,0.626332366,8.305392354,0.542982813,6.022428101,9.63754416
A1_2_9,18.39576212,23.27597922,0.889898056,7.16568962,0.444158794,4.904497197,5.04564786
A1_2_10,15.14663971,28.92955006,1.041668956,8.686334549,0.689834842,5.88139591,10.5454431
A1_2_11,28.13696747,26.65981356,1.764074116,8.010679157,0.474855381,5.506049852,11.0847348
A1_2_12,16.52217895,26.40943953,1.021753175,7.962843771,0.469916192,5.679899656,10.7952651
A1_2_13,16.84941757,27.59692291,0.567843224,8.120397769,0.5484089,5.917558874,5.7962708
A1_2_14,18.54047492,31.05753811,0.901913665,9.376471489,0.663784511,6.396647909,7.74037653
A1_2_15,15.96343714,27.73213381,0.586853286,8.488855205,0.565703481,5.091186422,5.46909972
A1_3_3,33.16666523,24.9374125,1.956412179,4.353736689,0.389363392,4.56279295,6.23947766
A1_3_5,23.3234341,23.41911833,2.856757725,0.935070419,0.410993133,3.857663664,7.24609158
A1_3_6,10.13146253,13.13273451,1.357509269,2.09379457,0.265796452,2.979411055,10.2084263
A1_3_7,11.46770401,22.43485869,0.673935979,0.801548554,0.312794955,4.020446198,9.90580186
A1_3_8,17.69362628,25.09978772,3.009323353,5.5188452,0.330563658,4.332287986,17.8071906
A1_3_9,18.03839645,28.0685185,2.070694862,0.902833177,0.247853336,4.555315516,4.70883865
A1_3_10,26.16039909,24.15346064,2.154490813,0.820342976,0.277933832,4.443557229,4.02240725
A1_3_11,24.61044538,27.84393383,3.221305439,1.07010249,0.298124793,4.669512534,4.08367461
A1_3_12,20.88497948,29.47649266,2.368961632,0.980950537,0.345383458,4.647325672,7.22422965
A1_3_13,22.50393094,38.06572198,2.794862038,0.928918651,0.35302868,4.79394512,5.00796233
A1_3_14,20.65890422,24.02914619,2.801065386,0.82642211,0.293369761,4.440509852,6.82875902
A1_3_15,21.04729392,24.96342034,3.544031501,4.911707937,0.295330435,4.66510472,3.47156001
A1_4_1,22.52056687,26.3168628,1.81423803,1.065957251,0.441756743,4.647232334,7.37012367
A1_4_2,26.13224129,32.53163452,4.966524353,1.669959407,0.473859129,4.953420792,12.907508
A1_4_3,28.15283187,36.42669456,2.943063578,1.502710406,0.754172791,5.047649546,15.0815699
A1_4_5,30.61434498,42.70193763,2.25667038,1.379557276,0.615375604,5.242103363,4.04718574
A1_4_6,30.99894761,49.28361362,2.987059452,1.607978646,0.6610591,5.544007035,6.41438498
A1_4_7,27.96417205,49.35885939,1.421089342,1.410785726,0.667649627,5.747531044,15.4278473
A1_4_8,31.41406129,35.02509384,4.762310228,1.808840681,0.731549695,5.182695451,11.813027
A1_4_9,24.61199672,33.8163487,1.479638478,1.510232983,0.661569175,4.957108622,9.3748222
A1_4_10,29.66236431,31.69134142,7.663488035,9.345576022,0.5924764,5.95165872,8.8521317
A1_4_11,22.53558767,35.58961072,1.690166732,1.242233366,0.401128929,4.814670147,5.54630047
A1_4_12,28.74531199,32.5389208,3.275085986,1.082316664,0.422136495,4.934430412,8.8863263
A1_4_13,22.83570169,27.57913833,2.383583595,1.005078172,0.354361112,3.976365257,10.821524
A1_4_14,24.25143409,32.69024886,1.346380359,1.175063421,0.523113518,4.581444065,8.98383235
A1_4_15,26.88287456,32.09264304,3.179368538,1.14547226,0.58645617,4.67060513,14.5179675
A2_1_1,23.5931757,29.43522104,1.832809995,0.900040265,0.549933447,4.764455475,8.63561063
A2_1_3,16.33605918,20.25585095,1.633389999,0.663818086,0.289660792,4.333983373,5.20072162
A2_1_4,13.95984836,18.32261565,0.540524426,3.01810132,0.337954506,6.74135341,3.42978411
A2_1_5,8.089943057,12.40494881,0.311944641,2.437119313,0.1969741,4.151499802,4.68252791
A2_1_6,13.58010055,22.54641571,0.751335397,3.679922769,0.389874455,6.768760918,14.3922317
A2_1_7,9.830258987,15.09299581,1.394588876,2.662713807,0.239702216,6.050551739,5.15391004
A2_1_8,12.95816341,21.41569585,1.630115788,4.099424081,0.319662913,6.232714387,9.31390025
A2_1_9,14.4481301,26.46683557,0.756092038,4.380745309,0.409997185,5.883317405,2.52111707
A2_1_10,15.41811962,25.00890635,4.301825754,4.475788339,0.301542945,7.031063616,6.2654502
A2_1_11,15.33686865,26.14063668,2.344492426,4.093746383,0.295461271,6.922713996,5.0314173
A2_1_12,9.980672156,16.88520476,1.211816679,2.834242056,0.199161839,5.017718484,9.15003471
A2_1_14,8.092629433,12.04236722,0.679621166,2.140444541,0.157996689,4.591474902,4.40338309
A2_1_15,11.22696381,15.15887427,0.984043722,2.299590705,0.163509987,4.067350598,4.28305784
A2_2_5,21.14269365,38.29555215,0.741353128,8.474190793,0.688335655,6.389653846,3.59956276
A2_2_6,22.33072266,41.82513816,0.443748409,9.600630469,0.592298499,7.794995339,3.67175536
A2_2_7,19.33799252,34.3537589,0.875491369,7.385028665,0.42998223,6.527805071,5.87284298
A2_2_8,23.16279154,46.51890389,0.84456325,8.66010145,0.477342402,7.770657395,4.73170575
A2_2_9,26.83594927,36.01325269,0.408181227,7.269129894,0.358492203,7.005711888,7.20263991
A2_2_10,29.65885477,40.74452556,1.512504163,8.185562972,0.597786641,7.686459471,4.22274933
A2_2_11,23.80810617,39.02163906,1.406581723,8.95466174,0.636957795,7.37449176,6.40604933
A2_2_12,26.92120137,45.11073117,1.163588826,8.656193524,0.711970173,7.014184433,4.55281768
A2_2_13,31.58229633,43.37641883,0.439330569,8.621836489,0.655916081,11.31926563,5.69708636
A2_2_14,21.08007833,38.08165908,0.508660471,8.569560978,0.512178809,7.01702265,5.785083
A2_2_15,20.43059945,37.47576916,3.057069621,7.568089173,0.488147216,6.840797237,6.96029029
A2_3_1,31.30944924,32.79381448,0.832069493,6.571673708,0.370024108,9.797544233,11.1553562
A2_3_4,31.73430162,31.94972899,0.252938799,6.833205814,0.418298912,9.660192578,10.1387645
A2_3_5,25.18114049,27.00624007,0.240026338,4.91248226,0.318602371,8.439909134,5.70933502
A2_3_6,26.60963256,46.25734566,2.014078863,1.848875438,0.0005332,8.148569416,4.93086006
A2_3_7,24.78062355,44.22437353,0.976958257,1.315213859,0.0005332,8.106779661,11.1689683
A2_3_8,31.197701,52.49931128,1.424694065,1.79865998,0.0005332,8.992626525,8.65291963
A2_3_9,25.93967,45.84706001,1.062602436,1.401760986,0.0005332,8.52345843,5.91388446
A2_3_10,35.94487175,47.61966166,1.243474658,1.480381387,0.0005332,9.271235345,1.50115556
A2_3_11,33.37534048,39.11816121,1.011880404,1.505057714,0.0005332,8.124430252,2.69239932
A2_3_12,37.18996948,46.59920586,1.051332709,1.514384726,0.0005332,6.239282723,18.4061108
A2_3_13,41.85305285,44.39486201,0.896632787,6.398678571,0.0005332,8.571800767,10.8818458
A2_3_14,35.56848884,36.4832189,0.939103375,1.474292394,0.0005332,8.349622044,10.2193982
A2_3_15,36.64524212,48.04506804,0.397856897,1.573455605,0.0005332,9.293918833,9.22936651
A3_1_4,8.789154797,11.25143598,0.090409183,2.795817467,0.214862007,2.737066066,4.49855648
A3_1_5,23.21184489,30.34121824,0.172143794,7.258118537,0.586315041,7.055824892,8.62403927
A3_1_6,17.48254478,21.07139969,0.141212073,5.121797807,0.414123197,5.363366701,8.43381684
A3_1_7,23.24101665,31.01354726,0.169167952,6.828693207,0.559547843,7.912821703,3.91028568
A3_1_8,23.79036778,31.26633513,0.162058015,7.116339793,0.56233551,7.549053822,5.5455326
A3_1_9,22.46936781,27.44132571,0.164459678,6.161135707,0.552732345,6.91543856,6.64494442
A3_1_10,19.95074768,23.82853147,0.13872624,5.631674834,0.491713148,6.154285296,7.51144827
A3_1_11,18.15453436,33.25211831,0.142986514,4.083206305,0.381503089,6.851071053,14.0538438
A3_1_12,23.75207391,27.47275736,0.15634268,6.719018443,0.524385741,7.29939091,6.71343546
A3_1_13,29.19177765,28.2227756,0.199049921,8.119054012,0.580577981,8.291032572,6.25402875
A3_1_14,28.30345012,27.28553148,0.192487158,7.472294449,0.601859053,7.693215576,8.02713565
A3_1_15,31.54214395,29.19401031,0.177559721,8.921302721,0.645068783,7.670921724,7.05582551
A3_2_1,10.42567544,27.94853016,0.088477645,4.426854179,0.362661159,7.195232612,8.85572304
A3_2_2,9.244320949,22.6188368,0.15849725,4.223791033,0.40043034,6.492079448,8.40736587
A3_2_5,10.6252029,21.93607183,0.099241911,4.494254877,0.412163819,6.665269176,6.36538686
A3_2_6,9.29480531,20.66698325,0.081039644,4.214589416,0.351167244,6.24662746,15.540286
A3_2_7,12.55774932,27.7432958,0.086917254,6.179663697,0.501430274,7.265167354,7.56958564
A3_2_8,11.59278783,23.0485236,0.108114182,5.174688067,0.430233548,6.962923662,6.36115135
A3_2_9,12.05693449,25.13496931,0.0985318,5.086919127,0.440636571,6.926795843,13.2495414
A3_2_10,13.27833082,28.93088327,0.196599194,6.237418214,0.479854948,7.717373445,4.33328152
A3_2_11,12.58006621,28.08453885,0.135853038,5.791186034,0.442646102,7.762171996,6.56621801
A3_2_12,12.12977419,30.88450745,0.11209419,6.013339791,0.467383281,7.27913127,3.69677213
A3_2_13,11.39487316,27.21931156,0.14153386,4.627256038,0.445474045,6.262796452,6.30232157
A3_2_14,11.23297583,23.10591551,0.09828304,4.355548417,0.419072198,5.091347493,11.414092
A3_2_15,11.41206532,24.44554281,0.122807787,5.230333749,0.439735038,6.746647596,5.29310059
A3_3_2,11.54266204,38.45494294,0.262577834,5.000143142,0.470787557,7.006686307,4.09674206
A3_3_5,7.556981283,24.27753441,0.088912787,3.320120859,0.306051253,4.352957532,5.2714414
A3_3_6,5.209509247,16.43404244,0.143614461,2.374996143,0.203751289,3.025051623,3.88028085
A3_3_7,5.504668804,18.92401023,0.050269222,2.504309797,0.244315602,3.434360042,8.55818376
A3_3_8,6.406315169,19.59641544,0.08021228,2.808947921,0.261899344,3.909722263,6.45109927
A3_3_9,6.103199114,20.90329234,0.065404168,2.906642492,0.262748484,3.613245543,3.58956517
A3_3_10,5.746831708,18.33580734,0.069552782,2.576435242,0.24107156,3.402824643,5.98206333
A3_3_11,6.151590898,21.53292662,0.092285976,3.329342259,0.22936319,3.561833663,4.50307087
A3_3_12,5.485243822,18.90148976,0.066608765,2.279775756,0.220629833,3.322816614,3.80522044
A3_3_13,6.767889267,21.61206955,0.079219836,2.803123888,0.260486287,3.820745664,8.43595922
A3_3_14,8.031813782,19.79549702,0.052497834,2.069113948,0.184816526,3.446663423,4.24431618
A3_3_15,6.924395063,18.98634462,0.082860867,2.684828648,0.240841016,3.515673662,7.47977887
A5_1_1,13.66243601,35.80509616,1.051529807,1.18211179,0.0005332,5.874731487,9.07404803
A5_1_2,12.0692753,37.89323673,0.449924652,1.507115647,0.0005332,5.92535446,13.1951828
A5_1_3,15.14773814,40.08143923,1.620441795,9.542206944,0.0005332,5.769674422,11.8516862
A5_1_4,11.34777756,37.89279147,0.524953628,1.257040098,0.0005332,5.736991946,12.131657
A5_1_5,10.50260112,35.59260985,1.695047426,1.314785382,0.0005332,5.51079161,18.7645276
A5_1_6,10.20333711,31.15005621,1.5032805,1.442126327,0.0005332,5.669731953,21.4486654
A5_1_7,11.26415417,35.32166458,2.627484698,1.489286261,0.0005332,5.738710068,14.898623
A5_1_8,11.09167094,33.57330898,0.667679066,1.441323932,0.0005332,5.89208312,17.1878259
A5_1_9,10.94860005,32.68672701,0.696626263,10.09964759,0.0005332,5.814840241,3.12917722
A5_1_10,11.34414218,32.69112634,4.095006591,1.270377174,0.0005332,5.632221761,6.82570885
A5_1_11,10.78441404,32.80022619,1.096458714,1.540208625,0.0005332,5.651608183,14.9494809
A5_1_12,10.00536018,30.95153206,0.975095912,1.125412583,0.0005332,5.448870083,12.3400376
A5_1_13,8.947196846,28.31903762,0.439935733,0.962431056,0.0005332,5.51189151,7.59879261
A5_1_14,10.17145917,32.47187773,0.503682592,1.116670294,0.0005332,5.585392299,8.89757047
A5_1_15,9.520812012,31.51141044,0.531530828,1.15785438,0.0005332,5.566254717,9.26392582
A5_1_16,12.85896203,31.59468884,2.800395714,1.188034999,0.699241076,6.058476872,14.9150658
A5_1_13d,9.322511584,34.21857407,0.662812003,1.229798754,0.0005332,5.558218008,8.56641583
A5_1_14d,12.11013167,35.78037389,1.139943415,10.5127545,0.0005332,5.88517675,11.5411993
A5_2_1,11.07500453,30.50823963,1.855275745,1.129433314,0.634848754,5.996531596,11.5534482
A5_2_2,12.5115719,29.42116902,0.665176403,1.319842143,0.672894745,5.975891868,14.0181308
A5_2_3,11.19246753,28.26922345,1.016640517,7.376172268,0.609732758,6.028213269,14.3742917
A5_2_4,11.83524492,29.8976827,0.948166391,1.170122155,0.614376121,6.204955378,13.7902942
A5_2_5,11.25991593,25.93031576,0.678551723,1.216331149,0.659819655,5.870432498,13.8006457
A5_2_6,13.8029871,32.5048229,1.226285127,1.262883201,0.718005064,6.237028415,15.9131394
A5_2_7,11.6354631,16.72596672,0.247878197,1.068388727,0.458342436,3.379718007,9.52888762
A5_2_8,9.422950292,16.80144935,0.414266251,0.796316465,0.413888751,3.166001125,12.3230494
A5_2_9,8.967574104,19.96055785,0.196468311,1.002400759,0.534288126,3.857694166,10.2371666
A5_2_10,8.610532605,15.02027517,0.262636854,0.86150208,0.373618785,2.935958193,10.5598095
A5_2_11,6.565640619,15.02243343,0.194535379,0.812477418,0.389339923,2.818573736,2.64643363
A5_2_12,7.910751539,17.54487388,0.439323104,0.97362366,0.437485875,3.309272209,12.8053526
A5_2_13,7.389720305,17.25616605,0.488095239,0.954538044,0.409432182,3.150946344,9.17975548
A5_2_14,9.309836729,17.9099706,0.316637031,0.934241173,0.436818788,3.168890038,15.323941
A5_2_15,7.122234573,15.59171407,0.176009967,0.827320887,0.352843076,2.953416968,14.6181507
A5_2_16,9.20115026,20.96152498,0.378292851,0.873279008,0.513422606,3.645366447,11.4306093
A5_3_4,8.934253148,20.38638722,0.24244163,1.098225881,0.472212114,3.732406926,13.1229181
A5_3_5,9.517422509,21.75546343,1.486434479,1.089691075,0.533605268,3.971425334,5.89808975
A5_3_6,6.992185945,16.19528621,0.855739963,1.179568982,0.392698902,3.079698985,8.17340101
A5_3_7,7.409869094,16.89693492,0.302571298,1.039770517,0.441889742,3.154913222,11.2357642
A5_3_8,6.54821332,15.58493234,0.411044684,1.070841592,0.474296185,3.036647975,6.71893528
A5_3_9,6.659964576,15.57656146,0.303168308,1.004116251,0.407232722,2.928540525,14.8336788
A5_3_10,9.192493803,20.97080727,0.220646161,0.992665104,0.552151479,4.015250578,7.89675979
A5_3_11,8.634169491,19.03012393,0.203536458,0.945773734,0.473018952,3.645379009,9.28840264
A5_3_12,8.735697503,20.24064669,0.347531453,1.152318784,0.51014129,4.006297501,11.5495939
A5_3_13,7.543979962,17.07829361,0.186760736,0.998813159,0.448362235,3.347250774,11.0298568
A5_3_14,12.24086231,22.86026119,0.388238625,1.07545107,0.620655143,4.28846525,13.2416985
A5_3_15,10.2012394,23.93085161,0.233016713,1.139274917,0.569827646,4.180768015,10.8381637
B2_2_8,10.782,44.2065,0.197,7.519,0.2475,2.921,0.86013661
B2_2_9,9.946,46.6685,0.1725,7.3375,0.4835,2.9805,2.53586201
B2_2_10,10.2325,44.2035,0.1815,7.409,0.215,2.8295,0.81259666
B2_2_11,10.253,46.312,0.1895,7.665,0.2145,3.0655,1.20238711
B2_2_12,9.1595,41.7535,0.161,6.8645,0.16,2.7295,2.93275107
B2_2_13,12.3295,44.368,0.1855,7.8615,0.205,2.9145,2.57547244
B2_2_14,9.6805,48.8395,0.1965,7.7015,0.278,3.8365,1.98345004
B2_2_15,10.603,44.329,0.213,7.4395,0.237,2.8885,0.80849201
B2_3_1,12.461,48.5395,0.169,10.235,0.313,2.828,3.92223082
B2_3_2,13.774,55.6775,0.1845,9.8115,0.2725,2.676,1.99140431
B2_3_3,13.364,52.144,0.1795,8.85,0.264,2.7195,2.50644711
B2_3_4,12.1965,50.8415,0.172,8.7125,0.2345,2.4815,2.09653015
B2_3_6,12.6935,50.643,0.1805,9.22,0.572,2.4185,0.54716445
B2_3_7,12.755,51.993,0.174,8.563,0.2505,2.442,3.00859392
B2_3_9,15.5625,66.9735,0.213,10.4885,0.2875,2.841,1.81311299
B2_3_10,12.723,56.9565,0.1675,8.703,0.2335,2.5005,1.21997383
B2_3_11,12.82,49.178,0.176,8.585,0.364,2.5635,2.06810664
B2_3_12,12.4195,55.3185,0.1835,8.437,0.3525,2.974,1.6341739
B2_3_13,13.3185,61.788,0.1905,9.223,0.242,2.564,1.27781695
B2_3_14,13.3285,38.6415,0.168,9.3595,0.2655,2.666,3.52892555
B3_1_5,7.67378786,12.86672211,0.100877272,4.018028427,0.2663358,3.500071792,0.84982267
B3_1_6,7.289171989,12.77587542,0.113038523,4.332978709,0.312891603,3.554604383,1.0154581
B3_1_7,6.47195071,11.58572015,0.084639057,3.7645159,0.261327095,3.125548735,1.14023282
B3_1_8,9.670836418,15.93538735,0.100527592,5.403027922,0.357582973,4.074037151,0.94787888
B3_1_9,6.89109828,12.3962618,0.087897244,3.942848658,0.295174549,3.447576745,1.49296155
B3_1_10,6.52406038,12.03965727,0.07971427,3.809996176,0.269571233,3.335622799,1.58529708
B3_1_11,9.063926262,15.44775366,0.108546882,5.146555982,0.348732345,3.924059186,1.98900487
B3_1_12,7.321985249,13.19143976,0.102632395,4.191220541,0.284171228,3.476454671,1.93724039
B3_1_13,5.888466932,10.50777608,0.078136584,3.352551777,0.246957066,3.05944688,1.1756118
B3_1_14,7.815392724,14.27154777,0.11029006,4.554420028,0.313294888,3.765816833,1.96029139
B3_2_5,7.984656618,26.10545243,0.096545056,4.92835209,0.379397772,4.534887348,3.0177288
B3_2_6,8.461214046,23.35998051,0.068328981,5.317197686,0.434539802,4.207279048,4.36629786
B3_2_7,8.336689527,25.11822268,0.072499293,5.197646422,0.424335989,4.466669223,3.06934659
B3_2_8,7.910335035,24.96043077,0.07605423,4.749174252,0.953929048,4.12430515,4.43310655
B3_2_9,9.297520497,24.94573282,0.098454194,5.688763355,0.538163284,4.436791844,5.54839835
B3_2_10,9.360885711,29.37972943,0.088625267,6.427075026,0.452871747,4.940185053,3.57391581
B3_2_11,10.02940167,25.24390633,0.091206482,6.141078467,0.43623988,4.617261696,4.69591199
B3_2_13,9.173016544,25.69230973,0.085947188,6.033506796,0.444130796,4.587272932,3.39249889
B3_2_14,9.709325756,24.39860081,0.093175883,6.12102617,0.493118977,6.934926541,4.46871695
B3_2_15,9.68438369,25.34624181,0.089142172,6.325331417,0.49080364,6.277820144,7.89368061
B3_3_5,14.46206374,30.67103411,0.13621036,8.322750792,0.578406427,4.954611041,0.69650165
B3_3_6,14.4869053,30.08005664,0.13562675,8.22860786,0.560744207,4.939716852,1.17551942
B3_3_7,15.6648017,32.22027284,0.141884065,8.871391001,0.599655809,4.950428216,2.51494815
B3_3_8,14.85301825,30.92843699,0.140877339,8.223867694,0.599822928,4.874425525,0.45407133
B3_3_9,13.8287431,28.02815272,0.130557089,7.628555012,0.548568243,4.403338919,0.8273304
B3_3_10,13.48739791,27.51666306,0.123608042,7.816606474,0.570092939,4.459180969,0.86805331
B3_3_11,12.8503784,27.01003148,0.116852502,7.314068338,0.529576388,4.399459853,1.13340464
B3_3_13,14.20925403,30.20146952,0.145165672,8.052050659,0.570764358,4.886384178,0.51373908
B3_3_14,14.94093405,31.10202468,0.134532174,8.324579287,0.609966699,4.923348211,0.69984957
B3_3_15,14.08299167,36.08751833,0.151744683,8.429327488,0.593547731,4.860139381,0.23996605
C1_1_1,5.80647687,31.01228294,0.283087556,0.52041595,0.256534853,3.583612678,9.28917591
C1_1_2,3.860214303,45.42980624,2.76024905,0.464659894,0.181041012,3.692065464,18.1656021
C1_1_3,5.393430232,43.958841,0.673943983,0.40156621,0.163748,3.605182447,13.3148562
C1_1_4,5.369179804,51.55008262,0.262889675,0.676326243,0.22053248,3.939608598,5.48009605
C1_1_5,5.593145974,65.43808905,0.626116122,0.631698892,0.293383879,4.056383594,14.2906471
C1_1_6,6.906136947,69.64984667,0.390491305,1.136587618,0.36910218,4.209781118,6.55533934
C1_1_7,6.124346572,50.67121539,0.604587917,0.786404904,0.276598818,4.186748525,7.73165642
C1_1_8,6.585395535,52.19023252,0.351369518,0.514535868,0.156182002,2.717325684,3.16567685
C1_1_9,4.929336419,45.13317516,0.362912394,0.579433168,0.231322468,3.490025345,3.88428563
C1_1_10,6.611024182,33.40705183,0.683342356,0.44710414,0.244054175,4.016688966,9.92776122
C1_1_11,4.173216392,60.5008141,0.451897405,0.691471726,0.206004671,4.644491609,15.1166877
C1_1_12,6.198257692,39.12566197,0.328304999,0.504282858,0.253221201,3.971032711,11.6129034
C1_1_13,5.817553242,78.38660255,2.405071837,1.718939981,0.222968005,6.039237716,8.44888142
C1_1_14,7.770930896,79.9953993,1.189950597,2.385908165,0.322366884,6.023725631,5.17560108
C1_1_15,7.404524093,65.38097478,0.59833659,2.380779002,0.296007298,5.602435877,9.26339787
C1_2_1,15.89545768,34.65726194,0.765869167,9.496277177,0.644311509,5.465838983,10.7044857
C1_2_2,16.80608895,34.94555305,0.468903869,10.21173313,0.726294435,5.87931103,6.13841237
C1_2_3,12.85404442,23.93893059,0.290023017,6.156960193,0.530215103,5.684728562,3.73709508
C1_2_4,17.75325464,33.02714429,0.329424669,9.99300689,0.734322471,5.850915768,5.51472793
C1_2_5,14.98291712,31.64147589,0.221342207,8.297442387,0.633653416,5.711772913,3.46969329
C1_2_6,16.54311994,32.39554724,0.78516219,9.34416958,0.741932954,5.852474132,1.32017311
C1_2_7,16.07959247,31.57245637,0.535688091,9.487331547,0.767196496,5.614962288,8.9922877
C1_2_8,14.55170639,26.87958638,0.360689131,8.264071776,0.628070554,5.76257788,4.31284145
C1_2_9,15.85656945,28.66858876,0.258395043,8.710396771,0.668052022,5.88148532,7.39142619
C1_2_10,12.82984361,22.65085763,0.444436085,6.72901801,0.559342286,5.518939172,4.46507626
C1_2_11,19.18203921,28.05368468,0.23072134,9.040491702,0.667061642,5.973497468,5.66848097
C1_2_12,17.1269919,29.96153269,0.359885078,9.603510214,0.730196701,5.953346207,3.20702526
C1_2_13,17.44959029,36.34138123,2.036270121,10.54449186,0.798403871,6.021314629,10.3059194
C1_2_14,13.06510364,27.81538687,0.322150821,7.831837114,0.660806854,5.894178926,0.56000093
C1_2_15,15.3468538,32.53514782,0.279676057,10.09531878,0.759257057,6.076640705,5.18236306
C1_3_1,10.89000924,22.38384488,0.339388566,5.574542225,0.460843045,5.533239678,0.29673571
C1_3_2,10.95525226,23.35929244,0.191462464,5.804413429,0.497470674,5.465236874,1.84663183
C1_3_3,11.26954442,22.85222162,0.326034685,5.935475565,0.514666275,4.737277785,0.93398731
C1_3_4,12.68843533,23.02910633,0.273861806,6.292474213,0.550919892,5.792185667,0.59626432
C1_3_5,12.89117334,22.31824368,0.293400036,5.619892345,0.510028616,11.36937174,0.41726575
C1_3_6,11.93517674,23.22045381,0.226608705,5.94900348,0.578671695,5.764218228,0.59047946
C1_3_7,12.9070092,22.4743118,0.198937136,6.401465468,0.518958048,5.834864199,1.71318651
C1_3_8,11.79920327,19.91627991,0.214960492,5.732723923,0.510671421,5.682078123,0.50795346
C1_3_9,11.95775989,20.71051261,0.206591342,5.68049046,0.506964887,5.734218538,6.03187482
C1_3_10,11.39855039,20.2844854,0.260781974,3.688304185,0.447139181,5.046205218,0.62284484
C1_3_11,10.47751121,22.82810535,0.431551396,5.695203266,0.511449095,5.906568658,1.38036505
C1_3_12,12.88924924,26.32700421,0.296853503,6.692857693,0.534953202,5.75813921,2.23891639
C1_3_13,12.79222389,24.68553234,0.422733603,6.102710293,0.524390941,6.247949585,2.61995987
C1_3_14,13.55856283,27.55826684,0.571433548,5.930845248,0.509435573,6.512971181,1.51622875
C1_3_15,14.33550973,70.32993056,0.154602225,2.717250976,0.291567456,4.823673442,1.5520063
C2_1_1,15.5745,44.4175,0.2325,13.5525,0.4705,2.396,2.38389827
C2_1_2,15.212,49.2715,0.186,15.4705,0.9275,2.4365,0.68918522
C2_1_3,13.547,38.1075,0.2675,13.6625,0.8865,2.0535,6.1817862
C2_1_4,13.768,43.96,0.406,13.7995,0.4485,2.1555,3.38751591
C2_1_5,14.5305,49.0565,0.2185,15.2045,0.4735,2.5635,1.44121211
C2_1_6,13.589,44.633,0.0835,14.1185,0.382,2.203,1.8547526
C2_1_7,15.195,52.937,0.098,16.539,0.4505,2.299,3.44259623
C2_1_8,14.317,46.771,0.2845,14.4515,0.4175,2.3485,2.03475667
C2_1_9,13.6435,46.378,0.104,14.5045,0.9125,2.4755,1.94103142
C2_1_10,13.5205,47.1525,0.094,14.614,0.6385,2.312,3.57848379
C2_1_11,14.312,45.2695,0.118,14.715,0.713,2.2575,0.85772091
C2_1_12,13.318,43.5665,0.367,13.622,0.494,2.234,1.60478838
C2_1_13,14.7825,47.05,0.094,14.875,0.6855,2.2475,1.32266646
C2_1_14,17.271,46.5635,0.1695,15.043,1.0275,2.356,1.60005689
C2_1_15,12.8295,48.647,0.057,15.782,0.8375,2.304,2.44242539
C2_2_1,18.374,43.0525,0.232,11.6885,0.525,3.123,4.94815433
C2_2_2,19.552,42.929,0.229,12.289,0.521,3.2595,7.99257962
C2_2_3,21.8065,52.622,0.2345,13.182,0.584,3.4665,2.41763553
C2_2_4,18.754,49.348,0.2455,13.691,0.47,3.2595,2.77650221
C2_2_5,17.1475,35.2735,0.222,10.841,0.6015,2.872,6.96729446
C2_2_6,19.821,57.7655,0.3675,12.302,1.5655,4.004,3.53108632
C2_2_7,19.0575,42.7415,0.231,11.9005,0.509,3.2155,6.8556172
C2_2_8,17.972,38.2595,0.2005,11.8725,0.604,2.9155,9.29138855
C2_2_10,21.9345,50.9105,0.2315,13.0945,0.5435,3.108,7.95873383
C2_2_11,18.7855,39.7795,0.212,11.1435,0.5295,3.5255,6.35992176
C2_2_12,20.3445,43.866,0.2295,12.891,0.488,3.242,4.15025084
C2_2_14,17.5685,37.157,0.195,10.9485,0.4535,2.884,4.00473282
C2_2_15,17.1095,38.982,0.2095,10.466,0.518,3.148,7.41239649
C2_3_1,22.0115,47.313,0.2255,12.467,0.8445,3.382,1.85412971
C2_3_2,22.3245,49.525,0.2265,12.628,0.897,3.4195,1.62396768
C2_3_3,18.9105,26.3195,0.207,10.516,0.3185,1.9895,1.96391958
C2_3_4,18.516,36.7835,0.2235,11.4555,0.622,3.182,2.18015866
C2_3_5,21.986,46.0975,0.2765,11.964,0.7975,3.2945,1.94962146
C2_3_6,23.8505,45.6395,0.349,11.4615,2.782,3.5985,2.63312128
C2_3_7,17.239,31.3675,0.251,11.241,0.9405,2.9055,2.06513137
C2_3_8,23.1505,53.048,0.284,13.068,2.1125,3.5665,1.6003764
C2_3_9,21.8415,44.4895,0.245,12.4255,1.4985,3.44,2.31284372
C2_3_10,17.603,34.709,0.224,10.701,0.428,2.7285,2.57820055
C2_3_11,22.6635,43.538,0.22,12.3615,1.1705,3.2145,2.89358939
C2_3_12,27.4905,47.327,0.2705,11.429,3.3175,3.305,4.70722714
C2_3_13,46.2635,49.0215,0.2805,12.3005,5.0525,3.479,1.98731377
C2_3_14,19.9215,48.041,0.232,11.6595,1.0175,3.1855,2.47281571
C2_3_15,22.761,48.2295,0.2375,12.3185,0.7825,3.4955,2.02644209
C3_1_1,12.30722047,29.91183841,0.183622157,7.869146016,0.543245231,4.65670792,0.75690167
C3_1_2,12.72753582,36.61855709,0.177100957,8.049987751,0.59893039,5.804136871,2.26219127
C3_1_3,28.26496026,67.49819671,0.199879024,13.67461045,0.887851807,8.249812862,2.77016987
C3_1_4,13.0425314,27.72055504,0.145180978,8.639377644,0.52681395,5.279321345,3.36959591
C3_1_5,12.21630161,27.10713838,0.151774492,7.835300088,0.487227456,5.050096008,4.03425261
C3_1_6,20.80949137,47.69632646,0.351015406,15.22490306,0.887135422,7.941256827,4.93372907
C3_1_7,18.58475716,43.43084094,0.262339737,13.57680603,0.845367902,11.96962004,4.61698535
C3_1_8,17.65652527,43.10080815,0.236501879,13.48771698,0.850007433,7.263569515,2.31304111
C3_1_9,18.75633172,42.84776168,0.205197902,12.22545676,0.889826971,7.958492283,1.26271653
C3_1_10,17.52607569,40.93591049,0.188881118,11.58115403,0.797686737,7.127995413,2.15336363
C3_1_11,18.77855431,39.32784284,0.208295937,12.68538234,0.744077057,7.043697537,5.32812908
C3_1_12,20.80323251,42.59671062,0.274239601,13.97552692,0.91761537,24.11433672,2.15011473
C3_1_13,19.90967977,40.18215688,0.283412119,13.70574391,0.864478622,7.366769364,2.8191988
C3_1_14,20.20858511,40.04069624,0.236105518,13.5284611,0.826122267,7.492793558,1.70121196
C3_1_15,17.47135976,35.02690011,0.257166447,11.80231204,0.794109364,6.530533079,2.17286812
C3_2_1,14.77003119,43.11554646,0.193924858,10.01053524,0.658985267,5.869270393,1.52207055
C3_2_2,21.60369818,40.30874515,0.237084183,13.78911638,0.911515857,9.525830546,1.25912625
C3_2_3,21.58352881,126.6196258,0.285928588,14.16990918,0.986228896,8.169038349,8.03108721
C3_2_4,22.18345895,81.135048,0.245751144,14.55198425,0.976105353,10.17816347,2.23672063
C3_2_5,24.59807329,76.42532745,0.21169968,14.14309337,1.000530128,10.49052553,2.73053043
C3_2_6,24.87684755,65.8956219,0.508929895,13.73055802,0.85662405,10.04810119,7.26687573
C3_2_7,18.24915091,38.92373791,0.276319286,13.31786095,0.801775588,7.082828428,5.63871692
C3_2_8,20.01334726,40.50887853,0.25752066,14.53109681,0.922890745,7.913382977,1.95857049
C3_2_9,17.29205961,37.05523261,0.213515983,12.66908831,0.813001558,7.037943354,6.05822439
C3_2_10,19.47889729,43.58037636,0.255560087,13.92402645,0.946073332,7.625585258,7.5636624
C3_2_11,19.50350409,49.50356644,0.241482357,14.01725822,0.963948954,7.545045794,7.10651794
C3_2_12,17.29856405,33.74892157,0.233371365,12.32199075,0.815200244,5.711853418,1.72277832
C3_2_13,19.46095894,35.91730653,0.233309542,13.76591397,1.045505076,7.28673629,2.29496137
C3_2_14,17.97654155,36.68619082,0.249912603,12.55801603,0.856650407,7.135497773,7.19838632
C3_2_15,19.11102885,38.60949622,0.209118689,13.37548085,0.902525,7.448327729,1.91185046
C3_3_1,7.879422528,12.62740069,0.09591554,5.226380808,0.384924867,3.660905196,3.34782893
C3_3_2,7.891257732,12.71734802,0.091142523,5.341284749,0.417869348,3.839678274,5.08807029
C3_3_3,7.579150166,13.18854163,0.108150686,5.222013198,0.365827226,3.926149158,1.65727255
C3_3_4,8.098627095,13.72079098,0.095489026,5.409223835,0.418203373,4.322176743,11.3495064
C3_3_5,8.325982616,14.83821746,0.08555271,5.957513928,0.392507712,4.200423778,9.12385778
C3_3_6,11.75946141,18.7333531,0.138204802,7.732006699,0.431337861,5.226261284,3.33441405
C3_3_7,9.001808382,13.78577081,0.142294986,5.70351662,0.351939098,4.157924592,1.40825369
C3_3_8,9.246023419,15.28136433,0.126068588,5.424335719,0.421334645,4.758018827,8.02947917
C3_3_9,7.149002007,11.4695275,0.110881978,4.721915697,0.345201425,3.299548627,3.4909486
C3_3_10,7.800291384,12.62260019,0.084861348,5.252914835,0.394576763,3.699729444,11.6099775
C3_3_12,9.856240756,37.4399996,0.113016531,5.138893384,0.435031827,6.439013227,8.33619249
C3_3_13,8.265366,15.17070688,0.103181333,5.825581529,0.434492475,4.236586869,5.14429551
C3_3_14,7.965613192,14.07762231,0.093411468,5.660504622,0.360407303,3.872042709,12.1021853
C3_3_15,7.465026836,12.36121069,0.081304865,4.997883171,0.335658218,3.552463864,6.80823859
D1_1_1,18.6205,39.942,0.222,14.1915,0.856,2.7835,3.09074293
D1_1_2,17.2545,33.143,0.238,12.843,1.0285,2.8275,3.4245826
D1_1_3,16.8655,50.816,0.7605,15.7335,0.697,3.0095,6.45916733
D1_1_4,18.5985,45.1315,0.335,14.1275,0.631,3.081,2.52562148
D1_1_5,18.671,48.634,0.228,14.2525,0.56,3.182,2.59008023
D1_1_6,17.625,44.5715,0.205,13.5995,0.626,3.037,3.2900164
D1_1_7,15.48,49.1105,0.211,14.392,1.021,3.044,1.18214422
D1_1_8,17.431,43.037,0.226,13.355,0.5565,3.7365,1.52138023
D1_1_9,15.7755,51.0255,0.2175,14.995,1.118,3.056,2.72126498
D1_1_10,17.6885,53.2705,0.579,15.9855,1.501,25.3355,4.57951982
D1_1_11,15.9785,49.5105,0.2105,14.746,0.7175,3.0495,3.12807097
D1_1_12,16.319,48.6695,0.221,15.0615,0.945,3.329,2.33516884
D1_1_14,,,,,,,2.15060592
D2_1_1,12.41843651,33.29085246,0.139132359,10.86825692,0.727957757,4.44532587,0.65341443
D2_1_2,12.85422359,35.27796572,0.154826949,11.69630876,0.840726437,4.844188435,0.60383613
D2_1_3,12.44285239,34.88029333,0.154807156,11.37489034,0.74738952,5.312916419,0.47987713
D2_1_4,13.16753889,35.43107566,0.162818719,11.82163771,0.734622053,4.529090647,0.66220949
D2_1_5,13.66652052,38.05676749,0.149669921,12.32485432,0.788414665,4.811589623,0.44207692
D2_1_6,11.64740526,36.03517718,0.124822092,11.29393847,0.708542034,4.32761966,1.80361269
D2_1_7,14.69089386,38.4160144,0.155986061,12.0629836,0.743356628,4.531438095,1.57654778
D2_1_8,8.10553112,23.96718608,0.123299029,7.464733562,0.430944027,3.651434097,0.80089519
D2_1_9,7.599978708,22.36266853,0.102978765,7.303147644,0.395477887,3.401061116,0.65425885
D2_1_10,9.225829352,26.17418505,0.132535811,8.133537334,0.472205402,3.714532161,0.85140201
D2_1_11,9.635361899,29.38912029,0.134131777,9.007784173,0.515647766,4.353902394,1.72878365
D2_1_12,7.93061986,22.34063139,0.116860583,6.952920908,0.411909857,3.448058119,2.24601036
D2_1_13,10.699322,26.86398502,0.141638959,8.386700795,0.5441352,4.263103314,1.67423555
D2_1_14,9.73807332,25.17356833,0.151834435,8.226912936,0.516978994,3.885907615,2.75630899
D2_1_15,7.466959129,21.24166488,0.108317182,6.918274712,0.402069571,3.231210938,2.49807364
D2_2_1,9.484385292,20.00165387,0.121472041,7.344731149,0.468817965,3.809459327,1.4200936
D2_2_2,8.722577415,26.3062534,0.091167169,7.392433982,0.507633414,3.774078657,1.5323692
D2_2_3,9.70807731,23.37912442,0.124329571,8.026352726,0.467479075,4.009120511,1.50317172
D2_2_4,9.576090748,21.7060993,0.137735721,7.677709104,0.44013009,3.859838348,1.47309498
D2_2_5,10.08825726,23.01882512,0.134983415,8.107113798,0.500172381,4.121465496,2.45955994
D2_2_6,10.14763778,22.87123808,0.134892222,8.370337845,0.49451656,4.25951052,2.92013651
D2_2_7,11.35953388,25.77093889,0.127492506,9.040574885,0.576508354,4.632869884,1.18911426
D2_2_8,9.529759757,21.86052476,0.140524192,7.419461973,0.491302518,3.786100087,1.30773091
D2_2_9,12.02991889,25.40447056,0.174260983,8.645005092,0.570207352,4.084430123,0.88994066
D2_2_10,9.344059674,21.01451869,0.11851645,7.308301657,0.453407078,3.448368119,2.50306224
D2_2_11,10.76366764,23.51694767,0.136346635,7.978044016,0.524420483,3.990920437,1.56808546
D2_2_12,9.886017675,21.45572993,0.106278743,7.671991756,0.498710786,4.06659021,3.32594368
D2_2_13,9.179726576,19.78525298,0.118434283,7.051732529,0.448507644,3.597392878,3.01611147
D2_2_15,9.931353084,21.52938843,0.14458623,7.393155351,0.521754845,3.845816713,1.69486375
D2_3_1,14.20948346,28.64754923,0.20324733,9.472652047,0.679347667,7.21803297,2.08147617
D2_3_2,12.16957542,27.39106179,0.141156791,9.536926702,0.645828057,7.056558534,1.07558705
D2_3_3,12.89664576,29.35209991,0.128832489,10.71997042,0.642750921,7.404502701,1.55189725
D2_3_5,13.33318545,30.354547,0.129149642,10.65473045,0.697606315,7.507104737,1.32805053
D2_3_6,11.97853919,28.1716441,0.123508764,9.417450831,0.628481669,6.673360109,2.54088759
D2_3_7,12.1540303,27.11253862,0.132400829,9.803674973,0.687025088,6.722138427,2.06873179
D2_3_8,13.07697505,29.3885367,0.149984616,10.50516124,0.696050305,7.441083787,3.15215381
D2_3_9,13.37962893,29.98059039,0.141077174,10.2556197,0.67645297,7.309854651,3.14769871
D2_3_10,12.7311704,28.01729627,0.145627771,10.05021811,0.744861025,7.042038983,2.69951074
D2_3_11,12.50696788,29.54908168,0.130407432,10.0843515,0.651268057,7.486250539,2.09414755
D2_3_12,12.59820273,29.34006,0.130958277,10.20875019,0.65010853,7.367152516,2.58460343
D2_3_13,12.06713055,26.45429373,0.142106703,9.517603716,0.697146032,6.839868625,3.27699339
D2_3_14,12.51488869,28.06098268,0.135752836,9.736554732,0.68956875,7.087853822,1.6355821
D2_3_15,12.751281,28.47249555,0.130578677,10.16577399,0.687660382,7.352636333,5.45810878
D3_1_1,10.549,38.5585,0.146,10.777,0.752,3.4455,1.43685992
D3_1_2,11.561,34.011,0.0485,10.831,0.3625,1.908,1.62929226
D3_1_3,11.231,39.5325,0.1425,11.616,0.4325,2.37,2.91605212
D3_1_4,11.9375,37.0095,0.15,11.553,0.396,2.351,5.30445715
D3_1_5,11.2185,40.6375,0.1435,11.5785,0.573,2.4185,2.585736
D3_1_6,11.3215,38.0505,0.147,11.634,0.415,2.37,1.54121891
D3_1_7,13.3265,37.378,0.078,12.105,0.399,2.112,1.82880064
D3_1_8,12.344,40.6445,0.159,12.0105,0.7255,2.51,2.99636237
D3_1_10,11.2805,31.2595,0.047,10.338,0.3395,1.885,2.28637726
D3_1_11,12.1385,42.4135,0.1515,12.218,0.6595,2.5395,1.3300767
D3_1_12,22.823,91.732,0.175,19.5815,1.101,3.7365,1.56524699
D3_1_13,10.646,38.938,0.138,11.045,0.408,2.3625,1.17542882
D3_1_14,11.6035,39.479,0.1455,11.5145,0.4055,2.3865,2.61787657
D3_1_15,12.2275,46.932,0.158,12.364,0.4845,2.7885,2.85551429
D4_1_1,18.6525,52.6435,0.2615,17.5685,0.483,3.5435,2.75678141
D4_1_2,18.6065,51.8715,0.249,17.561,0.5955,3.417,1.33712878
D4_1_3,17.6505,51.8975,0.2385,18.3025,0.515,3.428,0.98381214
D4_1_5,17.6215,48.3355,0.2365,16.927,0.4555,3.7635,0.90687228
D4_1_6,18.72,61.6825,0.2735,18.8715,1.0365,4.494,1.35801261
D4_1_7,18.1815,55.608,0.2465,17.91,0.6445,3.7685,1.15114423
D4_1_8,17.843,58.883,0.255,17.6665,0.496,3.6415,1.87561201
D4_1_9,18.961,48.724,0.248,17.3845,0.453,3.386,1.17644645
D4_1_10,17.508,46.059,0.2775,16.54,0.471,6.853,2.21556408
D4_1_12,17.7935,56.7075,0.239,18.1525,0.5535,3.5415,1.08396668
D4_1_13,16.7535,47.521,0.223,15.8985,0.4605,3.391,1.58027404
D4_1_14,18.7355,53.2295,0.238,17.9415,0.4735,3.593,0.91136081
D4_1_15,18.5765,57.4125,0.258,18.6605,0.5505,3.816,0.78265525
D5_1_1,22.044,32.6855,0.1505,14.1175,0.931,2.6245,8.19560365
D5_1_2,20.1555,42.185,0.1265,13.3305,0.763,2.734,3.0191563
D5_1_3,18.906,44.7735,0.102,13.5815,0.4685,2.4975,4.93434492
D5_1_4,19.965,30.42,0.1315,14.1225,0.874,2.2615,4.15276071
D5_1_5,20.885,34.7425,0.131,13.826,0.8955,2.419,4.0119959
D5_1_6,21.647,46.6065,0.1425,14.0735,0.533,2.704,4.3347593
D5_1_7,22.332,35.1625,0.158,14.7815,0.966,2.4995,4.52488857
D5_1_8,22.3035,37.2935,0.156,15.117,0.9975,2.537,5.5733946
D5_1_9,23.433,37.8175,0.1585,15.6485,1.041,2.491,3.71103333
D5_1_10,23.5655,39.4345,0.1665,16.6175,1.095,2.6255,3.16642247
D5_1_11,23.9155,38.437,0.174,16.1565,1.068,2.5275,1.07784389
D5_1_12,24.0475,41.5385,0.1705,16.9495,1.066,2.631,2.28595972
D5_1_14,22.8055,38.832,0.161,83.2245,1.0815,2.734,1.55952839
D5_1_15,21.2925,29.624,0.141,13.61,0.9355,2.372,6.69047406
D5_2_1,18.245,48.174,0.1375,16.824,0.616,2.3175,2.74705745
D5_2_2,18.693,46.4815,0.1435,16.0105,0.61,2.3695,9.9239627
D5_2_3,19.1205,51.0105,0.2315,18.348,1.248,2.57,6.81500013
D5_2_4,18.052,43.6205,0.1325,15.686,0.5865,2.2175,5.27706666
D5_2_5,19.0145,47.139,0.134,15.9575,0.5795,2.4575,4.01323753
D5_2_6,16.6825,38.3185,0.106,13.6665,0.507,2.1225,7.81164254
D5_2_8,18.9075,46.6565,0.134,15.8655,0.843,2.382,3.25343155
D5_2_9,19.102,47.6485,0.147,16.503,0.878,2.4805,7.53742623
D5_2_10,18.71,44.6535,0.1375,16.505,0.8245,2.2825,3.86161792
D5_2_11,18.7825,43.4375,0.1335,15.849,0.828,2.3545,8.07512872
D5_2_12,17.8685,44.508,0.129,15.0485,0.612,2.3755,9.41963296
D5_2_14,19.2845,48.3755,0.141,16.164,0.6475,2.503,5.73565318
D5_2_15,19.275,45.736,0.1415,16.518,0.7215,2.2925,11.4314107
D6_1_1,14.613,43.785,0.298,14.4075,0.9495,2.6185,6.70535024
D6_1_2,13.38,42.5955,0.279,13.395,0.67,2.602,3.06641411
D6_1_3,13.367,42.394,0.2895,13.341,0.7545,3.0475,3.25015117
D6_1_4,14.2505,49.743,0.294,14.4855,0.871,2.7185,3.41579536
D6_1_5,14.03,42.6615,0.2875,13.489,0.7355,2.7065,1.62641927
D6_1_6,14.133,43.444,0.295,14.3325,0.801,2.534,7.1263649
D6_1_7,14.515,35.569,0.294,12.711,1.0805,2.4805,2.07730225
D6_1_8,12.5855,43.297,0.2875,13.7275,0.746,2.4705,3.01600937
D6_1_9,13.3825,48.393,0.293,14.6885,0.766,2.7215,8.52748965
D6_1_10,14.4515,45.249,0.297,14.2495,0.757,2.589,3.07703019
D6_1_11,13.493,43.905,0.284,13.4435,0.815,2.6155,1.71295371
D6_1_12,14.4645,42.2415,0.2855,13.5245,0.739,2.6535,2.47528879
D6_1_13,13.684,40.428,0.2755,13.2275,0.7715,2.4735,3.89301585
D6_1_14,14.573,40.4315,0.3,13.3415,0.7025,2.9075,1.62482696
D6_1_15,14.212,46.361,0.2895,14.684,1.222,2.853,3.45660386
E1_1_1,21.49,45.794,0.2135,18.622,1.33,2.129,1.07059443
E1_1_3,22.374,66.6025,0.2035,20.3715,0.997,2.994,5.86022787
E1_1_4,24.551,60.6685,0.3,20.867,0.666,3.316,5.03214112
E1_1_5,22.2325,66.1505,0.2425,19.5705,1.07,3.3235,2.30807107
E1_1_6,23.722,63.2245,0.3,21.791,0.66,3.178,2.02384006
E1_1_7,20.521,62.4175,0.1955,19.9655,1.015,2.6625,10.2252121
E1_1_8,20.6535,62.631,0.179,19.06,0.9335,2.7655,3.69559448
E1_1_9,20.976,65.8165,0.175,20.666,1.0925,2.8795,3.13585735
E1_1_10,23.2305,57.6895,0.3075,20.4945,0.8205,3.101,1.68870064
E1_1_11,19.5975,59.6965,0.145,19.439,0.9,2.4655,2.03966979
E1_1_12,18.6845,61.057,0.164,18.454,0.937,2.5685,2.79884659
E1_1_14,21.8475,78.227,0.219,22.657,1.2775,3.248,11.424152
E1_1_15,18.327,56.8335,0.181,19.5355,1.2615,2.655,4.74767186
E1_2_1,16.414,49.261,0.209,14.59,0.463,3.03,1.15542421
E1_2_2,13.6015,51.5525,0.2835,9.7825,0.3645,2.3245,0.86616983
E1_2_3,14.435,48.559,0.172,13.5955,0.3835,2.6285,1.39809808
E1_2_4,15.2555,45.6345,0.192,13.5545,0.401,2.522,8.20584125
E1_2_5,16.4305,54.398,0.197,15.246,0.425,2.72,1.10455522
E1_2_6,17.7955,61.123,0.2275,15.089,1.0475,4.2365,1.14393954
E1_2_7,16.7685,54.0255,0.2005,14.9055,0.444,2.805,1.69337159
E1_2_8,15.9905,49.038,0.1895,14.872,0.5825,2.738,5.73956907
E1_2_9,15.034,49.894,0.1675,13.812,0.3615,2.709,2.84290919
E1_2_10,14.125,46.9275,0.1615,13.1635,0.3725,2.6315,2.38185324
E1_2_11,15.547,49.518,0.1875,15.254,1.1585,3.0285,1.70061617
E1_2_12,22.0615,66.1,0.275,18.231,0.7175,3.9855,1.61072866
E1_2_13,19.954,69.2425,0.2625,19.159,1.095,3.9725,4.66326434
E1_2_14,15.509,47.1375,0.186,13.669,0.3715,2.7785,1.12318879
E1_2_15,16.614,56.292,0.1765,15.8885,0.478,3.223,2.63548827
E1_2_16,15.5575,52.003,0.1785,14.6975,0.634,2.839,2.2543148
E1_3_1,20.672,56.47,0.166,19.1925,0.753,2.5255,1.05125752
E1_3_2,20.1235,59.019,0.24,18.74,1.0775,2.9065,2.95721996
E1_3_3,21.073,75.33,0.287,21.5685,0.9725,3.473,3.83958773
E1_3_4,20.589,63.5725,0.2875,19.5075,0.795,2.9855,4.64433095
E1_3_5,22.1125,64.643,0.2865,20.315,1.171,3.0085,4.0350139
E1_3_6,21.3885,63.646,0.2145,20.1725,1.023,2.7005,1.81668113
E1_3_7,19.043,62.588,0.257,18.894,0.583,2.878,5.89870751
E1_3_8,20.859,60.1055,0.188,19.672,0.9355,2.595,2.60062611
E1_3_9,19.3465,63.7845,0.2475,19.724,0.611,2.894,1.39874183
E1_3_10,21.636,64.351,0.1725,20.668,0.8405,2.7315,1.68013707
E1_3_11,19.4015,67.663,0.2405,20.021,0.6705,3.0995,1.28263163
E1_3_12,21.018,74.868,0.26,20.8915,1.235,3.351,0.66807115
E1_3_13,21.4065,62.2155,0.2475,19.4895,0.8775,3.031,5.34901738
E1_3_14,21.9095,60.479,0.1825,19.6225,0.8585,2.6755,0.71922247
E1_3_15,19.83,76.9125,0.26,20.904,0.983,3.4235,1.16800526
E1_3_6d,21.305,53.6755,0.205,18.6165,1.05,2.415,4.31359254
E2_1_1,21.12,48.827,0.2015,19.061,0.6695,3.053,7.38994552
E2_1_2,21.9995,63.5375,0.2325,21.554,0.5575,3.4725,4.26503166
E2_1_3,21.6685,50.0305,0.2245,18.68,0.8165,3.014,4.76498164
E2_1_4,23.503,51.6065,0.2415,19.9285,0.747,3.1875,4.1639593
E2_1_5,22.367,47.9655,0.244,18.479,0.7845,3.033,1.11159356
E2_1_7,22.705,50.3705,0.268,19.1855,0.5515,3.691,1.32375669
E2_1_8,22.257,51.806,0.234,20.263,0.9325,3.1145,0.51369813
E2_1_9,20.8515,53.7115,0.1195,21.0235,1.359,2.749,4.71523518
E2_1_10,20.6425,51.828,0.108,19.896,1.3045,2.5945,4.20438344
E2_1_11,21.691,49.0875,0.145,19.8595,1.3285,2.4565,0.59229868
E2_1_12,22.6935,48.652,0.1635,20.1645,1.3325,2.552,1.65755708
E2_1_13,22.272,55.964,0.272,20.2145,0.58,3.2085,1.29837407
E2_1_14,23.372,51.153,0.1845,19.742,1.276,2.7,1.60175865
E2_1_15,24.734,57.5495,0.28,20.1305,0.589,3.562,2.59010553
E2_2_1,14.291,60.778,0.195,13.03,0.3895,2.732,0.81161576
E2_2_2,23.256,53.129,0.2545,16.2935,1.207,3.0695,1.28070683
E2_2_3,23.464,55.4665,0.252,17.4975,1.452,3.2085,0.4774581
E2_2_4,22.4485,57.7615,0.267,18.4775,1.1725,3.523,1.32292036
E2_2_5,15.45,39.5235,0.2925,8.2275,0.307,2.45,2.09092202
E2_2_6,17.8655,72.3345,0.355,10.5765,0.4555,2.762,1.26774612
E2_2_7,25.0855,59.366,0.29,17.861,1.507,3.354,2.73258433
E2_2_8,22.8155,55.656,0.283,17.9905,0.653,3.646,1.23709359
E2_2_9,19.7795,49.611,0.222,15.7175,1.25,2.94,1.29825364
E2_2_10,20.4805,51.212,0.227,15.293,1.146,3.172,1.05268791
E2_2_11,21.473,52.6515,0.2705,17.9425,1.1635,3.4805,1.09382854
E2_2_12,23.157,59.487,0.256,16.783,0.6305,3.3205,1.3743497
E2_2_13,21.36,51.117,0.2365,15.8645,1.1205,2.964,0.60128121
E2_2_14,28.7625,54.0155,0.2465,16.2595,1.3775,3.7755,2.27542339
E2_2_15,25.1175,54.74,0.283,16.8195,1.189,3.2315,0.30751923
E3_1_1,16.482,44.095,0.2185,17.2,0.7345,2.6665,4.00362416
E3_1_2,18.4945,58.3865,0.2505,19.5545,1.1125,3.3405,1.50549623
E3_1_3,19.609,55.5985,0.254,20.4425,0.65,2.99,5.7519008
E3_1_4,19.414,59.992,0.264,20.0465,0.7775,3.355,1.38968652
E3_1_5,19.5835,53.3995,0.2515,20.455,0.6345,2.982,0.6920387
E3_1_6,17.919,43.41,0.239,18.1255,0.993,2.62,4.42900562
E3_1_7,18.03,51.082,0.235,18.7565,0.617,2.9035,2.24238862
E3_1_8,18.649,59.55,0.2505,19.5935,0.719,3.3295,4.13709612
E3_1_9,16.388,49.3615,0.215,17.6635,0.713,2.817,1.45303041
E3_1_10,17.646,49.6575,0.237,18.1555,0.814,2.9725,3.04831955
E3_1_11,18.444,44.849,0.245,18.179,1.175,2.7015,0.88716836
E3_1_12,18.757,52.1825,0.246,19.1035,0.8255,2.917,1.8003643
E3_1_13,18.749,52.361,0.2435,19.748,0.6505,2.9135,1.88565463
E3_1_14,18.6955,48.23,0.2435,19.151,0.7425,2.8055,0.39901409
E3_1_15,19.478,55.1765,0.251,19.7585,0.765,3.1475,5.00402622
E3_2_1,19.8645,58.975,0.2245,17.923,0.4555,3.212,1.9901615
E3_2_2,21.48,69.391,0.2935,19.34,0.5485,3.575,0.64213034
E3_2_3,17.5755,54.8635,0.204,16.668,0.507,3.0085,0.83160815
E3_2_4,20.409,65.959,0.244,18.3525,0.662,3.617,1.04412938
E3_2_5,18.4535,61.9735,0.219,17.078,0.438,3.373,1.16820574
E3_2_6,18.9945,51.555,0.254,16.485,0.4285,3.0695,1.8362848
E3_2_7,19.781,60.224,0.2205,17.8735,0.5015,3.2655,4.3610527
E3_2_8,18.683,65.854,0.2155,17.9185,0.5005,3.46,2.11031329
E3_2_9,18.313,49.101,0.194,16.1235,0.4355,2.829,3.10096413
E3_2_10,18.865,53.185,0.2025,17.076,0.4615,3.085,1.34289804
E3_2_11,19.451,57.1095,0.215,17.818,0.7715,3.213,0.87478055
E3_2_12,21.8315,64.311,0.2905,19.9535,1.1855,3.474,1.24667498
E3_2_13,19.8155,61.311,0.2195,18.8285,0.5505,3.3685,1.4128532
E3_2_14,19.465,59.5235,0.2205,17.42,0.5135,3.2665,1.78021672
E3_2_15,21.1975,65.4025,0.24,19.071,0.5135,3.479,1.34587289
E4_1_1,18.332,52.6535,0.2205,15.8625,0.451,2.829,0.77961254
E4_1_2,19.0095,58.434,0.222,16.9145,0.493,3.204,0.70075456
E4_1_3,19.4705,59.1315,0.242,16.6385,0.515,3.167,2.19838191
E4_1_4,16.9555,55.204,0.2035,15.2665,0.5015,2.9675,1.9980857
E4_1_6,19.27,46.42,0.216,14.539,0.511,2.894,1.85866869
E4_1_7,18.8935,57.103,0.232,16.1165,0.4685,3.179,1.19227289
E4_1_8,19.3745,59.453,0.2545,16.961,0.926,3.283,1.9076631
E4_1_9,17.917,52.9105,0.217,15.765,0.4265,2.899,0.89108498
E4_1_10,19.754,57.4635,0.2355,16.7035,0.5265,3.244,1.22036853
E4_1_11,17.618,60.674,0.219,15.6095,0.6785,3.328,1.7132571
E4_1_12,19.5715,60.578,0.232,16.8205,0.466,3.1865,1.63599715
E4_1_13,17.282,51.824,0.2105,15.5545,0.629,3.008,0.63264821
E4_1_14,18.5215,57.431,0.2225,16.126,0.4905,3.1555,1.39577132
E4_1_15,19.6625,58.691,0.2405,16.9565,0.6785,3.2445,2.22277218
E4_1_16,19.116,53.0455,0.322,15.3665,0.4305,2.931,0.76860386
E4_2_1,17.4015,49.038,0.179,12.616,0.378,2.7155,5.80382255
E4_2_2,17.891,48.349,0.199,14.634,1.03,2.702,15.6538095
E4_2_3,16.901,51.245,0.1845,13.125,0.452,2.775,1.38006103
E4_2_4,18.207,50.2945,0.18,13.1095,0.451,2.6415,1.40292726
E4_2_5,16.258,52.6845,0.179,13.0955,0.4325,2.92,8.5226493
E4_2_6,15.4685,51.076,0.195,12.316,0.667,2.749,3.62808599
E4_2_7,16.9115,47.7365,0.179,12.518,0.3575,2.612,4.00244019
E4_2_8,16.448,48.305,0.178,12.8495,0.6055,2.737,3.83780196
E4_2_9,15.8965,53.3875,0.1775,12.66,0.5525,2.834,2.0471743
E4_2_10,16.8855,51.8895,0.186,13.922,0.82,2.7885,3.33295367
E4_2_11,17.8565,46.4015,0.199,14.505,1.032,2.686,0.85418091
E4_2_12,17.772,49.395,0.193,13.519,0.9225,2.677,2.50460064
E4_2_13,16.5755,49.7515,0.194,13.678,0.7095,2.539,2.16205436
E4_2_14,16.596,49.858,0.1735,13.6615,0.9805,2.7205,2.32246065
E4_2_15,16.7975,46.4735,0.1855,13.9655,0.983,2.655,3.18853951
E5_1_1,15.2185,28.8465,0.198,7.2385,0.333,5.0645,3.25271243
E5_1_2,15.9555,32.993,0.1735,8.054,0.412,3.1695,7.04415637
E5_1_3,14.5595,29.998,0.1495,7.1895,0.2395,2.9145,4.24215058
E5_1_4,17.2085,37.962,0.194,9.043,0.4385,3.2515,2.70970801
E5_1_5,16.659,33.2505,0.1825,8.235,0.233,3.2205,11.2028313
E5_1_6,15.2435,27.0915,0.1675,7.4415,0.514,2.6525,2.24636839
E5_1_7,16.6585,33.8105,0.1925,8.1335,0.226,2.9585,9.36123363
E5_1_8,15.2895,30.6085,0.1755,7.239,0.2655,2.8755,4.48405712
E5_1_9,17.9885,34.6525,0.1965,8.6135,0.254,3.033,4.47168245
E5_1_10,17.443,38.639,0.197,9.1795,0.3835,3.1865,1.72144927
E5_1_11,17.103,35.545,0.189,8.501,0.449,3.0165,1.23493703
E5_1_12,17.404,37.7535,0.192,9.019,0.4685,3.277,9.07289648
E5_1_13,17.4115,35.7215,0.208,9.309,0.601,3.0815,7.2401311
E5_1_14,17.591,37.8445,0.1945,8.733,0.229,3.075,4.04144274
E5_1_15,18.107,39.915,0.1865,9.3375,0.2725,3.142,8.14679163
E5_1_16,17.592,36.7235,0.1975,8.9795,0.435,3.1835,5.42978468
E6_1_5,12.13565274,20.77964927,0.273270638,7.734588809,0.509794317,4.186300205,2.27213762
E6_1_6,12.5884386,19.73196347,0.253238211,7.259897734,0.480572467,4.03223661,2.54840314
E6_1_7,12.41531704,20.38770803,0.248992713,7.490655826,0.523574776,4.189460455,4.32821903
E6_1_8,14.43223693,23.59928429,0.297530096,7.8040418,0.600671324,4.628524903,1.19641036
E6_1_9,15.87502556,25.9956104,0.321482349,9.14124192,0.768576732,5.445322745,3.92951746
E6_1_10,17.29164863,29.19218196,0.334823968,9.629001548,0.80288066,5.738606945,6.02009035
E6_1_11,17.56976344,27.42531558,0.387946255,9.526194859,0.780922363,4.562991646,3.35163018
E6_1_12,12.58922548,19.68500184,0.232232546,6.962410662,0.527652715,3.979479408,4.18089096
E6_1_13,13.83594838,23.445427,0.328209743,7.53260435,0.619917438,4.39791231,2.5704992
E6_1_14,11.77984743,18.27229475,0.245279039,6.288215239,0.543460917,3.670521316,3.26890852
E6_1_15,18.07815756,27.80238849,0.346191656,9.447177297,0.751056998,5.786351884,3.91415984
E6_2_5,25.29789271,55.40933212,0.937333093,5.671893516,0.594443984,6.737810945,19.0540675
E6_2_6,22.6563078,66.12097386,0.54718983,6.314910568,0.612358133,7.9859289,14.4963765
E6_2_7,28.50805118,57.01386035,0.833720406,13.01084234,0.960348433,7.449774311,5.40881632
E6_2_8,24.06624836,68.04263295,0.818315095,6.443713917,0.507761689,7.227294127,17.4383453
E6_2_9,21.31448494,62.36993145,0.606293271,5.693881912,0.574140867,6.750853321,8.96830379
E6_2_10,22.85892836,51.38888675,0.791358439,5.143171158,0.572344809,5.734946549,5.1858526
E6_2_11,23.6068958,40.74307403,0.54113861,10.2508234,0.81181302,6.278292671,16.4319692
E6_2_12,29.47242494,51.06269913,0.810887982,11.62630043,0.825943794,6.977147255,8.67977539
E6_2_13,24.24230369,70.6096528,0.7568187,6.979668417,0.606419808,8.163906864,13.9920023
E6_2_14,32.16755979,56.93416193,1.114929918,6.519166466,0.668868054,7.188965329,17.3927396
E6_2_15,34.95260991,61.03603178,1.33923322,6.642832309,0.715108331,7.535689127,15.3950345
E6_2_16,23.89981237,45.28896165,0.635495246,10.56164514,0.877321121,6.506239939,1.5181785
E7_1_5,31.84066813,10.93839398,0.211591197,4.463661553,0.479090165,5.674466693,5.72107581
E7_1_6,36.96910309,13.07906084,0.201477553,5.887211468,0.553402278,6.317977612,5.43271814
E7_1_7,35.61836927,14.59725439,0.143823339,6.182255287,0.559147765,6.768325983,11.2438111
E7_1_8,36.39142639,12.34386467,0.160780351,5.868019854,0.554275842,6.69675681,14.1728544
E7_1_9,35.31977856,12.4397693,0.155549489,5.190300193,0.540744115,6.338687214,6.73847658
E7_1_10,37.19684123,16.58326089,0.133657958,5.91668294,0.620475432,7.056552809,8.81256465
E7_1_11,37.74982718,11.23861814,0.177081729,4.331361233,0.486392237,7.046191195,6.87017432
E7_1_12,31.63328901,9.31913337,0.489948258,4.057446552,0.415868811,5.239094537,4.56409357
E7_1_13,31.60674417,19.38226791,0.140187963,4.133017439,0.474101892,5.951013344,8.08756718
E7_1_14,41.3971453,9.663232654,0.161944799,4.99540448,0.544865955,6.513357423,2.29500721
E7_1_15,44.85223348,8.113639904,0.625578413,4.04227424,0.510945835,6.423496499,16.4390904
E8_1_5,31.29905419,30.24142734,0.330392795,7.210416123,0.9694245,3.595966298,2.96926041
E8_1_6,18.76073204,26.6254597,0.289658691,6.051706353,0.727912074,3.172479598,1.51328592
E8_1_7,17.00638711,28.47389828,0.323465277,6.630965905,0.903752024,3.474447319,10.9567105
E8_1_8,19.7622723,31.10207743,0.304645231,7.600213561,0.806869469,3.744484727,4.66316004
E8_1_9,16.94119857,28.75966587,0.309231288,7.217020918,0.974549599,3.479454613,1.58708779
E8_1_10,19.1008292,29.71615637,0.320628739,7.303073523,1.057498939,3.71183499,2.45889122
E8_1_11,11.77882892,19.11883359,0.212964652,4.668113202,0.126680176,0.346884697,7.06227158
E8_1_12,15.50883516,25.11609615,0.260994482,6.067984218,0.706233201,2.900576513,2.96737829
E8_1_13,16.70012718,27.17103332,0.241041458,6.428552335,0.680255391,3.076031273,3.12595191
E8_1_14,21.06344679,36.62785551,0.358371113,8.523489381,1.038128526,4.632650847,3.96478647
E8_1_15,16.12220077,26.37032364,0.281496424,6.352186648,0.835958579,3.132097079,3.55238622
F1_1_6,12.74097259,15.26695842,0.229835354,4.158223196,0.352030042,3.234654043,5.58425242
F1_1_7,20.2726249,23.7236629,0.380026878,6.066967368,0.599220478,4.920620477,0.37251712
F1_1_8,15.33685676,16.75789783,0.290779979,4.377452879,0.155683041,1.019223342,2.919461
F1_1_9,14.16965927,20.99377326,0.261993976,5.602028061,0.483733698,4.372868301,10.4654534
F1_1_10,13.64222716,18.59102656,0.17483901,4.902751916,0.401025967,3.626729891,6.8343158
F1_1_11,12.58745467,15.76463397,0.249147317,4.151543032,0.325992957,2.950079629,2.67242294
F1_1_12,16.67046961,17.53951121,0.282653932,4.523284271,0.439724443,3.445918011,3.94672949
F1_1_13,16.00372731,16.60717364,0.30887353,4.346378408,0.384586586,3.428049274,2.31724857
F1_1_14,16.49693297,18.39388924,0.270074337,4.955806318,0.120920223,1.780702674,4.58188453
F1_1_15,13.88154507,16.49515822,0.314205469,4.133207603,0.067138932,0.355310623,3.55414971
F1_2_5,12.51621535,21.26129609,0.262466433,5.412369902,0.340954947,6.229014546,5.46914739
F1_2_6,16.02983461,20.41035909,0.244655227,6.403493828,0.44782824,5.646170873,2.91730113
F1_2_7,17.50752158,23.11431293,3.146472722,6.113767634,0.412239161,5.877704355,6.51534097
F1_2_8,11.78789948,19.86097978,0.140428474,5.357038545,0.358283138,5.276381984,4.61811753
F1_2_9,16.77827007,23.07969375,0.200860222,6.97904455,0.470119077,6.251512879,5.35252904
F1_2_10,17.26247144,22.24970265,0.182097844,6.85340282,0.464483584,6.23481292,4.52771354
F1_2_11,17.10032326,22.44315233,0.203509544,6.835804281,0.40274501,5.833116659,3.44456462
F1_2_12,18.29005109,23.30556724,0.206396563,6.912589886,0.460294298,6.203660091,8.89802932
F1_2_13,19.13461498,24.38885356,0.250732636,7.012057628,0.510021296,6.14130365,5.69708347
F1_2_14,17.32496517,22.63917807,0.242317831,6.556903244,0.448567466,5.980371193,4.25619949
F1_2_15,16.09462348,20.95687255,0.220093988,5.90172667,0.4450582,5.336135095,4.47511946
F1_3_5,20.06008019,27.99146817,0.261628235,11.57368599,0.742040149,6.150636469,3.49588824
F1_3_6,21.74563851,27.91367826,0.238671236,11.30526886,0.720479693,6.427896404,0.77031341
F1_3_8,21.98433581,27.37291366,0.385448244,11.36966486,0.802212211,6.391230817,5.16608004
F1_3_9,20.63931555,27.38416546,0.241349886,10.99385689,0.779618746,6.307308213,2.52852792
F1_3_10,19.63913461,24.21397783,0.237045637,10.16984694,0.792729799,5.812093626,3.58456848
F1_3_11,16.81479031,22.36350782,0.20439546,9.102850404,0.711811009,5.220838938,1.27443951
F1_3_12,21.09703156,28.14821845,0.257237009,11.762491,0.86310158,6.556683349,3.52095429
F1_3_13,21.99875764,28.66818988,0.275282141,11.95497328,0.911212246,6.533845511,1.10890514
F1_3_15,21.04869245,27.15610935,0.272971424,11.37618056,0.820265685,6.312457895,4.31210979
F1_4_5,19.86696325,24.84055731,0.325521653,7.127155954,0.627607232,6.350600542,0.03287184
F1_4_6,19.38831787,24.91713041,0.338036379,7.35791762,0.591994259,5.576010447,1.12070081
F1_4_7,17.84058019,24.06020427,0.341378796,6.665495373,0.488906915,5.396644701,0.0778711
F1_4_8,17.49195513,22.90766523,0.274820267,6.576075913,0.43123793,5.383655154,0.96500381
F1_4_9,17.23228606,22.85532224,0.29980851,6.612891466,0.477275284,5.297628547,1.15279307
F1_4_10,17.09734283,22.78703742,0.295949195,6.756539286,0.541755227,4.993899432,0.75182725
F1_4_11,17.01628821,22.30400106,0.285412876,6.547304112,0.473016944,5.061619848,2.0575597
F1_4_12,17.39925511,23.30002466,0.292776114,6.825909234,0.598687136,5.29373291,1.94481763
F1_4_13,18.52423999,25.45137318,0.315053718,7.178060455,0.563455782,5.593193044,0.06863557
F1_4_14,17.31411943,22.43904613,0.301821652,6.67071432,0.381710121,5.126217982,0.10296875
F1_4_15,18.48084937,25.05798584,0.3065283,7.214549285,0.26907952,4.995057425,3.77758759
F1_5_5,16.00274957,27.31007001,0.246973172,6.863578586,0.297537188,5.486367013,1.21353812
F1_5_6,15.80249975,25.66973152,0.285079844,6.904168372,0.379879643,5.294542023,3.55637864
F1_5_7,12.18683363,20.49343761,0.217540754,5.149134793,0.350521015,4.657613404,3.22682961
F1_5_8,14.41811511,23.20950578,0.231516511,6.15613546,0.350385076,5.358727839,4.34331092
F1_5_9,10.28468121,17.28576827,0.177289349,4.246400657,0.200946659,3.4916403,4.14791374
F1_5_10,12.31100282,23.88025361,0.24634835,4.807835737,0.260639273,5.426573246,1.60019752
F1_5_11,15.80241583,26.31428236,0.243430727,6.320443328,0.325693209,5.648649759,2.5223805
F1_5_12,8.112387348,14.04233455,0.115926457,3.158991229,0.157338647,3.163459212,4.05911244
F1_5_13,14.05347317,23.14938025,0.206900753,5.057058729,0.376138454,6.241287705,1.60911948
F1_5_14,16.09802102,27.1246528,0.277426642,7.056118729,0.415442888,5.42406944,2.80896524
F1_5_15,13.01632904,22.94692533,0.231557116,4.840479577,0.283824764,5.577705302,4.53753096
F2_1_1,19.2565,33.688,0.4135,10.353,0.343,2.4185,1.15822226
F2_1_2,21.0195,37.084,0.405,9.9385,0.324,2.614,0.31699041
F2_1_3,19.891,36.609,0.384,9.7755,0.593,2.6285,0.58068853
F2_1_4,18.213,32.9615,0.3195,8.985,0.5415,2.4995,1.21502361
F2_1_5,16.182,43.523,0.3165,9.3965,0.585,2.4975,1.04061422
F2_1_6,19.7565,38.0155,0.3265,9.602,0.3005,2.599,1.38413235
F2_1_7,19.8895,35.308,0.372,8.8975,0.372,2.515,1.26157138
F2_1_9,15.5105,32.6345,0.321,8.4795,0.696,2.122,1.06534349
F2_1_10,16.787,41.797,0.3215,10.118,0.7745,2.4985,0.96941772
F2_1_11,19.838,37.0945,0.345,9.39,0.333,2.5915,0.62665565
F2_1_12,18.556,39.947,0.328,8.437,0.2865,2.581,0.97909089
F2_1_13,22.379,36.9935,0.3345,10.6595,0.559,2.658,0.79429077
F2_1_14,18.683,37.3045,0.331,8.9905,0.3085,2.5695,0.53259075
F2_1_15,23.2005,53.504,0.257,16.007,0.6995,3.019,1.11614516
F2_2_1,12.693,39.7605,0.3055,12.0525,1.048,2.5085,0.24418115
F2_2_2,19.0495,61.5305,0.2965,17.1945,0.522,2.6575,0.41063438
F2_2_3,15.334,54.394,0.2325,14.65,0.48,2.625,0.91336053
F2_2_4,19.3945,84.843,0.3045,20.336,0.5875,3.2705,0.68842933
F2_2_5,18.99,80.7955,0.2695,18.8835,0.8025,3.057,0.31659446
F2_2_6,20.4495,75.695,0.326,19.9535,0.573,2.9495,0.34725309
F2_2_7,20.5925,68.522,0.331,17.9065,0.5435,2.8445,0.24002017
F2_2_8,19.666,80.6615,0.2945,19.0055,0.7575,3.253,0.26030367
F2_2_9,24.287,63.2395,0.325,14.737,0.3525,3.107,0.28407186
F2_2_10,24.473,80.13,0.3435,22.661,0.64,3.0705,0.17065082
F2_2_11,20.623,68.9305,0.2625,17.882,0.501,2.792,0.27594621
F2_2_12,17.753,57.5715,0.2265,13.1785,0.488,2.5985,0.76254405
F2_2_13,17.7965,70.906,0.246,16.7285,0.5605,2.878,1.38188463
F2_2_14,21.642,69.5855,0.3285,18.504,0.5485,3.0605,0.22675427
F2_2_15,16.824,74.2615,0.2575,15.9165,0.4175,2.89,0.22300009
F2_2,16.906,60.465,0.231,15.6445,0.3825,2.687,0.38701702
F3_1_1,21.0015,51.734,0.443,12.9405,0.476,2.819,2.79903081
F3_1_3,18.8815,38.5185,0.457,9.9955,0.8765,2.4195,2.83157092
F3_1_4,16.838,42.5545,0.4055,9.721,0.5515,2.3575,1.83802981
F3_1_5,18.1175,42.3045,0.3525,12.7495,0.4535,2.533,3.08526052
F3_1_6,18.508,55.346,0.3695,14.4495,0.4365,2.9405,3.13560921
F3_1_7,18.219,57.6985,0.4535,14.3885,0.667,8.381,1.30642734
F3_1_8,19.901,45.199,0.379,14.195,0.447,2.5085,2.76826235
F3_1_9,16.263,52.4165,0.4035,12.187,0.5615,2.686,1.93863401
F3_1_10,19.2185,43.5475,0.361,13.7235,0.443,2.5445,2.03827289
F3_1_11,14.9365,30.358,0.343,9.0355,0.675,2.0045,2.37441388
F3_1_12,18.057,54.126,0.3445,15.1265,0.5095,2.8425,3.06643302
F3_1_13,17.4845,47.689,0.3475,14.0405,0.436,2.699,3.58628838
F3_1_14,18.152,58.0905,0.3745,14.411,0.49,2.964,2.12582359
F3_1_15,16.209,41.692,0.3985,10.7715,0.5695,2.349,3.09878616
F3_2_1,18.028,49.1235,0.187,9.3675,0.5445,2.4615,0.32694968
F3_2_2,18.731,50.0875,0.2565,9.473,0.516,2.5365,0.77883597
F3_2_3,22.554,67.719,0.195,13.068,0.558,3.069,1.32611427
F3_2_4,20.865,72.411,0.233,13.146,0.677,3.0485,0.68683292
F3_2_5,22.4095,56.6155,0.21,12.9675,0.676,2.637,0.82421603
F3_2_6,24.031,69.3235,0.1845,14.252,0.515,3.098,0.39913993
F3_2_7,23.5155,75.475,0.188,15.374,0.5885,3.222,0.72582831
F3_2_8,19.2095,56.4655,0.2095,10.7295,0.563,2.704,1.19959218
F3_2_9,22.8805,55.418,0.3425,11.392,0.6185,2.5705,0.19181638
F3_2_11,20.564,45.3635,0.296,11.746,0.587,2.287,0.42642752
F3_2_12,15.952,50.2695,0.237,8.643,0.3785,2.5415,0.79715535
F3_2_14,20.2425,63.987,0.248,11.5135,1.1025,3.1135,0.56533891
F3_2_15,18.099,51.0415,0.2485,9.4385,0.3785,2.5365,0.08896571
F4_1_5,23.36632509,29.72706495,0.189715566,14.00666172,0.775619158,5.576786186,1.34620929
F4_1_6,22.39027666,29.50639528,0.18990104,12.09396765,0.68651796,5.711479893,1.15578807
F4_1_7,24.55949749,32.2798527,0.251148972,12.22119028,0.830446198,5.580907861,0.15492265
F4_1_8,23.44459508,30.43482929,0.20218239,12.25413539,0.790077725,5.76920418,1.24257502
F4_1_9,22.93058519,41.39102943,0.24813888,13.84653704,0.914760728,5.887947952,1.23118989
F4_1_10,24.90746588,31.4690564,0.195071912,14.13512599,0.888016421,5.857801114,1.24302666
F4_1_11,20.27263782,27.54743177,0.31494488,10.7064688,0.528674045,5.271972282,1.15685076
F4_1_12,21.70002456,27.97667154,0.160335356,10.67380179,0.645311817,5.579093793,3.80345308
F4_1_13,22.9668278,28.54775432,0.19327409,12.87020168,0.698403316,5.532146151,0.95282115
F4_1_14,22.85747149,27.53023405,0.166984817,13.0135245,0.824485037,5.09280914,1.10200971
F4_1_15,23.34896404,31.7081754,0.190972143,12.3157433,0.880206704,5.821238414,0.57206052
F4_2_1,16.71429007,26.34869559,0.185226339,6.030146132,0.407782476,5.691051388,1.93645899
F4_2_5,14.37608569,23.42911233,0.184817999,5.606867868,0.365870494,5.382345254,1.22373487
F4_2_6,14.34187483,23.85087624,0.207227626,5.964995188,0.378003567,5.348415104,0.92634659
F4_2_7,17.61126614,28.22983636,0.233544716,6.920980477,0.406319405,5.495477069,0.7998467
F4_2_8,18.08968612,29.43380394,0.250059488,7.065304087,0.465052891,5.538811698,0.83589292
F4_2_9,18.39519744,29.46972902,0.219001901,7.409603328,0.520032712,5.611198885,2.6395929
F4_2_10,16.73455314,26.68358749,0.211101457,6.912228851,0.556830054,5.509715894,1.05706905
F4_2_11,17.49945822,27.83144551,0.246465304,7.575511572,0.557565181,5.314622742,0.89443681
F4_2_12,18.64114915,29.62804467,0.245836134,7.594463241,0.464130489,6.661160743,1.02997322
F4_2_13,18.93093828,31.45736799,0.23538964,7.580703896,0.477077404,5.534867365,1.1408148
F4_2_14,18.60874521,30.67662079,0.221478053,7.851662653,0.474139197,5.533180612,0.64833324
F4_2_15,17.4087821,27.86560129,0.222761686,7.345320604,0.528425167,5.345143255,0.80313876
F5_1_1,17.5025,44.599,0.3235,11.3945,0.6025,2.5655,3.2548662
F5_1_2,18.8445,49.253,0.3795,12.3105,0.512,2.5295,3.9336417
F5_1_3,18.1525,47.6095,0.378,10.573,0.7145,2.5725,3.99739359
F5_1_4,17.276,54.092,0.286,12.6615,0.621,2.7085,2.68835069
F5_1_5,14.8455,56.376,0.3435,11.4905,0.3105,2.5645,1.77071839
F5_1_7,18.224,56.2115,0.3575,11.255,0.467,2.844,1.70532101
F5_1_8,17.6495,46.2445,0.368,10.185,0.6585,2.5315,2.43857391
F5_1_9,19.1095,53.531,0.346,21.5955,0.6075,2.672,3.783397
F5_1_10,17.333,48.496,0.3085,11.638,0.5645,2.461,5.12343352
F5_1_11,18.7475,40.542,0.3515,10.095,0.498,2.3545,6.29487138
F5_1_12,18.4425,51.4115,0.3085,11.9965,0.529,2.608,2.22585837
F5_1_13,18.789,38.0975,0.345,10.1825,0.7585,2.347,4.6313798
F5_1_14,20.4165,44.816,0.404,11.7,0.856,2.587,1.75665674
F5_1_15,18.173,52.7045,0.335,10.7565,0.363,2.593,4.65193397
F5_2_1,18.064,50.3275,0.2165,15.7235,1.1195,2.8105,1.36996597
F5_2_2,14.426,44.8905,0.293,8.909,0.4445,2.3425,1.52726623
F5_2_3,22.197,58.7175,0.2615,16.73,1.29,3.2555,1.37714565
F5_2_5,16.548,59.671,0.3365,7.1425,0.3155,2.678,1.48435879
F5_2_6,15.995,59.021,0.353,6.939,0.3855,2.6675,1.34088368
F5_2_7,14.6105,46.5505,0.201,5.325,0.273,2.3705,3.50396672
F5_2_8,19.675,70.992,0.395,11.0635,0.532,2.794,1.99401213
F5_2_9,18.1875,52.195,0.232,15.3895,0.5405,3.606,3.29688957
F5_2_10,14.3535,47.785,0.285,9.825,0.4475,2.486,1.92668551
F5_2_11,18.6865,68.1955,0.3505,11.5415,0.893,2.776,0.54937416
F5_2_12,10.079,43.159,0.1685,4.3935,0.161,2.3355,0.81659843
F5_2_13,16.893,61.4265,0.3185,9.9405,0.6925,2.612,1.23965206
F5_2_14,13.35,45.061,0.3695,9.9935,0.8815,2.439,0.77244784
F5_2_15,14.7615,47.224,0.2625,8.6455,0.327,2.4065,2.57503698
F5_3_1,12.403,47.7765,0.3935,8.7025,0.396,2.0715,1.45946923
F5_3_2,13.654,55.1675,0.407,10.214,0.397,2.305,1.1787195
F5_3_3,14.903,55.4375,0.419,10.5195,0.4095,1.915,0.792637
F5_3_4,15.831,65.8635,0.4925,10.9935,0.4985,2.536,0.95999203
F5_3_5,16.4425,76.175,0.5225,11.6175,0.953,2.992,0.75855956
F5_3_6,14.3665,44.6185,0.43,8.666,0.511,1.93,1.83846591
F5_3_7,16.527,67.757,0.536,11.3205,0.7845,2.223,1.03012658
F5_3_8,17.2795,51.286,0.262,9.67,0.43,1.949,1.31395388
F5_3_9,17.1805,64.7215,0.5595,11.352,0.6645,3.58,1.33649103
F5_3_10,13.585,47.506,0.4065,8.706,0.4005,2.065,0.8363071
F5_3_11,15.6475,67.691,0.5415,10.841,0.7325,2.749,1.66914979
F5_3_12,14.456,56.89,0.424,10.224,0.6375,2.4865,1.21967141
F5_3_13,12.542,40.755,0.3815,8.036,0.366,1.8475,3.60910528
F5_3_14,13.729,47.7545,0.2035,11.3755,0.6685,2.3505,1.39494103
F5_3_15,13.429,50.2975,0.4295,8.798,0.667,2.2485,0.63941215
F6_1_1,18.7585,61.951,0.491,10.3025,0.495,8.0805,4.92524006
F6_1_2,19.126,61.3365,0.508,10.8105,0.487,7.9435,2.48386359
F6_1_3,20.014,63.0285,0.4315,10.3465,0.4705,2.7505,3.04334446
F6_1_4,17.88,56.89,0.377,9.4875,0.4085,2.441,3.013275
F6_1_5,17.1275,58.3975,0.376,9.541,0.406,2.516,2.91520684
F6_1_6,19.9975,75.298,0.4265,11.427,0.6685,2.989,1.51109573
F6_1_7,19.345,68.6615,0.415,10.467,0.3935,2.872,4.63084877
F6_1_8,20.566,81.839,0.489,13.003,0.7705,8.088,3.20522347
F6_1_9,18.576,69.616,0.384,10.5015,0.3555,2.8355,4.65176224
F6_1_10,18.6995,73.9665,0.3765,11.2165,0.409,3.0055,1.42070151
F6_1_11,18.873,85.097,0.417,13.232,0.5095,3.4875,1.4892505
F6_1_12,19.7805,75.79,0.493,11.8505,0.459,8.1085,2.20822973
F6_1_13,18.911,61.949,0.3975,9.7235,0.452,2.6325,3.72312783
F6_1_14,18.639,63.848,0.3975,10.0075,0.496,2.644,4.27225963
F6_1_15,19.0465,72.2075,0.414,10.9715,0.487,2.8635,3.86092665
Z1_1_5,19.97748358,33.98389063,0.20374905,12.53332756,0.943678517,5.659658448,3.77168863
Z1_1_6,20.34966628,34.87501869,0.208033531,12.8931426,0.855832611,5.97792011,5.03223922
Z1_1_7,18.87641889,33.31087346,0.176047962,12.2851976,0.842575792,5.889388639,0.76094019
Z1_1_9,18.57645909,33.57047593,0.172575285,11.86749468,0.804555173,10.08064976,4.43764244
Z1_1_11,19.01550236,33.9775517,0.166562564,12.40617105,0.871872096,5.967224279,3.0814277
Z1_1_12,21.94387946,38.37643335,0.229767459,13.92769596,1.057184366,6.098074287,2.33566698
Z1_1_13,18.45760788,32.29222155,0.214305818,11.9706733,0.884298236,6.595080319,1.91269051
Z1_1_14,16.89048336,30.63694001,0.171167427,10.93873022,0.639783623,5.765754581,2.92627147
Z1_1_15,17.03387939,28.35330382,0.179425475,10.41883822,0.717258131,5.536859348,2.9354537
Z1_2_6,16.72050121,29.68270258,0.1390191,10.82955576,0.701408743,5.627683141,2.75958693
Z1_2_7,19.74465321,33.32646582,0.200614318,11.41739607,0.857663128,6.776911367,5.6682473
Z1_2_8,16.72611706,28.78985693,0.236968954,9.868785741,0.744879646,6.357973483,1.02735104
Z1_2_9,15.77717676,29.40565091,0.173214823,9.383058749,0.507086476,5.432023081,2.1969899
Z1_2_10,16.29313725,28.72304562,0.158907515,10.03133403,0.571013427,5.599717886,0.80757404
Z1_2_11,18.7293992,32.46885469,0.188047201,11.54314371,0.745068571,6.583622524,6.07724915
Z1_2_12,17.83958137,31.98482558,0.192637271,11.14737308,0.63114543,6.247037795,2.85721262
Z1_2_13,15.45228416,27.43857619,0.170195534,9.398385699,0.604041408,5.630163833,2.41929069
Z1_2_14,16.92068729,29.33018665,0.188352764,10.55037229,0.75434684,5.593295752,3.22872605
Z1_2_15,17.15291753,27.89619124,0.204339064,10.51175136,0.921508065,5.923389815,4.90295357
Z1_3_1,10.87711895,25.88048578,0.097356451,8.192712247,0.53268428,6.068173416,3.4702404
Z1_3_2,12.18658671,29.61034999,0.116412583,9.26409473,0.581223443,6.046904411,4.13733194
Z1_3_3,11.34168426,25.92795156,0.118382075,8.118891084,0.606559189,5.486580905,1.26805424
Z1_3_4,13.17471565,28.53821122,0.217310687,10.2698558,0.737193578,6.181406831,1.7833545
Z1_3_5,11.8963087,27.43111205,0.127677647,9.10853213,0.56849249,5.971286948,2.24106387
Z1_3_6,14.41408904,30.24005182,0.142188116,9.975768606,0.607887747,5.735439657,1.73955472
Z1_3_7,14.33044904,31.4566716,0.146478884,10.07206112,0.694094534,6.304700637,1.31875441
Z1_3_8,13.00881433,27.8559031,0.109274039,8.643134638,0.635798123,5.580429627,9.19573539
Z1_3_9,14.79361092,30.53390566,0.190440072,9.878175518,0.749073932,6.402081138,3.23435605
Z1_3_10,14.43222908,28.72080643,0.142447634,9.751121041,0.754464697,5.733867136,4.99914053
Z1_3_11,12.56111894,22.7113042,1.436392509,7.554829238,0.525356029,4.605861283,4.34578113
Z1_3_12,17.18904873,34.05379413,0.175859564,10.73101751,0.781752564,6.804329901,1.33003317
Z1_3_13,20.15736431,35.04738527,0.1943021,12.58916136,0.838695355,7.001729619,0.88871221
Z1_3_14,17.19126349,36.40313011,0.259120257,11.05588763,0.815679758,7.111156603,4.43006247
Z1_3_15,18.15090235,31.11293004,0.168564978,9.843226064,0.810629085,7.125094969,1.68499488
Z1_4_5,13.57546665,24.17358631,0.2339668,8.144639787,0.631648657,5.517504867,7.97781793
Z1_4_6,13.6377535,24.08759296,0.226386474,8.223320218,0.611482745,5.612161148,12.7339757
Z1_4_7,14.45272314,25.01028541,0.214864181,8.854387152,0.641634612,6.051112781,6.8835105
Z1_4_8,13.27723705,23.14299759,0.202481218,7.907284273,0.598403685,5.885188537,10.7015336
Z1_4_9,13.17752374,23.5086824,0.233229923,7.87308571,0.618842286,5.948155012,10.283748
Z1_4_10,14.87498356,26.24020733,0.253331919,8.959838192,0.68610029,5.950003553,6.90396357
Z1_4_11,13.39009184,23.10133873,0.221301824,8.254005271,0.60704123,5.733194319,7.26325114
Z1_4_12,12.97818399,22.28748613,0.176221195,7.952467386,0.618831798,5.643399439,10.0816608
Z1_4_13,13.22463629,22.51504187,0.181822581,7.849931879,0.59389703,5.313316803,8.33662316
Z1_4_14,14.99820444,25.42879755,0.235074731,8.971187769,0.663865374,6.105092435,6.40584489
Z1_4_15,13.79081892,24.2650839,0.230893563,7.954634013,0.609631537,5.917831054,5.79162483
Z2_1_1,13.3785,59.423,0.263,10.6805,0.676,4.0085,2.64029263
Z2_1_2,14.2255,53.4315,0.2495,9.443,0.621,2.847,2.55695422
Z2_1_3,15.005,61.1505,0.2645,10.6355,0.7225,3.1925,7.277125
Z2_1_4,14.0825,55.876,0.253,9.41,0.803,3.195,2.3879476
Z2_1_5,14.906,61.66,0.261,10.457,0.6725,3.214,4.49168083
Z2_1_6,14.1765,56.5455,0.2515,9.772,0.6465,2.971,9.31398302
Z2_1_7,14.6145,54.9155,0.255,9.793,0.6345,2.9205,3.77270793
Z2_1_8,13.9865,49.167,0.248,9.277,0.771,2.774,3.92452716
Z2_1_9,13.701,52.1675,0.249,9.1905,0.622,2.8,6.69884866
Z2_1_11,15.8855,57.118,0.2745,11.828,0.696,3.044,4.87256559
Z2_1_12,15.031,53.3635,0.2735,10.2455,0.685,2.9135,6.05389804
Z2_1_13,13.645,55.4155,0.2555,11.1275,0.5465,2.856,6.48388236
Z2_1_14,15.7955,62.2545,0.273,11.5115,0.7405,3.2945,2.56001131
Z2_1_15,14.866,64.425,0.27,11.8655,0.615,2.999,2.40498741
Z2_2_1,17.496,54.2295,0.2825,12.607,0.556,2.821,5.63495169
Z2_2_2,17.138,62.6975,0.2875,12.723,0.63,3.2095,1.76170416
Z2_2_3,16.9915,60.277,0.2905,12.0675,0.5835,3.0695,4.56397242
Z2_2_4,17.1885,50.432,0.2825,11.256,0.5875,2.9725,6.43509256
Z2_2_5,16.648,55.504,0.2805,11.6605,0.5975,3.1765,1.85754761
Z2_2_6,16.1065,45.1255,0.282,10.599,0.901,2.691,3.58190384
Z2_2_7,14.804,45.3475,0.2505,10.83,0.47,2.477,0.9807831
Z2_2_8,16.066,53.968,0.267,11.359,0.7355,2.975,3.61625811
Z2_2_9,14.6465,52.4875,0.254,10.3415,0.5755,2.7675,2.33399683
Z2_2_10,15.6625,48.0065,0.263,10.705,0.5225,2.652,4.79724562
Z2_2_11,15.3795,47.559,0.2725,11.6585,0.563,2.6725,2.4589621
Z2_2_12,15.919,48.558,0.2685,12.0745,0.5155,2.565,17.2384501
Z2_2_13,16.1835,54.6215,0.2875,12.306,0.585,2.9695,4.82400501
Z2_2_14,15.2955,50.52,0.2665,10.796,0.5755,2.8535,3.64202562
Z2_2_15,17.456,54.1775,0.3055,12.002,0.6775,3.1835,5.29607306
Z2_2_6d,15.115,53.7985,0.2515,12.876,0.675,2.705,4.47882912
Z3_1_2,14.4075,59.366,0.26,11.4035,0.655,3.089,2.16890205
Z3_1_3,13.4195,58.006,0.2595,10.037,0.728,3.0465,0.28204086
Z3_1_4,13.251,50.6595,0.252,9.588,0.523,2.587,5.55467997
Z3_1_6,14.1545,50.746,0.256,9.13,0.525,2.584,8.44901465
Z3_1_7,14.457,62.282,0.2715,11.074,0.679,3.4015,0.93154375
Z3_1_8,15.045,55.882,0.262,9.5665,0.575,2.727,2.2964122
Z3_1_9,14.1375,58.328,0.2575,9.7455,0.565,2.8025,4.32220766
Z3_1_10,14.504,63.2775,0.279,10.572,0.61,3.1195,2.42808477
Z3_1_11,13.4325,59.398,0.308,10.248,0.605,3.3105,0.67625082
Z3_1_12,13.506,58.081,0.303,9.4375,0.544,2.94,4.16623362
Z3_1_13,13.8025,52.805,0.3035,9.9925,0.528,2.5845,3.81847994
Z3_1_14,19.8005,63.6945,0.306,37.2545,1.306,3.1285,0.40412149
Z3_1_15,14.482,63.4005,0.2915,10.5575,0.878,3.2005,1.13317022
Z4_1_1,12.4305,58.238,0.2325,9.827,0.3895,2.943,3.48835599
Z4_1_2,12.442,48.55,0.228,9.333,0.456,2.6295,2.58192239
Z4_1_3,11.88,50.6995,0.225,9.058,0.3535,2.678,2.12363249
Z4_1_4,13.503,51.091,0.2365,16.201,0.765,2.7255,2.90168475
Z4_1_5,12.476,55.4645,0.24,9.5475,0.568,2.94,1.40017472
Z4_1_6,13.5915,57.4515,0.2505,10.8305,0.492,3.0495,1.33575237
Z4_1_7,12.713,52.8825,0.2315,9.301,0.5275,2.9485,1.59424114
Z4_1_8,13.3735,61.4125,0.2505,11.125,0.7975,3.1925,3.03017868
Z4_1_9,12.8005,55.9815,0.2415,9.8475,0.76,2.897,3.38708705
Z4_1_10,12.5395,64.4555,0.238,10.3455,0.473,3.142,3.35651713
Z4_1_11,14.7975,60.079,0.252,11.0745,0.492,3.1365,3.1457217
Z4_1_12,13.5585,63.4955,0.2755,10.622,0.5885,3.1945,3.32929454
Z4_1_13,13.515,52.207,0.245,10.6245,0.834,3.0355,3.35077816
Z4_1_14,14.328,66.846,0.267,11.257,0.562,3.2315,1.76770967
Z4_1_15,12.7795,59.8265,0.248,10.5835,0.4045,2.7735,2.30053466
Z4_2_1,17.8795,77.6465,0.1065,15.1375,0.8115,3.049,8.83438572
Z4_2_2,16.65,69.9615,0.094,13.218,0.8145,2.785,7.57861514
Z4_2_3,16.542,62.8375,0.079,11.5535,0.815,2.8725,9.50189452
Z4_2_4,16.2195,77.158,0.086,13.4245,0.4495,2.925,8.90982755
Z4_2_5,16.044,70.746,0.0805,13.2065,0.6085,3.0145,7.86681404
Z4_2_7,16.524,77.607,0.1025,13.341,0.475,3.211,4.65992306
Z4_2_8,16.7735,68.796,0.0795,12.2375,0.512,3.209,4.8743872
Z4_2_9,17.2785,64.848,0.0915,18.0315,0.5345,2.85,4.06466604
Z4_2_10,17.748,75.364,0.1165,14.0095,0.4015,3.272,5.86137101
Z4_2_11,19.975,72.286,0.1305,24.595,0.585,3.577,4.28750387
Z4_2_12,16.1755,70.3225,0.1915,11.2815,0.69,4.6245,6.58626243
Z4_2_13,16.5995,76.4645,0.123,14.6125,0.5245,4.606,6.6878715
Z4_2_14,17.181,68.831,0.136,13.9495,0.759,6.0135,6.27146262
Z4_2_15,15.8385,67.1355,0.1985,13.574,0.648,7.214,4.97515499
Z4_3_1,18.2715,51.3555,0.064,10.8365,0.511,2.5905,5.44516964
Z4_3_2,18.1745,59.5135,0.069,10.225,0.4,2.8095,3.57716573
Z4_3_3,27.0265,55.3375,0.1075,17.413,0.559,2.8245,2.05164089
Z4_3_4,19.706,58.4355,0.064,13.3235,0.4045,2.7285,5.24770949
Z4_3_5,17.8785,58.8745,0.0615,11.444,0.3495,2.801,3.47571454
Z4_3_6,18.3885,51.5015,0.06,10.0095,0.389,2.59,5.53866163
Z4_3_7,27.5315,61.435,0.076,19.0225,0.4675,2.8155,4.03692243
Z4_3_8,22.291,50.8415,0.8175,12.5435,0.4175,2.5935,1.62501424
Z4_3_9,17.4625,52.3605,0.0675,12.0095,0.42,2.6215,1.50392927
Z4_3_10,17.414,50.6155,0.0685,12.06,0.332,2.4775,2.44388853
Z4_3_11,16.5555,48.1525,0.06,11.6655,0.4575,2.523,4.6709736
Z4_3_12,16.2165,51.5815,0.057,10.127,0.295,2.5315,2.35781673
Z4_3_13,17.764,52.0665,0.066,11.853,0.3635,2.7205,2.61926825
Z4_3_14,16.984,53.0775,0.0705,11.811,0.6705,2.694,5.11287029
Z4_3_15,16.313,57.827,0.155,10.557,0.4805,3.326,4.20922259
