SampleN,Mn_S,Cu_S,Fe_S,Zn_S,Mg_S,K_S,Ca_S,Mo_S,SumTS
A1_1_5,51.44587592,9.814316017,4723.435309,19.04116153,643.4366264,889.3820208,893.9115994,0.152124224,6.12953897
A1_1_6,64.57306829,9.664362479,5703.190559,16.58076143,834.557504,834.8562782,1000.670942,0.137034381,9.2906143
A1_1_7,63.38550099,10.43790548,6416.244907,19.92605508,901.0270465,896.6154317,1068.393255,0.16459463,8.70437705
A1_1_8,55.61626316,8.426232576,5607.499786,25.65585067,782.8913119,1007.252138,1180.242533,0.145818108,3.78437703
A1_1_9,47.66077255,6.297977252,5141.003078,18.03766957,700.2362602,925.0864456,1080.295083,0.154452634,10.7154596
A1_1_10,48.82571076,8.826129527,5287.969023,18.65410112,666.5210288,832.3988165,1151.447618,0.15945126,8.89120817
A1_1_11,60.60778259,9.375585559,5970.217116,15.96045557,794.9237864,898.9732674,1335.095718,0.24361814,6.32845457
A1_1_12,62.67027851,7.865804338,8286.136823,19.90973953,1107.460213,1192.805005,1698.032874,0.195042395,7.54643674
A1_1_13,76.87020292,9.022582148,7049.992449,18.63908443,911.7414178,1047.447716,1770.460325,0.172643823,3.59501882
A1_1_14,60.44913477,8.553003156,5120.14252,19.67389531,706.5720181,797.383678,1776.444266,0.108075274,4.48556404
A1_1_15,62.72355021,11.33385583,5634.342527,27.86843644,777.5563599,993.918439,2126.541416,0.160406983,13.4620922
A1_2_5,475.0238085,33.93439738,21193.68539,41.62256268,4554.250561,3222.696433,29793.13072,0.307792683,7.89563974
A1_2_7,458.6222614,31.08543827,23323.04849,48.93268147,5140.892932,3534.653752,6401.230585,0.345383474,14.1591278
A1_2_8,481.0036411,28.54190681,24296.21164,51.63992579,5346.985694,3707.317443,5182.941561,0.369155145,9.63754416
A1_2_9,387.1948079,24.01325151,20075.47966,52.3780435,4435.400208,3041.137191,4273.502492,0.297467827,5.04564786
A1_2_10,474.6601336,44.20698015,24201.09044,47.9940413,5299.495325,3421.702295,5063.860414,0.362235104,10.5454431
A1_2_11,445.8478417,26.27682217,22914.08302,63.32377998,5084.375267,3391.833128,5067.24107,0.350514121,11.0847348
A1_2_12,429.2774427,28.76666402,22349.56893,60.96389227,4965.085518,3335.690699,4817.311615,0.345177088,10.7952651
A1_2_13,447.7289819,30.66221994,24408.46131,58.92281301,5142.38511,3420.091983,4565.38138,0.370191434,5.7962708
A1_2_14,512.0962447,36.40569586,26717.49198,69.16422694,5915.932279,3831.999003,5409.317217,0.39666487,7.74037653
A1_2_15,467.6404659,29.96660912,23505.84738,47.26663724,5228.834577,3285.456534,6508.847685,0.353593843,5.46909972
A1_3_3,306.3904705,130.1974819,17276.79617,157.1050834,3437.008986,3188.29516,5344.345806,0.640324665,6.23947766
A1_3_5,287.2884246,89.78175766,16470.23823,105.3827702,3205.871661,2945.824694,4227.562379,0.400822971,7.24609158
A1_3_6,193.4433069,47.09684978,10580.68098,70.51901885,1856.534997,1410.55764,2658.080275,0.227912192,10.2084263
A1_3_7,254.8943003,78.25565416,15403.70086,98.29035784,2972.698601,2824.626199,3807.958956,0.338794256,9.90580186
A1_3_8,373.2756851,83.5532264,19459.98979,117.4801413,3358.795287,3037.254521,4160.543107,0.464613876,17.8071906
A1_3_9,354.0002308,92.87001721,19509.87567,127.9771124,3948.535758,3461.681541,4535.28364,0.472684655,4.70883865
A1_3_10,318.6153694,69.47099391,16481.36738,88.87808542,3173.498116,2741.130152,3492.959648,0.396603719,4.02240725
A1_3_11,413.1279233,89.99710482,19755.13864,109.981658,3918.472771,3342.968746,7045.189269,0.498331591,4.08367461
A1_3_12,399.9349803,73.17904335,19906.52308,101.3726598,3637.771173,3056.40283,4130.127946,0.465225953,7.22422965
A1_3_13,363.4699244,107.239468,21023.6859,140.2906045,3995.983272,3545.961942,4893.981219,0.487677975,5.00796233
A1_3_14,288.8879054,82.71974551,16226.51626,105.7229146,3206.683134,2912.041256,4491.399999,0.407416433,6.82875902
A1_3_15,318.5555597,93.36870961,17736.17462,140.6256921,3402.646131,3065.941324,5498.444338,0.44206553,3.47156001
A1_4_1,522.6279462,33.54416383,22935.34999,52.39789111,6837.077463,3377.406038,75394.96016,0.39879855,7.37012367
A1_4_2,533.2156554,32.35623834,27102.49853,57.26394419,7143.962706,4015.61271,32627.91087,0.351495524,12.907508
A1_4_3,580.7129446,37.3614987,29129.51475,70.48062045,8443.19409,4293.437079,17115.37816,0.45336203,15.0815699
A1_4_5,523.5952676,33.39503873,27516.15524,67.90064512,7709.359205,3629.73031,12003.31401,0.451217443,4.04718574
A1_4_6,636.819693,41.09116008,31751.15871,81.32706653,9026.038906,4254.524586,16702.1592,0.487461859,6.41438498
A1_4_7,600.9330445,37.46404491,29016.91927,72.8826733,8254.724513,3913.573538,14310.01035,0.4600374,15.4278473
A1_4_8,520.4774671,31.4715631,27020.22289,61.83108199,7704.965872,3685.826258,11123.23116,0.392327056,11.813027
A1_4_9,506.2679893,34.76388411,25401.90113,69.27782323,7128.79154,3482.429507,19468.09117,0.381336532,9.3748222
A1_4_10,505.2452729,38.64483981,25355.97383,68.25639873,7084.794932,4000.775367,28077.09258,0.383168489,8.8521317
A1_4_11,478.3930124,34.6976714,26565.249,61.02302859,6735.083958,3767.978031,17810.12631,0.384215908,5.54630047
A1_4_12,501.1762015,35.60241101,25185.23968,71.95704439,6780.454692,4326.114698,15512.2078,0.425379362,8.8863263
A1_4_13,410.2328964,26.60937392,21421.19081,61.09047671,5295.11515,3191.198197,13418.32984,0.274463111,10.821524
A1_4_14,503.1528797,34.10754235,25061.23927,63.46281255,6489.552504,3485.545212,13653.27428,0.36331991,8.98383235
A1_4_15,492.7445652,31.0330134,24363.05584,59.85118899,6209.859812,3610.156012,12492.83848,0.321386532,14.5179675
A2_1_1,186.3352955,25.73532447,17710.5898,37.32483439,3643.068786,2223.043589,2009.048276,0.215192542,8.63561063
A2_1_3,134.644493,21.73014239,12929.19094,28.35028891,2611.787709,1689.575543,1557.712327,0.170499709,5.20072162
A2_1_4,104.4131968,22.36798835,11397.32453,28.56199835,2300.332547,1571.51306,1494.057469,0.387249738,3.42978411
A2_1_5,87.27728267,17.88885331,8780.028484,17.06551834,1739.438414,1174.03614,1025.366947,0.101789103,4.68252791
A2_1_6,140.8064655,26.07625287,15432.12301,32.40270876,3355.618455,2042.739884,1784.531239,0.1843049,14.3922317
A2_1_7,94.14497463,23.59739244,10242.48909,24.69591487,1998.367114,1443.932879,1305.524653,0.105824777,5.15391004
A2_1_8,149.3892077,26.63973188,15151.20398,27.68175032,3102.765573,1899.347657,1655.040908,0.20583612,9.31390025
A2_1_9,156.3519378,28.76255495,17503.9619,31.90262792,3524.599054,1968.404329,1730.677246,0.225539057,2.52111707
A2_1_10,165.9441543,27.96010267,17120.89307,38.09726027,3720.432619,2055.313273,1963.985453,0.212122762,6.2654502
A2_1_11,152.7392435,26.37522823,17024.68781,45.3146006,3418.406615,2094.414009,1652.907786,0.185923212,5.0314173
A2_1_12,110.2243965,15.8963216,10901.94718,38.05330876,2299.969944,1273.573522,1562.230549,0.116832329,9.15003471
A2_1_14,77.31021661,18.4970777,8578.973061,25.2376978,1712.13013,1073.476776,1001.285628,0.07814042,4.40338309
A2_1_15,92.74653143,22.6508965,9971.662635,34.15299637,2118.163307,1305.030282,1183.491285,0.083520464,4.28305784
A2_2_5,371.6416083,36.71870349,26003.37344,46.38970678,5146.129965,2721.141676,2770.062274,0.596320224,3.59956276
A2_2_6,347.4816208,46.42540769,28410.37073,48.34119864,5415.875579,2744.019327,2883.59595,0.4896254,3.67175536
A2_2_7,413.7236436,30.7553593,25829.26355,41.95079344,5278.638348,2738.319763,2767.98776,0.334609568,5.87284298
A2_2_8,333.4353339,40.15280454,30323.25859,51.69751769,6076.778893,3038.646766,3187.818458,0.417208877,4.73170575
A2_2_9,307.7628735,44.27928652,24454.99915,70.63255575,4582.057929,2546.172091,2672.041638,0.387554858,7.20263991
A2_2_10,298.0062161,41.64357201,27670.94197,67.26678252,5098.544598,2757.360412,2847.55189,0.509051577,4.22274933
A2_2_11,447.793185,46.66047829,29211.18659,52.55713969,5772.789137,2757.955806,3086.62901,0.4554767,6.40604933
A2_2_12,346.8447308,40.25621086,30264.82848,55.76565356,5445.532719,2775.805397,2828.019742,0.518516562,4.55281768
A2_2_13,342.9829971,30.94101638,29223.08062,48.78665327,5363.657116,2833.959253,2830.631663,0.519539653,5.69708636
A2_2_14,247.0884604,39.11853148,24036.90814,44.35592754,4674.939647,2296.964693,2603.813106,0.435005472,5.785083
A2_2_15,269.0169377,33.97561141,24272.63447,38.15403752,4815.267947,2429.695128,2961.325476,0.381686275,6.96029029
A2_3_1,362.3599937,58.12032324,31181.64774,75.3788958,5960.264863,6835.577073,3902.912189,0.439960279,11.1553562
A2_3_4,336.0774244,59.70210062,32355.73388,91.75888798,5987.772846,6614.670653,3505.971123,0.489222632,10.1387645
A2_3_5,319.8634411,37.2221492,27482.13553,67.41169435,5270.310833,5910.796497,2818.717938,0.384488657,5.70933502
A2_3_6,385.5876141,46.7904669,38991.0354,71.98332994,8048.95975,8871.647202,4064.185242,0.689987763,4.93086006
A2_3_7,389.7164889,44.380992,34486.44119,68.68087922,7287.889799,7710.000475,4716.383925,0.635723685,11.1689683
A2_3_8,470.3408058,66.30547197,40763.48867,86.98822298,8808.040088,9553.731534,4728.624616,0.658434109,8.65291963
A2_3_9,340.9124402,62.61461346,31351.67205,62.25729136,6341.307284,6855.245781,5210.957645,0.623239277,5.91388446
A2_3_10,393.9280158,78.57783411,38088.58446,87.82298442,7699.105426,8898.200074,4552.792121,0.69892807,1.50115556
A2_3_11,362.5822402,63.24889406,35950.05635,72.87643109,7219.230179,8203.022543,4552.282739,0.808016137,2.69239932
A2_3_12,334.7963421,58.83490526,35963.97256,69.90795339,7075.819959,7761.722194,3651.660923,0.675679263,18.4061108
A2_3_13,334.0558211,62.23032093,36348.18327,73.84408206,7063.896373,7805.551161,4071.100483,0.750652128,10.8818458
A2_3_14,316.0243355,55.46850644,32480.0574,71.50802654,6290.970307,7029.783439,3330.730565,0.649820908,10.2193982
A2_3_15,338.5088931,70.9212196,36431.19291,76.88183309,7048.189251,8138.238029,3583.474628,0.683107521,9.22936651
A3_1_4,217.4271557,17.25409123,11319.67352,38.73409231,4063.287086,1855.739752,3086.259318,0.347544099,4.49855648
A3_1_5,529.3681286,51.89728238,29036.03197,68.57940097,9732.935016,5425.311009,9152.186021,0.668721189,8.62403927
A3_1_6,374.0921243,37.442934,21702.28741,54.21023122,7013.808854,3927.304322,6447.807256,0.469371516,8.43381684
A3_1_7,530.6517414,58.29061891,31366.78022,77.5682567,10608.53694,5879.327644,10017.15022,0.732363389,3.91028568
A3_1_8,581.1080867,54.753852,31949.63387,78.54288316,10998.92193,6204.070867,9394.926379,0.671061993,5.5455326
A3_1_9,488.4616996,54.72839601,27283.66686,74.36655423,9071.218461,5210.995299,9259.25812,0.591365844,6.64494442
A3_1_10,416.93639,45.05301806,23971.99362,62.7507387,7776.703079,4367.287571,7698.171994,0.539165993,7.51144827
A3_1_11,407.5765593,56.24765438,25086.24969,57.0856499,10709.47905,5949.23361,10743.12925,0.430175612,14.0538438
A3_1_12,491.1083029,48.42866325,28608.48604,72.00329817,9088.363743,5196.303469,8170.747602,0.647027602,6.71343546
A3_1_13,567.5522304,52.55054253,30359.51834,70.61747111,9113.306532,5058.535243,9219.27495,0.626575519,6.25402875
A3_1_14,538.7341323,57.35953678,28889.45825,71.7390734,8780.777677,5028.759047,10495.84265,0.600796038,8.02713565
A3_1_15,642.6547424,50.71657704,31931.49431,66.91263194,9252.29536,4965.556354,8737.15785,0.626045426,7.05582551
A3_2_1,300.0677383,38.10442167,23563.498,52.54585095,6968.695464,4651.397348,11295.22119,0.376236996,8.85572304
A3_2_2,282.6237451,31.77738788,22658.2333,48.29207362,6358.871839,4472.465377,8289.841174,0.578696175,8.40736587
A3_2_5,314.8061577,36.13599153,22875.9357,57.45311918,6288.103454,4734.057774,10052.22574,0.362328547,6.36538686
A3_2_6,251.5056267,29.72354869,19936.45165,45.1552714,5081.39994,3981.102296,6967.721301,0.341014642,15.540286
A3_2_7,344.1713848,31.89420776,26642.58826,52.90196196,6657.717655,4624.170015,7696.606851,0.421998075,7.56958564
A3_2_8,279.4867052,34.31442343,22177.00573,52.95502646,5718.636089,4231.457616,8393.444891,0.369531454,6.36115135
A3_2_9,292.3083563,28.96535932,20768.90796,47.61362894,5342.283335,3987.783084,7583.17909,0.372086332,13.2495414
A3_2_10,340.2125758,38.47789799,27249.79045,58.7666801,7116.88629,5622.662606,9045.955439,0.428365115,4.33328152
A3_2_11,314.5791008,35.7874535,27673.21752,51.58439046,6552.547443,4439.634209,8546.587476,0.398179455,6.56621801
A3_2_12,346.7246551,34.98557575,28567.17204,54.13570087,7234.623737,5321.117247,9261.62966,0.77046252,3.69677213
A3_2_13,315.1240778,31.42116043,20959.16613,49.80924202,5816.019009,4048.649705,9140.450712,0.58703002,6.30232157
A3_2_14,257.778789,29.53765705,18218.9203,44.51986846,4794.235792,3606.986152,7771.061544,0.441464908,11.414092
A3_2_15,281.5505527,39.10125219,21672.55481,50.41731595,5652.0567,4470.40214,9702.583914,0.452924264,5.29310059
A3_3_2,298.0906209,33.12836917,28574.17696,56.46243462,8123.03522,4798.888422,6951.783595,0.45890659,4.09674206
A3_3_5,233.24109,12.43957992,18226.52011,39.33668808,5985.310931,3449.790336,3444.603984,0.284418478,5.2714414
A3_3_6,146.202955,9.853548676,12208.5818,34.57951255,3841.360263,2098.802539,2357.700428,0.204092776,3.88028085
A3_3_7,153.7092155,9.268487621,13137.46224,27.63313429,3998.910924,2363.589937,2012.858148,0.217348744,8.55818376
A3_3_8,159.4698089,10.07271199,14378.97396,28.8865572,4167.939043,2414.635804,2388.438992,0.249333651,6.45109927
A3_3_9,172.8728437,10.10445389,15246.43169,39.04619564,4601.666822,2657.511688,2371.741353,0.242323816,3.58956517
A3_3_10,155.3715654,9.462369353,13052.14819,30.60981059,3942.68705,2289.746751,2309.960656,0.222948066,5.98206333
A3_3_11,206.3058042,12.33072119,15635.74187,39.15725662,5187.647453,2883.242469,3414.124428,0.220133754,4.50307087
A3_3_12,168.3210527,10.30316403,13381.96852,37.37181443,4314.775236,2525.707536,2787.65679,0.203469034,3.80522044
A3_3_13,196.711491,11.12369774,15736.58596,42.94450863,5039.087805,2803.944263,2761.337084,0.22060178,8.43595922
A3_3_14,166.9933067,8.699517989,13769.95451,37.30094611,4335.186065,2581.659987,2320.911095,0.17962554,4.24431618
A3_3_15,161.2277992,11.86602666,14037.3049,44.11796366,4204.506693,2250.909523,2697.598946,0.216819375,7.47977887
A5_1_1,475.8608829,30.52449981,25944.04403,43.04412438,10437.92119,3282.865005,38466.19717,0.830351001,9.07404803
A5_1_2,490.9851241,36.32458137,29162.11461,49.50548944,12942.40762,3973.564643,44239.62746,1.228476932,13.1951828
A5_1_3,533.3741246,38.4953153,30693.32954,50.5296078,13694.09917,4007.813295,47444.86503,0.589395295,11.8516862
A5_1_4,464.2162365,35.90046719,27461.20422,46.97504967,11403.27271,3419.96071,41513.51872,0.573426705,12.131657
A5_1_5,408.3617233,39.68778275,24764.30763,42.95457756,10608.30382,3140.946355,38253.47593,0.50283104,18.7645276
A5_1_6,411.8351329,36.84116133,24615.00499,41.10725068,10560.15889,3064.008967,38157.38356,0.521637955,21.4486654
A5_1_7,412.3840485,38.46483166,24466.55882,44.61766951,10382.60522,3237.644216,38585.40579,0.538748259,14.898623
A5_1_8,439.528688,40.99847196,26339.33814,45.20057896,11686.06835,3199.923971,40255.7896,0.500168779,17.1878259
A5_1_9,430.9910827,34.18496495,26145.8948,45.43139048,11005.52111,3202.784115,40185.5625,0.455489302,3.12917722
A5_1_10,432.4907574,31.21698775,25962.99835,44.39910253,11216.37324,3341.21427,40122.83775,0.458972601,6.82570885
A5_1_11,425.6913474,33.3418144,25508.4824,43.13879379,10928.89511,3203.504847,39402.0398,0.519318441,14.9494809
A5_1_12,392.1741494,29.84039492,23783.43199,38.9232821,9964.711202,2990.462456,35422.1852,0.465847654,12.3400376
A5_1_13,366.4063318,30.16199944,21819.12726,35.97868405,9305.063393,2629.805288,34003.40129,0.413847181,7.59879261
A5_1_14,398.0055959,31.01675586,23427.27769,40.11145484,9714.882849,2797.07679,34736.64111,0.449899851,8.89757047
A5_1_15,397.1125882,27.43852713,23485.33925,40.19904762,9860.183617,2825.447888,35730.42108,0.445867826,9.26392582
A5_1_16,391.5852083,29.98753959,21841.44058,33.83821977,9048.909083,2627.280225,33149.54062,0.872206661,14.9150658
A5_1_13d,375.1267368,28.72170558,22854.83743,36.90081828,9588.789346,2610.211355,35850.0435,0.652753133,8.56641583
A5_1_14d,469.9297083,31.3800144,27192.5808,45.2474793,11236.83601,3535.733858,40005.9773,0.523099229,11.5411993
A5_2_1,353.8089253,21.11146557,19687.49541,32.95071114,7349.115506,2353.3669,29797.82413,0.819870078,11.5534482
A5_2_2,366.0023695,26.83812603,20598.46189,35.0324456,7713.975733,2438.275817,30427.61027,0.629304339,14.0181308
A5_2_3,337.5720798,22.90021101,19477.47453,30.30655474,6822.397002,1916.439029,27364.7976,0.6173780719999999,14.3742917
A5_2_4,365.2702889,24.32349852,20626.35506,32.77416981,7631.436104,2226.933441,29787.35879,0.478757581,13.7902942
A5_2_5,342.2449908,23.73380459,18985.95871,30.7803198,6994.22329,2028.100749,28175.15762,0.381864787,13.8006457
A5_2_6,403.516954,25.74557539,22466.85426,40.07610372,8501.236205,2637.321718,32534.39993,0.535098107,15.9131394
A5_2_7,236.032948,16.145652,13322.68123,23.84096404,4713.048472,1273.621695,19264.3138,0.792050672,9.52888762
A5_2_8,245.0129299,15.84016751,13507.97737,24.61516897,4883.12011,1351.490875,20255.88792,0.468755798,12.3230494
A5_2_9,287.0918244,17.5516891,16082.28383,30.26979514,5864.412456,1527.086597,24254.95944,0.391806004,10.2371666
A5_2_10,206.5384518,14.56678813,11835.17317,20.97830498,3957.89638,1040.336823,17821.42962,0.263965784,10.5598095
A5_2_11,213.6028116,12.31985822,12003.93702,22.52178963,4042.121927,1111.538332,17654.53963,0.259290108,2.64643363
A5_2_12,253.2415781,16.27134542,13842.55805,29.39150842,4739.758607,1383.861227,20337.09024,0.281164655,12.8053526
A5_2_13,220.5399815,14.52099529,12268.06996,33.23996648,4122.78361,1142.678875,18147.8855,0.248265295,9.17975548
A5_2_14,259.4595734,14.81024157,14250.98652,28.35206664,4801.134901,1425.602668,20568.87719,0.277093701,15.323941
A5_2_15,221.6060283,14.64029301,12428.54832,28.79316514,4222.430184,1216.916321,18455.74305,0.253282708,14.6181507
A5_2_16,277.3361423,17.74914855,15485.90167,40.37451764,5097.299875,1505.057785,21844.2886,0.289965526,11.4306093
A5_3_4,292.8516379,19.44661981,16548.78009,34.68890661,5813.516334,1645.619895,24271.35826,0.29664733,13.1229181
A5_3_5,307.3402352,18.6642466,16981.32184,47.29279102,5845.821207,1616.787912,25256.42507,0.300789459,5.89808975
A5_3_6,237.5619546,15.22114489,13145.983,34.63192239,4580.425098,1239.600534,20233.97835,0.231172095,8.17340101
A5_3_7,246.6524812,19.02401325,13763.24166,41.46511024,4758.913338,1333.833173,21237.23781,0.24735284,11.2357642
A5_3_8,228.6891644,17.40140155,12486.96275,39.16052057,4407.864605,1187.83832,19392.90878,0.395531818,6.71893528
A5_3_9,228.5472898,16.34416877,12746.90529,30.3821689,4483.417416,1190.045486,19621.93429,0.237474523,14.8336788
A5_3_10,314.9883053,17.69477075,17623.61783,35.27302393,6353.199643,1703.346334,26425.84142,0.319976812,7.89675979
A5_3_11,277.8085884,19.70110446,15609.11031,34.20664313,5382.661197,1506.551448,23563.59454,0.28137616,9.28840264
A5_3_12,295.2816895,22.38012872,16485.03584,48.10757195,5576.227703,1554.550864,25202.00276,0.325065185,11.5495939
A5_3_13,251.4471334,20.5718152,14204.69803,30.79902783,4775.632212,1312.896718,21789.89094,0.269692751,11.0298568
A5_3_14,311.642984,23.10068938,17462.86432,56.20136533,6040.940234,1649.625231,26725.35551,0.366145483,13.2416985
A5_3_15,297.9224709,22.94662969,16682.65346,44.47124031,5761.461523,1512.851856,25461.67446,0.386732936,10.8381637
B2_2_8,468.0,20.131,25910.5,58.42,7125.0,3074.0,4905.5,0.7195,0.86013661
B2_2_9,442.0,17.657,25208.0,64.973,7031.0,3851.5,4948.0,0.614,2.53586201
B2_2_10,492.0,17.948,26450.5,62.605,7660.0,3817.5,5542.5,0.6235,0.81259666
B2_2_11,485.0,18.6165,28877.0,62.494,7253.5,3687.0,5315.5,0.615,1.20238711
B2_2_12,479.5,16.608,29583.5,55.559,7344.0,3368.5,5276.0,0.579,2.93275107
B2_2_13,568.0,17.323,31296.0,59.2315,8462.5,3910.5,6136.0,2.8235,2.57547244
B2_2_14,457.0,16.5035,25908.5,56.0185,7088.0,3116.0,5755.5,0.611,1.98345004
B2_2_15,475.5,19.3535,26376.5,62.3365,7283.5,3249.0,4934.5,0.649,0.80849201
B2_3_1,614.0,20.043,38272.0,75.4055,10732.0,4654.0,13807.5,0.5445,3.92223082
B2_3_2,590.5,21.4385,39704.5,85.6355,11185.5,4414.0,12054.5,0.5755,1.99140431
B2_3_3,624.0,20.194,37680.0,69.242,11192.5,5117.5,13377.0,0.619,2.50644711
B2_3_4,547.0,21.368,31255.5,77.0215,9122.0,3646.0,12704.0,0.5155,2.09653015
B2_3_6,548.0,24.828,33061.0,193.651,9032.5,3473.5,9605.0,0.6955,0.54716445
B2_3_7,570.5,23.271,32955.0,78.4425,9599.5,3497.5,10213.0,0.5335,3.00859392
B2_3_9,696.0,26.95,39864.0,169.8465,11924.0,5287.5,13424.5,0.834,1.81311299
B2_3_10,574.0,22.006,38520.5,88.457,10284.0,3659.5,12119.5,0.644,1.21997383
B2_3_11,576.0,21.0235,33600.0,75.2145,10065.5,4082.5,12565.0,0.515,2.06810664
B2_3_12,631.5,21.0625,37110.5,109.8805,10917.0,5829.5,11937.0,0.523,1.6341739
B2_3_13,627.0,25.032,36264.5,95.233,10682.5,4553.5,11490.0,0.593,1.27781695
B2_3_14,546.0,17.8095,30473.5,55.9475,9688.0,4265.5,19123.5,0.6795,3.52892555
B3_1_5,179.542083,11.25384497,9852.066594,33.35790856,4569.394787,995.4695376,10482.40773,0.205302783,0.84982267
B3_1_6,187.0563588,12.25954504,10139.94043,22.01574271,4698.513882,978.4884659,10562.39677,0.185573075,1.0154581
B3_1_7,166.2573884,10.89087478,9033.670854,19.9901003,4285.729973,906.54216,9931.348076,0.175942227,1.14023282
B3_1_8,241.4536042,14.56054111,12569.38513,31.95709642,5981.349286,1151.631538,13484.53406,0.264898182,0.94787888
B3_1_9,177.9141588,11.33029653,9459.188143,32.50689274,4545.636195,919.2230868,10603.16578,0.189116648,1.49296155
B3_1_10,167.4722074,10.64781618,9252.823275,19.79824364,4325.155403,882.4417604,9800.151872,0.186548865,1.58529708
B3_1_11,232.3459184,14.49791385,12222.51644,28.70992913,5794.213015,1182.659139,12782.58455,0.234270641,1.98900487
B3_1_12,184.9161397,11.68553606,9960.857757,25.46459379,4639.831747,959.0532753,10418.9743,0.188752158,1.93724039
B3_1_13,148.898586,10.14615295,8077.185213,22.99806939,3853.249782,818.5397004,8901.554098,0.163013746,1.1756118
B3_1_14,203.7343436,12.73469261,10805.93981,22.46924457,5216.415777,1062.571075,11433.11556,0.197370001,1.96029139
B3_2_5,284.0924241,13.09394947,19770.66061,25.87871076,8682.659826,1999.143564,19798.15104,0.282241684,3.0177288
B3_2_6,265.2186564,11.57879853,18359.81696,21.67739305,7221.023085,1920.885755,15640.09786,0.270751615,4.36629786
B3_2_7,276.6028008,13.09962049,19808.27234,25.02925954,7907.255809,2085.767886,17293.05195,0.271580723,3.06934659
B3_2_8,259.9281473,12.20964536,20249.72486,21.71824572,7441.901741,1937.538328,16689.98253,0.258396907,4.43310655
B3_2_9,288.1549057,13.90655971,20852.90671,24.59629844,8111.189661,2108.86351,16718.0773,0.278788627,5.54839835
B3_2_10,309.2798928,15.08664311,22799.3083,26.29745402,9274.762589,2296.308931,20122.0899,0.349182631,3.57391581
B3_2_11,304.5937685,14.475633,19817.79964,25.81760401,8259.688164,2298.492387,17684.74901,0.293579439,4.69591199
B3_2_13,299.0970797,14.26575737,19926.30285,27.45881893,8173.734117,2216.390697,18217.74872,0.284587646,3.39249889
B3_2_14,296.4086984,14.91973507,19122.28595,27.70543304,8222.500682,2286.290814,17657.41601,0.325830775,4.46871695
B3_2_15,317.2283259,16.19063155,20368.4062,32.64873891,8666.742405,2387.402372,19253.72722,0.309073846,7.89368061
B3_3_5,436.2988217,21.26427234,23734.5883,35.36518077,10094.66113,3048.74279,23609.28773,0.444208939,0.69650165
B3_3_6,432.0720984,21.41440158,23491.85022,51.6640949,10099.88001,3074.080132,23545.59267,0.418454738,1.17551942
B3_3_7,464.0086135,22.74978071,24966.11245,38.91502831,10527.82369,3251.264316,23231.86362,0.444606907,2.51494815
B3_3_8,444.4020617,21.47600882,24082.34612,34.69711169,10143.84819,3032.719802,22661.91968,0.405427911,0.45407133
B3_3_9,406.5535478,20.19034734,22051.07298,33.89423672,9307.820638,2834.001292,20637.73067,0.377119941,0.8273304
B3_3_10,396.6829884,19.3031455,21870.78025,32.32402474,9129.053678,2727.456097,21000.24363,0.393132074,0.86805331
B3_3_11,376.8011607,18.93194353,20730.29573,34.20017308,8721.830456,2660.596196,19588.96496,0.353133887,1.13340464
B3_3_13,412.2570032,19.75206045,22952.27726,33.75774026,9607.729614,2892.717212,21878.75555,0.410812203,0.51373908
B3_3_14,443.0397924,20.89843949,24125.0066,36.23758791,10012.94823,3119.444449,22321.93162,0.415951704,0.69984957
B3_3_15,462.0548964,24.28919105,23204.015,39.93089246,9767.043742,3044.090918,20991.15965,1.03291955,0.23996605
C1_1_1,872.6281869,74.07915144,52654.94246,58.95034926,5600.341922,982.6366914,8233.637283,0.846954149,9.28917591
C1_1_2,844.0401679,88.99386086,59386.98537,61.40565462,6739.222533,969.9136296,9093.284523,0.413200431,18.1656021
C1_1_3,930.3845681,88.612923,58160.12675,60.96088475,6518.359743,1066.779463,9597.256221,0.320560008,13.3148562
C1_1_4,1024.354365,117.924208,63043.89225,58.14447884,7616.592037,1033.564683,9213.875996,0.45370307,5.48009605
C1_1_5,890.7882925,135.2423293,60188.62452,58.07396552,10299.242,1629.957414,11411.27425,0.501067838,14.2906471
C1_1_6,1094.451785,159.0348259,56960.17283,59.30152455,9392.078613,1294.483782,10911.14781,0.340954622,6.55533934
C1_1_7,1191.236626,113.7605025,66740.70871,73.39588525,7794.177212,1219.909802,10416.52096,0.4288311,7.73165642
C1_1_8,1243.292867,101.819023,66381.17483,70.70435348,7930.582071,1316.876617,9940.273804,0.387003843,3.16567685
C1_1_9,882.2962723,101.9613333,54189.07355,59.82403415,6538.342096,1054.146685,8924.429514,0.312087558,3.88428563
C1_1_10,1154.837133,95.77750955,68788.76173,90.91775088,8126.08648,2104.849251,10202.41899,0.832269977,9.92776122
C1_1_11,1186.631491,118.3969961,76673.66761,79.56148635,8669.264889,903.2565628,12583.96516,0.566035778,15.1166877
C1_1_12,1058.979286,92.87428678,64994.19377,75.45483347,7159.579473,1292.208393,10198.81985,0.409370522,11.6129034
C1_1_13,1370.059446,127.8437257,82541.32116,82.23762375,9438.16061,2036.890085,11400.16745,1.351682235,8.44888142
C1_1_14,1537.341628,130.693558,82345.96779,80.77769162,9511.499186,1446.341954,11190.90909,0.570600356,5.17560108
C1_1_15,1284.165236,114.6137014,71577.38996,69.67249492,8258.455681,1474.147193,10313.66856,0.505867972,9.26339787
C1_2_1,468.4906454,26.84183264,25796.87569,39.61277977,5071.632048,2673.10874,3116.893051,0.602793543,10.7044857
C1_2_2,493.8885657,30.39580737,26796.8454,41.81387989,5669.031556,3040.854879,3343.093359,0.688424687,6.13841237
C1_2_3,352.8052025,25.55669764,18869.9128,31.3759579,3202.627355,2216.906945,1861.516555,0.556040572,3.73709508
C1_2_4,511.9104053,31.44214743,28126.77892,52.57625159,5559.219872,3131.090178,3312.621506,0.67894478,5.51472793
C1_2_5,438.1331179,27.40328777,22983.13702,42.76420373,4660.365977,2712.738994,3007.847536,0.585593991,3.46969329
C1_2_6,464.409395,30.00760812,25379.39721,43.17968396,5088.58558,2962.578969,3212.870694,0.628834279,1.32017311
C1_2_7,475.3657184,28.18661332,24661.39206,40.61595669,5054.869628,2700.162735,3127.904669,0.665043838,8.9922877
C1_2_8,415.7929715,26.41191945,22148.22489,37.9893873,4286.550378,2612.46392,2876.63915,0.663050387,4.31284145
C1_2_9,430.9106722,28.45544936,23569.0844,40.20901226,4615.384743,2732.257134,2852.891342,0.630078532,7.39142619
C1_2_10,340.2319183,23.73802051,19524.20467,33.66841785,3540.118952,2227.633926,2269.828692,0.543843392,4.46507626
C1_2_11,472.4134847,28.92033253,25152.80791,42.79579748,4713.276119,2889.15912,2822.617486,0.687039902,5.66848097
C1_2_12,473.3026299,28.07030245,25579.23243,43.17526671,5055.165012,2838.935512,2968.900294,0.68448945,3.20702526
C1_2_13,483.0586027,32.70481949,26134.30049,52.81814111,5282.649203,2774.663982,3569.493575,0.833253326,10.3059194
C1_2_14,406.2266334,24.59739252,21938.6819,39.52766931,4017.368229,2566.153528,2268.889393,1.308150816,0.56000093
C1_2_15,535.8741129,29.02897694,27812.05244,51.01191082,5962.663385,3425.074929,3583.116537,0.873780417,5.18236306
C1_3_1,302.9424311,25.54767247,15580.33672,31.00172133,2935.41501,1824.859385,1950.256509,0.258952034,0.29673571
C1_3_2,319.2691892,24.67395483,15879.87817,32.01323041,3008.874913,1882.121604,1910.059713,0.262337274,1.84663183
C1_3_3,386.3270923,28.04163024,16151.12645,32.28926405,3090.503699,1849.598033,2141.643749,0.298599139,0.93398731
C1_3_4,346.8602022,35.3165707,17029.86099,30.55009349,3227.477181,2114.24524,2196.315868,0.281027209,0.59626432
C1_3_5,332.9836158,33.53424731,15690.38702,28.15121039,2896.215346,1834.444038,1817.815868,0.25470101,0.41726575
C1_3_6,351.4340971,30.92766192,16421.37909,30.09311314,3129.250058,2039.162547,2008.870556,0.271510651,0.59047946
C1_3_7,359.4330341,32.35912198,17179.2051,28.99194538,3264.298138,2033.817363,1947.556101,0.248385244,1.71318651
C1_3_8,327.4512985,35.43846617,15259.98025,27.12371809,2837.725053,1813.587594,1829.608907,0.231004806,0.50795346
C1_3_9,357.7406352,33.79772422,15269.90355,26.08559159,2815.593262,1795.483001,1838.838086,0.238535512,6.03187482
C1_3_10,354.6357683,29.14153776,14546.36261,26.69831332,2678.979466,1604.301808,1847.789123,0.209415602,0.62284484
C1_3_11,326.143248,48.62669556,15926.07582,27.08768234,3288.866793,2066.194381,2170.359518,1.056988153,1.38036505
C1_3_12,463.0729705,51.20799467,19151.76396,29.71083356,3863.572921,2401.457138,2265.173008,0.524771773,2.23891639
C1_3_13,373.2810613,37.81702824,16364.80781,29.03764373,2943.291612,1967.761373,2089.868816,0.276802408,2.61995987
C1_3_14,354.1664163,44.0868384,15984.96781,37.6268746,3033.578025,2092.153936,3541.277135,0.256840008,1.51622875
C1_3_15,276.5412591,21.43658084,7535.981027,25.04978649,1334.916078,872.5594614,1446.401057,0.278808858,1.5520063
C2_1_1,502.0,20.1565,23963.5,259.889,6950.5,2701.5,18279.5,1.8765,2.38389827
C2_1_2,584.5,20.9815,27235.0,78.097,7851.0,3330.5,9042.5,0.57,0.68918522
C2_1_3,590.0,20.0435,28083.5,71.3935,7921.0,2314.0,9342.5,0.4255,6.1817862
C2_1_4,547.0,20.8895,25526.0,78.119,7336.5,2679.0,9087.5,1.621,3.38751591
C2_1_5,516.0,22.6595,25018.0,81.5585,6937.0,3097.0,8289.5,1.443,1.44121211
C2_1_6,687.5,20.1805,29297.5,72.0725,8159.0,3425.0,10603.0,0.614,1.8547526
C2_1_7,605.5,23.2615,30428.5,84.208,8560.5,3338.5,11375.5,0.597,3.44259623
C2_1_8,568.5,22.1085,25480.0,73.38,7186.0,2623.5,9440.5,0.409,2.03475667
C2_1_9,509.5,19.5145,24800.5,79.1055,7108.5,3160.5,9641.5,1.1815,1.94103142
C2_1_10,515.0,20.8155,25324.5,72.269,9348.0,3104.0,27115.0,0.2865,3.57848379
C2_1_11,570.0,22.264,27675.5,78.029,7829.0,2946.5,8313.5,0.3625,0.85772091
C2_1_12,588.5,20.502,26318.0,72.7505,8028.5,5957.0,10254.0,0.3245,1.60478838
C2_1_13,711.5,21.521,34533.5,76.5455,9784.0,3616.0,12112.0,0.414,1.32266646
C2_1_14,718.5,20.34,32905.0,74.488,10647.5,3879.0,24008.5,0.394,1.60005689
C2_1_15,524.0,20.982,29177.5,75.188,7788.5,3399.0,10449.0,0.427,2.44242539
C2_2_1,564.0,15.5795,27676.5,62.356,8597.0,6504.5,49796.5,0.5635,4.94815433
C2_2_2,600.0,16.1445,29962.5,106.5435,8845.5,6876.0,26663.0,0.633,7.99257962
C2_2_3,660.5,24.063,33233.0,87.041,14165.0,9084.0,42675.0,0.7885,2.41763553
C2_2_4,661.0,19.885,31747.0,87.0845,10130.0,6155.5,24753.5,0.7465,2.77650221
C2_2_5,556.5,14.3075,30285.5,55.534,7881.5,5451.0,36371.5,0.6665,6.96729446
C2_2_6,637.5,21.306,33216.0,69.098,11529.0,7230.5,94423.5,0.793,3.53108632
C2_2_7,588.5,16.24,28582.0,68.0615,8848.0,7310.5,26372.0,0.632,6.8556172
C2_2_8,578.0,15.338,26875.0,54.6815,8220.0,5715.5,33141.0,0.5885,9.29138855
C2_2_10,673.5,24.086,34109.5,84.196,14780.5,8810.0,45520.5,0.7005,7.95873383
C2_2_11,522.5,15.7455,25802.5,78.32,8002.0,5915.0,25618.5,0.6155,6.35992176
C2_2_12,601.5,16.163,28149.0,60.3605,8362.5,6522.5,24110.5,0.681,4.15025084
C2_2_14,545.0,14.268,27250.5,59.733,8345.5,5926.5,32480.5,0.724,4.00473282
C2_2_15,518.5,14.56,24323.0,70.619,7556.5,6449.0,23929.0,0.6115,7.41239649
C2_3_1,638.0,17.683,30818.5,74.814,9907.5,6424.0,24451.0,0.531,1.85412971
C2_3_2,1265.0,18.5725,62503.0,76.998,21065.5,14097.5,47195.5,0.55,1.62396768
C2_3_3,593.5,19.0175,26483.0,96.923,7385.0,2331.0,30817.5,0.4255,1.96391958
C2_3_4,628.0,14.684,29442.0,72.1295,8295.5,5892.5,30264.0,0.57,2.18015866
C2_3_5,777.0,17.5665,37785.5,60.5465,13163.5,8090.0,28518.5,0.568,1.94962146
C2_3_6,695.0,18.1595,33113.0,62.336,10758.0,7259.5,26165.0,0.8225,2.63312128
C2_3_7,570.0,13.9745,28140.0,84.138,8372.5,5030.5,40916.5,0.5485,2.06513137
C2_3_8,1383.0,19.2085,67729.0,78.7315,23259.5,17990.0,56340.0,0.6305,1.6003764
C2_3_9,678.5,17.584,31741.5,63.3215,10369.5,7282.5,27548.0,0.565,2.31284372
C2_3_10,581.5,15.9,29117.0,53.6925,8261.5,4190.5,23679.0,0.537,2.57820055
C2_3_11,702.0,18.6025,34196.0,76.0565,11578.5,6787.0,26483.0,0.5415,2.89358939
C2_3_12,996.0,19.368,47391.0,76.813,17037.0,11313.5,78561.0,0.9575,4.70722714
C2_3_13,669.0,18.579,32926.0,76.358,11177.5,7455.0,25411.0,0.5685,1.98731377
C2_3_14,653.5,16.7975,32269.0,58.4055,11097.5,8165.5,25024.0,0.4895,2.47281571
C2_3_15,762.5,18.3325,36348.0,71.8465,11852.0,7944.5,29416.5,0.5815,2.02644209
C3_1_1,308.8400709,28.60812963,18090.60622,28.619073,4030.664831,2507.588339,4000.816197,0.318796844,0.75690167
C3_1_2,333.9277485,27.95072088,18561.47467,29.70785417,4037.14934,2228.237307,4337.935358,0.350433417,2.26219127
C3_1_3,524.912358,40.65681228,31340.05136,44.94692184,7240.554624,3892.589525,6509.826229,0.593567619,2.77016987
C3_1_4,335.2147036,26.89950261,19561.45695,28.57514269,4616.231649,2384.161867,4806.391409,0.348990389,3.36959591
C3_1_5,315.6370608,23.88264308,18095.43361,25.9471755,3963.771195,2132.2656,4024.469519,0.324684053,4.03425261
C3_1_6,615.2303548,49.07053486,35825.91394,53.46822095,8651.789704,4713.857107,9695.812372,0.737566471,4.93372907
C3_1_7,531.2907526,44.81023733,32047.86505,49.22006256,7539.908466,4492.561309,8216.48763,0.779463547,4.61698535
C3_1_8,511.6933683,41.66446479,31143.08718,43.06590228,7153.094263,4202.697042,7732.571676,0.60126969,2.31304111
C3_1_9,463.5978574,35.49248712,27797.65768,46.56060899,6422.271381,3618.680954,6012.58782,0.521983949,1.26271653
C3_1_10,450.4409073,33.91604469,26884.6609,40.43317162,6229.139141,3215.395,5924.449779,0.480619632,2.15336363
C3_1_11,482.4858961,32.0594002,28857.83957,40.74043032,6613.290049,3657.145301,6143.799776,0.526394496,5.32812908
C3_1_12,537.3910372,34.02542223,31900.92813,44.67445893,7365.541252,4017.582248,6311.369743,0.924684673,2.15011473
C3_1_13,545.8609417,33.04464566,30944.21592,43.87930442,7044.022852,3733.838999,6165.4744,0.51836476,2.8191988
C3_1_14,527.9556856,33.69729852,30613.64743,43.82483015,7050.908351,3662.610769,7360.101063,0.535498429,1.70121196
C3_1_15,458.5605516,30.78208471,26537.64905,40.13242648,6077.15702,3132.282413,5953.74102,0.649266311,2.17286812
C3_2_1,458.5913648,28.56475015,24249.06878,38.59970577,5261.23338,3396.297065,7076.748866,0.514926459,1.52207055
C3_2_2,614.0841764,35.93554891,32789.53129,50.47697639,7196.534219,4584.246388,9005.049802,0.809290039,1.25912625
C3_2_3,664.7836813,39.98720823,34650.76984,54.67353792,7485.821136,4515.262425,8903.757313,0.78428081,8.03108721
C3_2_4,654.0197037,40.06594527,35514.41706,49.44590434,7655.162431,4587.527315,8573.301179,0.845832694,2.23672063
C3_2_5,657.0238265,55.20473287,34824.73946,53.08840302,7502.369462,4461.063924,8231.780596,0.78381319,2.73053043
C3_2_6,658.4039321,38.70540607,33381.28561,52.47545462,7321.904713,4412.345531,8208.67121,0.653978734,7.26687573
C3_2_7,596.3762515,36.6762534,32007.04848,46.72737476,6930.543844,4254.04098,7426.193309,0.588845148,5.63871692
C3_2_8,659.7813451,45.99710235,35474.15293,55.81720822,7792.122255,5057.857029,8707.846921,0.638533512,1.95857049
C3_2_9,576.4116871,36.53363235,30657.93844,47.61827428,6405.85991,4041.234744,6935.46822,0.564377789,6.05822439
C3_2_10,640.5714091,40.07241065,33447.01018,48.98763038,7210.690609,4534.026072,7406.532105,0.646012757,7.5636624
C3_2_11,659.7781055,38.86994278,33107.82755,47.67360247,7033.857263,4228.874383,7001.194154,0.602810032,7.10651794
C3_2_12,562.0790099,34.23429119,29393.88773,41.15408828,6316.158109,3906.23641,6426.489194,0.553932712,1.72277832
C3_2_13,612.2886403,37.3550879,32785.67041,45.41740216,6900.551855,4374.114565,7556.097452,0.622316229,2.29496137
C3_2_14,570.6139246,36.90829976,30580.00223,44.61147709,6354.0767,4004.67677,6568.854861,0.588567514,7.19838632
C3_2_15,620.4421456,39.16827513,32522.68882,46.08306836,6841.880597,4495.622517,7283.056666,0.60511997,1.91185046
C3_3_1,186.2136385,17.72933902,10580.4597,16.38642707,2987.514642,1107.354834,32280.43661,0.306442561,3.34782893
C3_3_2,193.8179727,15.1369693,10949.74962,16.76931335,3039.1389,1148.548203,30336.88706,0.306738284,5.08807029
C3_3_3,202.5796487,15.10565264,11211.33793,18.36240833,3159.255609,1183.949718,35147.63998,0.27088945,1.65727255
C3_3_4,196.2927347,16.21169319,10929.16019,18.02314609,3082.435487,1189.652864,37343.48655,0.283605662,11.3495064
C3_3_5,219.1689233,16.2689165,12087.79006,19.09490028,3387.841874,1287.278319,38576.52914,0.293940888,9.12385778
C3_3_6,284.2537198,18.82027156,16100.14574,24.49028269,4407.537599,1737.441289,40399.92613,0.380217188,3.33441405
C3_3_7,211.0460995,16.942046,11759.99152,18.99338097,3396.71059,1399.068708,36254.08869,0.285667127,1.40825369
C3_3_8,196.5882251,15.04788781,11091.15452,22.48287925,2974.090915,1232.359166,29669.07591,0.302992558,8.02947917
C3_3_9,175.0433098,12.90113538,9851.493258,16.57065061,2691.765948,1087.979992,25564.54691,0.233006942,3.4909486
C3_3_10,189.8315177,13.15352541,10956.90757,21.94828285,2938.197479,1159.98429,30379.55906,0.256079497,11.6099775
C3_3_12,194.8219237,15.85039636,11151.04594,20.4537761,2895.706554,1204.485047,25736.09146,0.38553039,8.33619249
C3_3_13,225.5681638,15.22377652,12433.31697,23.94669612,3419.875571,1365.425683,30139.75178,0.297203732,5.14429551
C3_3_14,217.1663834,15.44878468,12010.53655,22.67977817,3320.279566,1333.840973,25639.09379,0.256524212,12.1021853
C3_3_15,191.8298145,13.23696879,10725.20638,20.433854,2909.735001,1216.319538,25926.44321,0.237546664,6.80823859
D1_1_1,699.0,18.1685,32537.5,83.697,13127.5,6789.5,62952.0,0.893,3.09074293
D1_1_2,571.0,16.8475,27255.0,93.8985,10914.0,4467.0,54493.0,0.849,3.4245826
D1_1_3,810.0,22.3725,34642.5,73.3025,14973.5,9222.5,62366.5,1.043,6.45916733
D1_1_4,655.5,19.207,31162.0,68.3795,12643.5,7697.0,58132.5,0.8215,2.52562148
D1_1_5,697.5,18.7495,32620.0,65.8195,13131.5,7979.5,60443.5,0.8055,2.59008023
D1_1_6,655.0,17.6965,31317.0,69.5955,12533.0,8185.5,59581.0,0.828,3.2900164
D1_1_7,739.5,19.2275,32042.5,63.455,13420.5,8598.5,57090.0,0.838,1.18214422
D1_1_8,653.0,17.65,30708.5,60.6765,12296.5,6970.5,57249.5,0.7665,1.52138023
D1_1_9,518.0,19.0685,28564.5,64.7695,6258.0,6085.5,6150.0,0.84,2.72126498
D1_1_10,824.0,20.4565,35470.0,72.422,14973.0,9601.0,61902.0,0.8585,4.57951982
D1_1_11,696.0,19.3885,30059.0,68.8075,12611.0,7881.5,52205.0,0.7845,3.12807097
D1_1_12,683.5,19.8575,29395.5,71.388,12264.5,7225.5,52986.0,0.8625,2.33516884
D1_1_14,,,,,,,,,2.15060592
D2_1_1,493.0042844,24.25557235,23221.4395,38.40251137,8522.821155,3894.742978,31761.17431,0.784532371,0.65341443
D2_1_2,534.4921167,28.51793746,24977.46978,45.17157719,9220.427797,4331.227399,34393.96023,0.754600427,0.60383613
D2_1_3,530.6979539,25.65531391,24898.40169,40.25374074,9426.535844,4137.035067,36135.79703,0.70151821,0.47987713
D2_1_4,544.3670707,27.48115505,24921.84105,45.74598633,9265.130122,4448.448259,34479.3474,0.696406396,0.66220949
D2_1_5,582.2784419,29.37012006,26602.5861,48.33202263,9869.667897,4350.156208,37044.07161,0.645697653,0.44207692
D2_1_6,531.733897,25.82170843,25084.48138,39.28000299,9683.859975,4398.984458,36523.59901,0.606548589,1.80361269
D2_1_7,566.0704526,26.9196303,26381.46215,41.00070363,9905.988166,4514.657101,37100.59359,0.596252963,1.57654778
D2_1_8,357.2275277,24.19135616,16559.02825,36.98436201,6355.026042,3024.895344,23380.98405,0.370798358,0.80089519
D2_1_9,335.5777279,20.65812523,15673.80396,28.80995043,6137.535845,2806.048615,22575.40735,0.32277805,0.65425885
D2_1_10,395.7197939,24.59958096,17836.12487,41.45973353,6974.276909,3367.417959,25814.39022,0.40724754,0.85140201
D2_1_11,420.0427726,23.27463848,19786.40238,34.96824228,7794.869122,3542.556969,28100.43218,0.393557265,1.72878365
D2_1_12,328.2592546,18.24061123,15551.22697,28.30287607,5803.85909,2722.566792,21179.7865,0.340933597,2.24601036
D2_1_13,390.6655843,22.1119616,18555.28456,33.94230856,6812.704227,3105.208272,25313.80295,0.4061773,1.67423555
D2_1_14,374.5318412,22.56947905,17492.31097,38.39414329,6386.613136,2946.371957,24043.60563,0.394568411,2.75630899
D2_1_15,314.7101546,17.68769409,14828.58062,26.28489384,5512.305112,2586.270617,20342.26512,0.301385932,2.49807364
D2_2_1,318.0636664,17.30944096,15590.81468,34.85323309,6304.152503,2313.026031,27888.33652,0.469117854,1.4200936
D2_2_2,330.5754726,16.83128725,16231.89779,27.77123761,6330.746222,2436.580424,29432.3757,0.407182139,1.5323692
D2_2_3,354.2324462,18.05895596,17444.57037,38.05086253,6999.379472,2742.89633,31147.5445,0.448649011,1.50317172
D2_2_4,344.2818821,18.30597479,16519.78532,40.96480752,6917.951036,2545.81136,30994.77554,0.353717673,1.47309498
D2_2_5,367.5229178,18.34581346,17814.59117,37.19597794,7140.716624,2800.103262,31083.23085,0.401838189,2.45955994
D2_2_6,364.1776339,19.22751182,18014.37878,35.81254167,7266.722205,2735.860248,31547.60362,0.367239159,2.92013651
D2_2_7,399.0439401,19.19800246,19689.14727,33.17818091,7898.727471,3090.263879,34568.21083,0.396503405,1.18911426
D2_2_8,338.8416527,16.97937678,16314.99913,30.83621484,6660.135035,2517.067091,29180.70606,0.305097875,1.30773091
D2_2_9,389.5411767,22.6270065,18578.47886,52.88063628,7502.622229,2950.456524,33094.91756,0.392320597,0.88994066
D2_2_10,325.9968664,16.8356009,15846.94906,39.23590532,6484.675389,2445.413914,28315.94496,0.298337327,2.50306224
D2_2_11,367.3961909,19.38173693,17653.35222,46.5503766,7125.715938,2717.258879,30397.90092,0.344135589,1.56808546
D2_2_12,346.0258065,18.71055019,16784.52857,33.81708377,6854.17242,2624.438694,29995.76808,0.319082171,3.32594368
D2_2_13,312.8612125,16.49322377,15058.37502,35.01949098,6034.809395,2394.705803,26076.12805,0.268560524,3.01611147
D2_2_15,335.8570566,17.41206647,16197.88635,37.24172312,6416.04319,2575.094504,26905.30414,0.308803347,1.69486375
D2_3_1,410.4360403,18.61712902,21284.23313,31.67313946,8545.565145,3106.378426,33443.13547,0.404422336,2.08147617
D2_3_2,408.2743097,17.61137919,21166.26723,29.79872685,8345.678438,3159.478795,32703.41891,0.436046362,1.07558705
D2_3_3,432.4479539,18.40811587,22401.34514,30.40533208,9009.70646,3362.697128,34703.29012,0.420260452,1.55189725
D2_3_5,446.9488133,18.98914846,23338.281,32.01091029,9318.799164,3466.275794,35432.70672,0.433877175,1.32805053
D2_3_6,404.7529221,17.78018954,20807.49921,28.55174035,8252.958782,3030.993356,30832.88401,0.35234263,2.54088759
D2_3_7,402.5868516,18.00202912,20662.63241,28.89505871,8317.605882,3022.707936,30868.85035,0.364001985,2.06873179
D2_3_8,440.8096282,18.91963777,22718.4559,31.19129793,9112.890012,3368.999479,34754.01605,0.40519329,3.15215381
D2_3_9,437.7519588,19.09790074,22730.51195,31.6524981,9060.950786,3422.795514,33644.75869,0.405808688,3.14769871
D2_3_10,424.1988609,18.17719599,21882.12963,29.30507636,8747.44104,3223.667471,33181.37566,0.366766084,2.69951074
D2_3_11,435.1490135,18.71466547,22513.80612,29.75754412,9073.89463,3286.408915,34853.95865,0.409050612,2.09414755
D2_3_12,441.0142306,18.92541278,22683.13419,30.9488173,9266.838631,3460.284572,35137.65006,0.389953444,2.58460343
D2_3_13,402.7188299,17.42946584,20619.19147,28.17518838,8274.900029,3170.133138,31353.23014,0.348369257,3.27699339
D2_3_14,422.54109,18.06871876,21709.41801,29.09571972,8633.168844,3131.447541,32938.11952,0.358197481,1.6355821
D2_3_15,428.3373445,18.52084435,22314.76547,30.26692066,8821.592096,3214.627631,33160.87855,0.380764102,5.45810878
D3_1_1,491.0,14.4325,22267.5,57.5255,10404.0,5438.5,35166.0,0.8285,1.43685992
D3_1_2,551.5,11.765,25478.0,56.071,11814.5,4443.0,43150.5,0.3845,1.62929226
D3_1_3,555.5,15.3305,24840.0,65.239,11584.0,5293.5,39454.0,0.9415,2.91605212
D3_1_4,609.0,15.4785,27144.0,85.0955,12447.5,5484.5,43163.5,0.9975,5.30445715
D3_1_5,559.0,15.5675,24817.0,63.2435,11346.5,5807.0,37995.0,0.9335,2.585736
D3_1_6,569.0,15.277,25195.0,71.9635,11665.0,5615.0,39993.0,0.9075,1.54121891
D3_1_7,565.0,14.454,26716.0,62.651,12285.0,3905.0,44300.5,0.474,1.82880064
D3_1_8,553.0,16.221,25345.0,69.7455,11749.0,6021.5,38372.0,0.9285,2.99636237
D3_1_10,577.5,11.625,25412.5,56.357,11718.5,3465.5,42881.5,0.3945,2.28637726
D3_1_11,627.5,16.183,27908.0,57.9615,13103.5,6436.5,44015.5,0.7825,1.3300767
D3_1_12,725.0,31.922,43902.5,113.452,5891.5,10491.0,6954.0,1.3505,1.56524699
D3_1_13,651.0,14.7745,25436.5,59.153,12369.5,9275.5,42228.0,0.847,1.17542882
D3_1_14,572.0,15.974,25665.5,57.9575,11912.0,5664.5,40208.5,0.7725,2.61787657
D3_1_15,598.5,17.059,26670.0,62.313,12322.5,8071.5,40776.0,0.853,2.85551429
D4_1_1,793.0,24.0765,33366.0,86.213,13105.0,7256.5,51071.5,0.986,2.75678141
D4_1_2,767.0,22.942,31897.5,85.9445,12504.5,7018.5,49065.5,1.009,1.33712878
D4_1_3,765.5,24.369,33114.5,83.9685,11784.0,5612.5,46949.0,0.9345,0.98381214
D4_1_5,678.0,22.4195,28292.0,82.5645,11205.5,6243.5,47178.0,0.88,0.90687228
D4_1_6,783.5,23.667,33247.5,91.6515,13160.5,9686.5,55095.5,0.9015,1.35801261
D4_1_7,870.5,23.386,36633.5,85.4215,14336.5,9532.0,54462.5,0.82,1.15114423
D4_1_8,729.5,22.906,30525.0,88.469,13866.5,7260.0,76149.5,0.988,1.87561201
D4_1_9,729.0,23.4195,30178.0,80.0455,11894.0,5905.5,47684.5,0.866,1.17644645
D4_1_10,749.5,22.0105,32635.0,76.208,11839.5,5621.0,46589.0,0.8005,2.21556408
D4_1_12,892.5,23.6175,38250.0,154.3525,14007.5,8850.0,52690.0,1.145,1.08396668
D4_1_13,809.0,21.4945,34217.5,103.565,12491.0,6707.0,45028.0,1.1595,1.58027404
D4_1_14,818.5,23.801,33823.0,85.49,13318.0,7590.0,54951.0,0.949,0.91136081
D4_1_15,981.5,24.155,42172.5,87.6675,15494.0,9257.0,62199.0,0.9405,0.78265525
D5_1_1,688.0,18.8975,31024.5,85.5365,8789.5,3103.0,34904.0,0.8205,8.19560365
D5_1_2,708.5,17.5915,34283.0,105.221,10010.5,6235.0,40327.0,0.9245,3.0191563
D5_1_3,704.0,17.8245,34105.5,114.066,10024.0,6419.5,41092.5,1.068,4.93434492
D5_1_4,694.5,17.7415,30941.0,95.008,8885.0,3421.5,35445.0,0.758,4.15276071
D5_1_5,691.0,19.492,30637.0,93.426,8974.5,3632.0,33537.5,0.8705,4.0119959
D5_1_6,663.0,19.772,33192.0,122.019,10262.0,7006.0,37996.5,1.2485,4.3347593
D5_1_7,684.5,20.792,31490.5,92.373,9622.0,3484.5,34091.5,0.872,4.52488857
D5_1_8,737.0,21.0995,33900.5,103.0985,10184.5,4296.5,36334.5,0.9015,5.5733946
D5_1_9,765.0,22.256,34467.0,103.5635,10532.0,4077.0,37010.5,0.967,3.71103333
D5_1_10,755.0,22.7655,34488.5,99.7465,10509.0,4465.5,36648.5,0.983,3.16642247
D5_1_11,762.5,22.167,34466.5,94.8715,10566.0,5037.5,36447.5,0.9015,1.07784389
D5_1_12,745.0,24.5385,33297.5,102.525,10091.0,4391.0,35723.5,1.0205,2.28595972
D5_1_14,810.5,21.4965,36546.5,88.505,10914.5,4529.5,38541.5,0.909,1.55952839
D5_1_15,685.0,19.2965,30378.0,84.7085,9056.5,3178.5,35215.5,0.8775,6.69047406
D5_2_1,769.5,20.722,35112.5,105.368,13079.5,7057.5,57186.0,0.8065,2.74705745
D5_2_2,741.5,19.727,33508.5,95.11,12617.0,6520.0,56052.5,0.6885,9.9239627
D5_2_3,855.5,24.9965,37838.0,117.302,14202.0,7625.5,62039.5,1.1595,6.81500013
D5_2_4,730.5,19.6665,33793.5,93.598,12958.0,5329.5,56222.0,0.6185,5.27706666
D5_2_5,719.5,19.0185,33182.0,88.827,12906.0,6661.5,53155.0,0.852,4.01323753
D5_2_6,635.0,17.1365,29166.5,84.4305,11353.0,5158.5,46808.0,0.909,7.81164254
D5_2_8,705.5,19.7235,32542.0,94.4065,12646.5,6763.0,52374.5,0.72,3.25343155
D5_2_9,723.5,20.1695,33859.5,93.6305,12867.0,6608.5,54425.0,0.784,7.53742623
D5_2_10,713.5,20.125,33256.5,98.7045,12716.0,6042.0,53198.5,0.833,3.86161792
D5_2_11,746.0,19.3725,33882.5,98.8885,13206.5,5422.5,56545.5,0.825,8.07512872
D5_2_12,742.0,18.7195,34157.5,79.6385,13429.0,6693.0,55537.5,0.7115,9.41963296
D5_2_14,694.5,21.0815,32290.5,91.687,12498.0,6622.0,52480.0,1.3855,5.73565318
D5_2_15,770.5,19.9225,34371.5,124.2835,13069.0,6481.0,60538.0,0.9635,11.4314107
D6_1_1,772.0,17.0295,35085.0,56.41,13266.5,7885.5,67456.5,0.481,6.70535024
D6_1_2,687.0,15.7085,31296.0,55.85,11762.0,7225.0,61188.5,0.604,3.06641411
D6_1_3,743.0,15.4485,33530.0,52.4525,12607.0,8783.0,61076.5,0.528,3.25015117
D6_1_4,754.5,16.8325,33956.0,55.9735,12823.0,9226.5,63876.0,0.5935,3.41579536
D6_1_5,686.5,15.65,31464.0,52.4395,11856.0,7899.5,60518.0,0.4555,1.62641927
D6_1_6,772.5,16.984,34823.5,53.595,13110.5,7612.0,68324.0,0.5585,7.1263649
D6_1_7,710.5,14.9525,32319.0,50.8005,12221.5,6764.5,63648.5,0.453,2.07730225
D6_1_8,729.0,16.3035,33498.5,61.011,12638.0,7724.0,66420.0,0.552,3.01600937
D6_1_9,832.5,16.9785,37983.5,57.254,14343.5,9894.0,71274.5,0.797,8.52748965
D6_1_10,712.0,16.9215,32690.0,56.764,12317.0,7772.5,63725.0,0.4815,3.07703019
D6_1_11,761.5,15.4305,34447.5,51.373,13104.5,9863.5,64771.0,0.454,1.71295371
D6_1_12,727.0,15.474,32976.0,50.985,12498.0,8725.0,64098.5,0.4615,2.47528879
D6_1_13,735.5,15.4605,33327.0,52.5275,12599.0,7948.0,64631.0,0.435,3.89301585
D6_1_14,688.0,15.7685,31309.0,52.215,11657.0,7281.0,58497.0,0.464,1.62482696
D6_1_15,819.5,15.9795,37260.5,56.227,14036.5,10408.5,69632.5,0.508,3.45660386
E1_1_1,860.0,27.6755,38088.0,90.2025,12013.0,7287.5,39198.5,0.8055,1.07059443
E1_1_3,1038.5,28.151,45395.0,109.576,14264.5,10655.5,36762.5,0.948,5.86022787
E1_1_4,965.5,28.82,40054.0,90.9055,12706.0,8401.0,33011.5,1.042,5.03214112
E1_1_5,809.5,30.065,35388.0,104.6935,11319.5,10289.5,31621.0,0.954,2.30807107
E1_1_6,968.0,28.8915,40210.0,93.3515,12686.5,8072.5,30207.0,0.9995,2.02384006
E1_1_7,828.5,28.1005,36923.5,138.612,11404.5,7741.0,31051.0,0.8795,10.2252121
E1_1_8,905.0,26.599,40076.0,103.733,12853.5,10399.0,34166.0,0.9235,3.69559448
E1_1_9,971.5,26.987,43109.5,104.947,13603.0,10487.0,30624.0,0.844,3.13585735
E1_1_10,904.0,28.1335,37432.0,90.8585,11860.0,7076.0,30372.0,0.9695,1.68870064
E1_1_11,807.0,25.2725,35733.5,95.166,11229.5,8494.0,26522.0,0.694,2.03966979
E1_1_12,791.5,24.6925,35027.5,130.529,11101.5,9538.0,28202.5,0.861,2.79884659
E1_1_14,976.5,29.353,43213.5,122.416,13845.0,12953.0,35054.0,0.9775,11.424152
E1_1_15,825.0,25.4595,33160.5,93.573,10680.5,6674.0,26974.0,1.0515,4.74767186
E1_2_1,733.5,20.6525,32580.0,79.0835,11160.5,7690.5,54139.0,0.882,1.15542421
E1_2_2,491.0,18.3585,26085.0,75.6605,6709.0,5779.0,4166.0,1.0465,0.86616983
E1_2_3,712.5,18.842,31828.5,58.238,10548.5,6864.0,72251.5,0.7755,1.39809808
E1_2_4,676.5,19.4445,29804.0,59.2445,10524.0,6611.5,52983.5,0.8045,8.20584125
E1_2_5,767.0,22.01,33930.0,64.033,12146.0,6936.0,65113.0,0.8905,1.10455522
E1_2_6,824.5,21.9835,36637.5,63.965,12859.5,10761.0,59329.0,0.954,1.14393954
E1_2_7,756.5,21.2635,33812.5,62.838,11096.0,8029.5,54610.5,0.9035,1.69337159
E1_2_8,747.5,20.4705,33144.5,67.147,11651.5,7290.0,58830.5,0.8595,5.73956907
E1_2_9,564.5,19.769,25103.0,56.146,8470.5,5032.0,48868.0,0.8035,2.84290919
E1_2_10,709.5,18.0265,32200.0,53.703,10588.0,6910.0,58305.0,0.7725,2.38185324
E1_2_11,744.0,20.178,32996.5,65.436,11169.5,7504.5,58902.0,0.807,1.70061617
E1_2_12,876.5,26.622,37871.0,83.4945,11990.5,10031.5,31250.5,0.9745,1.61072866
E1_2_13,199.0,27.757,8309.5,125.867,2814.5,2099.5,6783.5,1.163,4.66326434
E1_2_14,713.5,19.787,31390.0,59.38,10804.0,6435.5,52901.5,0.8885,1.12318879
E1_2_15,606.5,21.442,26864.0,69.137,8757.0,6325.0,38481.5,0.8915,2.63548827
E1_2_16,730.5,20.983,32609.0,62.611,11626.5,7782.0,52735.0,0.819,2.2543148
E1_3_1,967.0,25.464,42239.5,98.148,13466.5,8413.5,31096.0,0.753,1.05125752
E1_3_2,861.5,27.424,37433.5,138.43,11660.0,8558.0,26761.5,1.1005,2.95721996
E1_3_3,999.5,31.862,43510.0,113.202,13931.0,12024.0,32036.0,1.3275,3.83958773
E1_3_4,898.5,28.9745,38549.0,120.0035,12207.5,9594.0,29520.5,1.101,4.64433095
E1_3_5,982.0,30.11,41949.5,105.3285,13248.0,9702.5,31785.0,1.367,4.0350139
E1_3_6,899.0,26.507,39008.0,102.0785,12477.0,9904.5,28587.0,0.8545,1.81668113
E1_3_7,884.5,27.574,37841.5,89.0355,12177.0,9497.5,26367.0,1.012,5.89870751
E1_3_8,881.0,26.0245,39202.0,112.337,12449.0,8645.5,27873.5,1.113,2.60062611
E1_3_9,965.5,28.68,41273.0,92.4625,13296.5,9905.5,29899.0,1.0905,1.39874183
E1_3_10,957.0,28.1425,41832.0,98.6505,14458.0,9390.0,39414.5,0.8655,1.68013707
E1_3_11,929.0,29.04,39876.5,88.7875,12769.0,10389.5,28306.0,1.013,1.28263163
E1_3_12,908.5,30.4225,40194.0,154.028,12757.0,11706.5,28600.5,1.1065,0.66807115
E1_3_13,922.5,29.5515,40873.5,123.342,12578.5,9338.0,29722.5,1.216,5.34901738
E1_3_14,914.5,25.9165,39822.0,91.627,12878.5,9090.0,34296.0,0.8645,0.71922247
E1_3_15,910.0,29.7905,40338.5,115.5145,12850.0,12147.0,28081.0,1.0465,1.16800526
E1_3_6d,797.0,24.9215,34799.5,91.5685,11045.5,6712.0,25611.5,0.7435,4.31359254
E2_1_1,838.5,24.2975,32380.5,75.2965,9785.0,6085.5,27609.0,0.96,7.38994552
E2_1_2,970.0,27.5625,39051.0,92.655,12687.0,8780.0,44577.0,1.092,4.26503166
E2_1_3,831.0,23.5015,31283.0,78.148,9654.5,6615.0,30731.0,1.087,4.76498164
E2_1_4,853.0,25.463,33181.5,81.448,10160.0,6365.5,34479.5,1.054,4.1639593
E2_1_5,775.0,23.6415,29541.0,78.5105,9516.5,6270.0,34484.5,1.0255,1.11159356
E2_1_7,866.5,24.719,32756.5,80.671,11110.0,7034.0,45581.5,1.112,1.32375669
E2_1_8,861.0,25.015,32719.5,83.9295,10854.0,7041.5,43457.0,1.0475,0.51369813
E2_1_9,798.5,25.7405,33922.5,104.22,11092.5,6701.5,40253.5,0.7315,4.71523518
E2_1_10,821.0,24.997,34314.0,94.016,11178.5,5897.0,40925.5,0.89,4.20438344
E2_1_11,815.5,26.0845,34027.0,94.436,10977.0,6278.0,40124.0,0.9195,0.59229868
E2_1_12,826.5,26.019,33886.5,102.135,10935.5,5789.5,38720.0,0.871,1.65755708
E2_1_13,940.5,27.5895,36801.5,94.009,12729.0,7880.5,51144.0,1.14,1.29837407
E2_1_14,795.0,26.89,32726.5,101.859,10646.0,6107.5,38651.0,1.002,1.60175865
E2_1_15,904.0,27.0705,34726.0,89.275,11626.5,8393.5,42620.0,1.1715,2.59010553
E2_2_1,703.0,18.1265,31945.5,78.119,8445.0,7619.0,4660.0,1.439,0.81161576
E2_2_2,877.5,22.7125,37793.5,71.3395,12458.0,10144.5,49078.0,1.068,1.28070683
E2_2_3,938.5,22.991,41311.5,78.088,13411.0,11346.5,47278.0,1.0295,0.4774581
E2_2_4,754.0,25.555,34301.5,94.6195,11445.5,8555.0,44525.0,1.373,1.32292036
E2_2_5,722.0,12.4255,25581.5,58.1965,6897.5,6733.0,47374.0,0.3885,2.09092202
E2_2_6,659.0,20.469,40828.0,96.944,12607.5,13778.0,11901.5,0.8145,1.26774612
E2_2_7,930.0,24.2925,40388.5,91.1925,13582.5,11067.0,60986.0,1.2065,2.73258433
E2_2_8,599.0,25.963,27462.5,106.197,9325.0,6768.0,36755.5,1.528,1.23709359
E2_2_9,898.5,20.8025,38975.5,65.7875,13094.0,9577.0,62359.0,0.9775,1.29825364
E2_2_10,848.0,21.0635,36504.5,67.2165,12252.5,9722.0,58502.0,1.011,1.05268791
E2_2_11,541.0,25.131,24692.5,92.649,8322.5,5931.0,35793.5,1.3445,1.09382854
E2_2_12,978.0,23.2935,41058.5,75.552,13630.0,11739.0,56009.0,1.084,1.3743497
E2_2_13,886.5,22.321,38407.0,71.993,12807.0,8909.0,53219.5,1.044,0.60128121
E2_2_14,905.5,22.067,39164.0,70.7765,12914.5,9678.0,47961.0,1.04,2.27542339
E2_2_15,918.0,23.2965,39613.0,82.642,13117.5,10211.5,52583.0,1.04,0.30751923
E3_1_1,718.5,20.486,28586.5,65.8015,10316.5,5265.5,63517.5,0.8965,4.00362416
E3_1_2,762.0,21.8875,30619.5,75.55,11257.0,9080.0,66994.0,0.944,1.50549623
E3_1_3,860.0,24.909,34368.5,81.186,12030.0,6979.0,72161.0,1.1375,5.7519008
E3_1_4,872.5,24.277,34867.5,80.935,12701.5,8053.0,72138.5,1.1935,1.38968652
E3_1_5,828.5,25.202,32653.0,87.4945,12244.0,5661.5,74093.5,1.216,0.6920387
E3_1_6,746.0,21.8285,29374.0,74.0125,10779.5,5137.5,64290.0,1.002,4.42900562
E3_1_7,826.5,22.425,32830.0,73.717,11722.5,6281.5,74646.0,1.003,2.24238862
E3_1_8,840.5,24.1835,34068.5,77.7085,12233.0,8592.5,75903.5,1.033,4.13709612
E3_1_9,731.5,20.9265,29188.0,68.6445,10551.0,6804.5,68452.5,0.9015,1.45303041
E3_1_10,746.0,21.403,29641.0,69.795,10767.5,6448.0,67374.5,0.935,3.04831955
E3_1_11,712.5,20.84,28576.5,73.1525,10327.0,4857.0,65207.5,0.913,0.88716836
E3_1_12,874.5,23.959,34712.5,79.279,12367.0,6117.5,80986.5,1.095,1.8003643
E3_1_13,853.0,23.8515,33842.5,77.614,11990.5,6286.0,74443.0,1.3995,1.88565463
E3_1_14,742.0,22.5425,29470.5,73.1735,10596.0,5220.5,67410.5,0.991,0.39901409
E3_1_15,827.5,24.5335,33067.0,102.1895,11956.5,6601.0,68274.0,1.058,5.00402622
E3_2_1,848.0,23.8645,38926.5,72.8935,12107.0,9197.5,51479.0,0.9985,1.9901615
E3_2_2,824.0,25.9245,37969.5,82.573,11940.5,10069.5,48459.5,1.0435,0.64213034
E3_2_3,828.0,22.5815,38561.0,85.3985,11950.0,9041.0,49518.0,0.971,0.83160815
E3_2_4,868.0,24.0165,39915.5,74.6885,12592.5,11732.5,52124.0,1.0645,1.04412938
E3_2_5,866.0,22.6485,40152.0,76.1505,12879.5,11915.0,54080.5,0.923,1.16820574
E3_2_6,753.5,22.2,33980.5,69.469,10898.0,7741.5,57184.5,1.0665,1.8362848
E3_2_7,831.0,24.3525,37954.0,75.0515,11808.5,7979.5,48689.0,0.991,4.3610527
E3_2_8,856.0,24.1845,40360.5,95.056,12661.5,11003.5,49819.5,1.097,2.11031329
E3_2_9,794.5,21.808,36214.5,69.4765,11118.5,6855.5,46611.0,0.9335,3.10096413
E3_2_10,844.5,22.948,38802.5,69.8825,11779.5,7964.0,46091.5,0.92,1.34289804
E3_2_11,870.0,24.207,40544.5,77.454,12552.5,8751.0,53815.0,0.9905,0.87478055
E3_2_12,941.5,25.7295,43753.5,79.4305,13597.0,10759.0,54621.5,1.003,1.24667498
E3_2_13,872.5,25.062,39729.0,112.175,12036.5,8940.5,50938.0,1.1535,1.4128532
E3_2_14,810.5,24.1635,37831.0,78.114,11842.0,9132.5,46820.5,1.011,1.78021672
E3_2_15,852.0,25.8145,39759.0,79.2745,12456.0,9732.0,48810.5,1.041,1.34587289
E4_1_1,820.5,23.403,37112.0,78.8395,12405.0,7759.5,50700.5,0.8805,0.77961254
E4_1_2,756.0,25.257,34704.0,82.384,11709.5,8428.5,46568.0,0.9735,0.70075456
E4_1_3,797.0,24.268,36616.0,76.6575,12495.0,9028.0,48684.0,0.924,2.19838191
E4_1_4,696.5,21.7765,31865.5,148.412,10746.0,8313.0,41657.5,0.9415,1.9980857
E4_1_6,799.0,20.873,35429.5,67.2305,11776.5,7330.5,45985.5,0.85,1.85866869
E4_1_7,738.5,23.476,33918.5,74.6335,11373.0,8378.0,46822.5,0.935,1.19227289
E4_1_8,794.5,24.622,36172.5,81.888,12237.5,9383.0,47196.5,1.0135,1.9076631
E4_1_9,826.0,22.676,37124.5,72.3075,12441.0,8610.5,48667.5,0.8815,0.89108498
E4_1_10,810.5,24.0245,37704.0,79.4805,12426.0,9023.5,48633.5,1.0005,1.22036853
E4_1_11,738.5,22.818,33960.5,72.1975,11543.5,10211.5,46010.5,0.8885,1.7132571
E4_1_12,774.5,25.2805,35335.0,81.3005,11860.0,8728.5,45562.0,1.0225,1.63599715
E4_1_13,706.0,22.3125,32446.0,90.723,10928.5,8163.5,42526.0,0.8955,0.63264821
E4_1_14,766.5,23.3945,35284.5,75.777,11906.0,9505.5,47310.5,0.969,1.39577132
E4_1_15,739.0,25.6255,33443.0,91.9195,11211.0,7974.5,47287.5,0.921,2.22277218
E4_1_16,722.0,22.9775,32809.0,81.9405,11076.5,7737.5,46354.0,0.87,0.76860386
E4_2_1,582.0,19.8115,24934.5,63.4535,8367.0,5341.0,32478.0,0.7835,5.80382255
E4_2_2,489.0,20.931,20295.0,74.6835,6774.5,4051.5,25427.0,0.759,15.6538095
E4_2_3,550.5,68.687,23601.5,62.476,8242.0,5911.0,32702.0,0.8025,1.38006103
E4_2_4,707.5,19.718,27083.5,62.1045,9059.5,6289.0,36424.0,0.7765,1.40292726
E4_2_5,431.0,19.1895,18789.5,60.651,6709.0,5297.5,25861.5,0.7305,8.5226493
E4_2_6,310.5,18.3905,13328.0,60.7735,4789.5,3750.0,24734.5,0.7535,3.62808599
E4_2_7,746.0,19.444,30802.0,58.338,10285.0,6206.5,42623.0,0.769,4.00244019
E4_2_8,386.5,19.111,16138.5,64.141,5486.0,3678.5,23048.5,0.771,3.83780196
E4_2_9,716.0,20.0775,32190.5,76.274,11049.5,8304.5,44866.0,0.864,2.0471743
E4_2_10,517.0,20.146,20375.0,68.863,6892.0,4556.0,28372.0,0.8005,3.33295367
E4_2_11,549.5,21.0485,23516.0,72.406,8032.5,3998.0,34365.5,0.8315,0.85418091
E4_2_12,654.0,40.525,27911.0,67.888,8922.0,5733.0,38460.5,0.8155,2.50460064
E4_2_13,672.5,24.0795,28817.0,70.792,9983.0,6266.0,44319.0,0.8035,2.16205436
E4_2_14,504.5,20.6345,22587.5,99.7305,7838.0,4958.5,29749.0,1.1205,2.32246065
E4_2_15,514.0,19.939,21547.5,74.166,7269.0,4141.0,31976.0,0.7655,3.18853951
E5_1_1,451.0,13.6285,17623.0,74.816,5742.5,3579.5,11770.5,1.256,3.25271243
E5_1_2,581.0,14.6975,21049.0,65.968,7174.0,4120.5,16113.0,1.436,7.04415637
E5_1_3,546.0,13.174,20535.5,59.5405,6802.5,3707.5,14345.5,1.428,4.24215058
E5_1_4,605.0,17.335,23478.0,94.943,7996.5,5521.0,16793.5,1.76,2.70970801
E5_1_5,594.5,14.799,22354.0,86.586,7242.0,4557.5,16757.0,1.528,11.2028313
E5_1_6,569.0,13.977,20888.0,71.8965,7105.0,3704.0,14019.0,1.2255,2.24636839
E5_1_7,591.0,19.2405,22422.5,81.1775,7576.5,4116.0,16037.5,1.4905,9.36123363
E5_1_8,563.5,14.2995,21126.5,82.088,7169.0,4389.5,16809.0,1.288,4.48405712
E5_1_9,560.5,17.41,21554.0,97.5015,7385.5,3572.5,16891.5,1.5865,4.47168245
E5_1_10,746.0,16.8015,26439.0,101.948,8820.5,4533.0,16320.0,1.3855,1.72144927
E5_1_11,591.0,16.486,23030.5,104.78,7755.5,4964.5,16497.0,1.4035,1.23493703
E5_1_12,629.0,16.4955,24301.5,96.4215,8002.0,5040.5,17540.0,1.4545,9.07289648
E5_1_13,596.5,17.125,22834.0,98.4165,7658.5,4038.5,15298.0,1.315,7.2401311
E5_1_14,760.5,16.5985,28132.5,94.606,9427.5,4797.5,17887.0,1.633,4.04144274
E5_1_15,723.0,17.877,27205.5,98.4195,9424.5,4285.5,18443.0,1.5885,8.14679163
E5_1_16,594.5,15.7535,22912.5,89.785,7445.0,4894.0,15420.0,1.3385,5.42978468
E6_1_5,346.6506522,22.02116802,16824.89101,33.94116657,2906.055673,2293.885112,3816.201155,0.385100715,2.27213762
E6_1_6,337.3671939,22.41355701,17060.2527,34.97349081,3040.994517,2248.062785,3946.16387,0.369937733,2.54840314
E6_1_7,351.1082667,23.81297761,17594.57774,35.44908165,3158.870236,2393.63707,4217.455041,0.354853923,4.32821903
E6_1_8,393.9872072,26.75831065,19788.63158,44.40185209,3573.918051,2541.237571,4702.014218,0.398179782,1.19641036
E6_1_9,441.5780768,29.12085874,22140.24706,45.86459467,4093.590813,2876.921307,4705.189112,0.490272139,3.92951746
E6_1_10,469.9090516,32.73360521,23396.18072,49.5042798,4222.111445,3001.203034,5701.396924,0.5151646,6.02009035
E6_1_11,464.8995656,33.26783262,23730.84475,49.78029774,4257.684682,3108.597548,5547.195559,0.503867991,3.35163018
E6_1_12,336.9893954,25.27002694,17016.26865,34.21169579,3107.375636,2189.015517,3409.506398,0.347016377,4.18089096
E6_1_13,371.9511405,26.47234745,18847.56386,40.78127521,3462.913376,2440.455532,3938.579877,0.505724661,2.5704992
E6_1_14,313.1912014,22.08352406,15817.65793,31.94755901,2985.493233,2065.689506,3264.201434,0.534622709,3.26890852
E6_1_15,465.451384,29.91854981,23614.47115,49.22530261,4395.441129,3292.488919,4169.610562,0.551923317,3.91415984
E6_2_5,502.1383448,33.84762934,26728.24752,78.68301785,8603.193825,4348.102547,26885.83348,0.418841094,19.0540675
E6_2_6,524.5738571,33.44700893,29587.60948,65.15754089,9475.258145,4547.185646,29351.63457,0.44313782,14.4963765
E6_2_7,598.9830643,33.50280185,32462.86608,73.26304074,6662.708865,3495.714178,7288.971019,0.536251417,5.40881632
E6_2_8,535.7920447,35.52016625,29128.01315,81.39066393,9540.705003,4555.203745,32032.37963,0.431773738,17.4383453
E6_2_9,468.3543303,29.35314631,26638.17499,65.65653251,8403.909553,4180.18776,25889.56482,0.375563092,8.96830379
E6_2_10,422.9129078,42.53156776,23669.91031,72.48085477,7696.766603,3697.904564,21777.4025,0.372102106,5.1858526
E6_2_11,474.0301493,37.16536153,25876.85272,58.33763837,5427.314214,2800.732742,8517.425176,0.42039866,16.4319692
E6_2_12,605.4725289,42.1139604,30724.9016,76.3037539,6793.086335,3698.586869,7166.605225,0.47343984,8.67977539
E6_2_13,526.3632189,41.25984957,30416.34323,71.43164034,9524.14821,4504.260673,29688.26572,0.419376544,13.9920023
E6_2_14,559.7145045,43.16183144,29604.39692,104.434749,9591.665259,4553.374357,30934.77263,0.449403039,17.3927396
E6_2_15,566.2781217,45.34237202,30834.60816,120.3974728,10114.35543,4911.931756,29202.55859,0.52547707,15.3950345
E6_2_16,519.4313751,34.45155758,27432.60071,62.31146067,5939.746546,2987.725393,6286.787109,0.458107957,1.5181785
E7_1_5,746.1570338,14.25622763,23183.26668,63.20845348,3280.80257,2167.357614,3603.663489,0.783302309,5.72107581
E7_1_6,812.3377192,18.16067089,26122.56815,70.60411235,3985.252347,2349.555522,3231.768824,1.070329898,5.43271814
E7_1_7,817.3719559,19.87890147,31455.23398,73.10695055,4515.840574,2331.095335,2645.570803,0.793732423,11.2438111
E7_1_8,756.9653888,18.52466286,30451.57312,68.58982857,4147.355555,2349.842178,3330.498324,0.788376881,14.1728544
E7_1_9,791.7210848,15.33685082,29828.01058,71.21546695,4274.685438,2132.737152,3934.22305,0.693419217,6.73847658
E7_1_10,753.6616003,17.51529959,30690.28902,75.63906999,4942.547887,2700.886219,3383.564493,0.972337667,8.81256465
E7_1_11,841.9227875,16.77132255,41670.35194,73.47071477,3852.969891,2005.998316,6012.046927,1.110398786,6.87017432
E7_1_12,670.6175349,11.84442614,26921.9117,63.1775632,3770.126745,1771.027729,3767.414427,0.763320595,4.56409357
E7_1_13,780.4606058,14.15817448,30944.32987,67.60358387,4095.622513,1853.752801,4614.199621,0.839898283,8.08756718
E7_1_14,976.1994447,18.22318263,30780.48072,86.73537587,4878.040643,2399.432121,5434.105674,0.943404362,2.29500721
E7_1_15,1995.539214,22.54872096,27569.75713,90.23014136,3983.664522,3077.467473,12930.1057,1.025771241,16.4390904
E8_1_5,249.9035168,38.71184124,22034.27562,43.94007069,5044.208792,2781.038621,4920.396225,0.428201703,2.96926041
E8_1_6,224.1358868,37.04513401,19244.89461,38.53344628,4560.618456,2609.509703,4731.344976,0.325780906,1.51328592
E8_1_7,242.4793213,38.6599658,20983.6882,41.22097094,4961.648305,2841.847581,4820.432811,0.363369839,10.9567105
E8_1_8,263.7756364,41.22737252,23218.73016,44.09668699,5451.358611,3095.149362,4943.018001,0.390481752,4.66316004
E8_1_9,256.8102637,42.58909246,21132.85947,44.40177923,5100.022028,3063.065695,5923.361665,0.426627741,1.58708779
E8_1_10,253.2974189,40.78961838,22222.85727,53.46950165,5174.475262,2967.762324,4534.06925,0.40871495,2.45889122
E8_1_11,193.0006271,31.11836967,14900.4792,30.04970697,3847.378232,1917.350073,3991.935556,0.231135339,7.06227158
E8_1_12,219.7974129,36.30689707,18903.16072,35.8949011,4560.284152,2593.363247,4590.340302,0.303504098,2.96737829
E8_1_13,236.9440059,38.84019758,19644.71963,40.17727528,4776.595665,2921.719457,5637.2858,0.317016504,3.12595191
E8_1_14,306.0784915,49.7760379,26190.64008,48.81110055,6367.470912,3998.738409,6294.224839,0.43161027,3.96478647
E8_1_15,233.857166,43.04695857,19867.92186,37.97684505,4780.138229,2976.228145,5374.971864,0.330661088,3.55238622
F1_1_6,180.437194,37.7326467,13552.59227,31.97121206,2327.189803,1571.770781,8316.843362,0.225106407,5.58425242
F1_1_7,275.0360258,35.40755575,20336.32921,52.68569174,3497.671283,2447.543398,15177.34395,0.397956708,0.37251712
F1_1_8,225.0514266,34.55569478,14886.85364,42.1878458,2799.801324,1629.42654,13163.17198,0.255840271,2.919461
F1_1_9,221.2931441,29.96460453,16409.01275,29.73890161,2876.269699,1788.568236,5844.958024,0.678801798,10.4654534
F1_1_10,216.2534958,31.0637272,15997.6881,27.70027618,2944.525074,1535.464146,13224.17844,0.220111291,6.8343158
F1_1_11,185.594853,26.3061232,12976.46311,30.04789786,2453.288861,1465.52265,7564.67443,0.093915303,2.67242294
F1_1_12,198.5061274,24.57030675,14934.52974,35.38417476,2865.996132,1731.669998,7801.179309,0.116130099,3.94672949
F1_1_13,204.0711251,29.19518708,13908.17645,42.05787242,2753.489125,1792.459178,8443.92665,0.074585,2.31724857
F1_1_14,226.9214534,27.53141386,15983.08179,29.94959679,3121.394807,1709.027784,7304.644338,0.056309412,4.58188453
F1_1_15,227.2392334,28.75238426,13498.95592,35.95865363,2905.943847,1665.22977,10313.05453,0.037699117,3.55414971
F1_2_5,411.0814035,19.33575459,20159.77103,28.12386819,3645.163061,2102.603575,2352.106308,0.077730487,5.46914739
F1_2_6,335.8321257,21.56377381,19410.68246,27.78214221,3236.053028,2026.016219,1945.303532,0.204113657,2.91730113
F1_2_7,363.815427,21.84009037,19341.42337,31.50033386,3293.158472,1988.04087,2274.590094,0.163673502,6.51534097
F1_2_8,370.1612835,18.11510797,19212.08677,26.58312251,3398.886548,1990.786373,2132.225383,0.094670715,4.61811753
F1_2_9,410.9513162,24.87233643,21584.29644,30.86399848,3541.170101,2160.064402,2375.487938,0.292120917,5.35252904
F1_2_10,385.3034049,27.78693672,21333.00701,33.06195643,3601.102109,2270.132679,2616.403246,0.192468545,4.52771354
F1_2_11,393.3375449,21.70085423,20897.40001,30.18223995,3608.628101,2167.281537,2346.698202,0.201124317,3.44456462
F1_2_12,352.4262381,24.84673686,21739.64938,32.01118589,3817.373251,2296.214393,2585.871616,0.181198861,8.89802932
F1_2_13,429.8838537,25.0743104,22148.16677,31.48387746,3767.589491,2236.747063,2936.551069,0.213805054,5.69708347
F1_2_14,416.7380045,23.99250938,20902.86886,29.92983888,3569.280884,2172.274337,2785.792535,0.191490519,4.25619949
F1_2_15,432.8991004,24.24940131,18724.5807,26.29425507,3215.103051,1926.610713,2897.828361,0.123321998,4.47511946
F1_3_5,522.8511648,38.23675959,29965.98286,42.06214344,6748.367789,3464.089785,11187.88226,0.078350035,3.49588824
F1_3_6,497.8363619,43.34348633,28919.96768,42.54667911,6359.388301,3352.927373,9729.210832,0.129704817,0.77031341
F1_3_8,542.7575766,40.52591679,29415.58065,42.31519085,6246.471079,3345.453318,7295.719221,0.12624813,5.16608004
F1_3_9,481.5563034,37.17413166,28332.96832,40.22004281,6245.125775,3312.882754,8975.545791,0.042104348,2.52852792
F1_3_10,485.0068561,38.5315345,25892.50217,39.28756689,5562.72974,2963.273868,7619.405972,0.067182959,3.58456848
F1_3_11,399.9196766,39.32896522,23222.83013,33.33199091,5073.975029,2648.836693,8459.251489,0.030443694,1.27443951
F1_3_12,497.3205916,43.4797862,29351.17391,41.60354269,6410.304989,3274.721903,10477.42047,0.056079241,3.52095429
F1_3_13,526.049512,50.85614705,31057.23019,43.29270546,6843.277948,3456.179469,11486.50804,0.070589058,1.10890514
F1_3_15,485.4973916,47.20348645,29634.56651,43.12002301,6491.584543,3258.71726,11901.12636,0.057914776,4.31210979
F1_4_5,383.8930693,31.78895125,22937.38913,39.0430373,4791.717951,3133.31501,17101.48593,0.04046042,0.03287184
F1_4_6,392.7316979,34.29349413,23351.94064,43.43005552,4893.663254,3212.074606,16050.91837,0.215804593,1.12070081
F1_4_7,365.120925,35.10208645,21872.55944,40.88017593,4602.386168,3021.331762,16078.47297,0.075004727,0.0778711
F1_4_8,363.1352349,29.76321202,21681.08704,38.40437674,4670.437127,3132.656942,16068.61186,0.026489537,0.96500381
F1_4_9,361.0899687,32.08975331,21285.68276,38.75733362,4612.92216,3118.365374,15883.61767,0.026456938,1.15279307
F1_4_10,356.0996089,29.45394328,21324.70021,37.94191938,4467.5357,3002.832836,15453.29958,0.019517378,0.75182725
F1_4_11,348.3083864,29.52637346,21112.61242,37.76551499,4465.063217,3012.489427,15603.08692,0.007125537,2.0575597
F1_4_12,365.2447663,31.89737719,21803.23866,39.45827222,4577.389494,2954.713435,16568.34461,0.034206668,1.94481763
F1_4_13,395.6220459,30.60607262,23142.57899,40.03978341,4882.052491,3069.018719,17746.49302,0.017380239,0.06863557
F1_4_14,361.0093033,26.16130013,21654.1031,37.52132491,4558.145615,2944.288008,16316.16429,0.01884363,0.10296875
F1_4_15,394.0738843,29.07904766,23459.83754,42.78764897,5011.198574,3194.992353,18103.4834,0.013889203,3.77758759
F1_5_5,528.2499501,22.03073168,22695.09,62.05614883,9584.158142,5275.353993,39434.5666,0.017636458,1.21353812
F1_5_6,512.9300603,23.84902446,21605.61183,39.56037716,9122.349084,4849.939468,39407.08401,0.135452664,3.55637864
F1_5_7,446.6929082,18.40344588,17150.62859,39.89539592,6954.241254,3750.454657,31048.85389,0.137506267,3.22682961
F1_5_8,515.1003204,20.80056548,20003.9049,56.55245445,8473.055278,4435.933285,37983.27062,0.106217501,4.34331092
F1_5_9,351.7860301,14.06537126,14688.5089,32.90404585,5779.503909,3406.144392,23544.86556,0.001985626,4.14791374
F1_5_10,440.0820683,22.55553856,17563.10088,46.73505337,7434.471543,3979.19222,37042.10169,0.001985626,1.60019752
F1_5_11,478.3809323,22.16011743,21833.22493,44.60153486,8568.488159,5032.378185,32325.89977,0.015527819,2.5223805
F1_5_12,269.6753945,15.36139925,11643.61016,26.47102151,4556.864084,2547.859863,20519.80529,0.001985626,4.05911244
F1_5_13,407.9299546,29.87984001,17736.09371,41.93755977,6811.484416,3838.646266,34918.97551,0.252481396,1.60911948
F1_5_14,520.0570035,22.7357696,23098.7706,42.34824291,9794.742545,5136.475034,40546.71683,0.037464651,2.80896524
F1_5_15,423.6324854,26.68813366,17912.16676,57.07440007,6967.605881,3839.57264,34766.67873,0.057545761,4.53753096
F2_1_1,805.5,15.542,27480.5,81.2655,7540.0,5766.5,45956.0,0.412,1.15822226
F2_1_2,771.0,14.471,29416.5,68.286,7672.5,6270.0,23381.0,0.436,0.31699041
F2_1_3,774.0,14.046,30155.5,123.9835,7851.5,6460.0,24782.0,0.3805,0.58068853
F2_1_4,742.0,12.9,27499.5,66.2255,7018.5,5770.0,19764.0,0.3885,1.21502361
F2_1_5,805.0,14.7895,28982.5,66.401,7682.0,7761.0,22105.0,0.3865,1.04061422
F2_1_6,778.5,14.3625,29229.5,63.6615,7380.0,6281.5,21418.0,0.449,1.38413235
F2_1_7,768.5,13.71,28848.5,62.239,7501.0,6838.5,23153.5,0.3995,1.26157138
F2_1_9,829.0,13.65,30687.5,71.659,8035.0,6259.5,25332.5,0.392,1.06534349
F2_1_10,890.0,14.913,32620.0,71.84,8765.0,8523.0,23771.5,0.402,0.96941772
F2_1_11,760.5,13.97,28560.5,65.308,7318.5,6268.0,21060.0,0.366,0.62665565
F2_1_12,707.5,13.242,26721.5,56.699,6884.0,5738.5,19523.0,0.4145,0.97909089
F2_1_13,879.5,14.8735,39578.0,72.0885,7326.0,5927.5,20216.0,0.541,0.79429077
F2_1_14,834.0,14.167,27535.5,79.9545,7088.0,6307.5,21163.5,0.4915,0.53259075
F2_1_15,953.5,22.6175,41385.0,88.6475,17278.5,11014.0,59175.5,1.199,1.11614516
F2_2_1,552.0,16.227,22018.0,83.89,5507.0,4138.5,3421.5,1.2025,0.24418115
F2_2_2,925.5,24.749,41397.0,108.741,10341.0,7360.0,19435.5,0.686,0.41063438
F2_2_3,576.0,21.4345,29978.0,90.557,7598.0,5674.0,11606.5,0.5315,0.91336053
F2_2_4,797.5,28.774,45169.5,121.5215,11563.0,11922.5,17774.5,0.919,0.68842933
F2_2_5,739.5,28.7425,40365.0,131.5045,10980.0,10975.5,7155.0,0.621,0.31659446
F2_2_6,809.0,28.5305,38765.0,121.5505,9742.0,7965.5,15831.0,0.727,0.34725309
F2_2_7,832.0,27.254,39078.5,123.089,9915.5,8475.0,17694.5,1.217,0.24002017
F2_2_8,845.0,26.059,41670.0,118.419,10948.0,12119.5,16899.0,1.1425,0.26030367
F2_2_9,778.0,22.838,40299.5,92.6435,10234.5,9057.5,15504.5,0.5755,0.28407186
F2_2_10,959.0,32.5465,45482.0,134.242,11000.5,7532.5,18353.5,0.7735,0.17065082
F2_2_11,756.0,28.308,42419.0,135.2715,10868.0,8233.0,9901.0,1.334,0.27594621
F2_2_12,873.5,22.2285,36098.5,109.625,9785.5,5959.5,11081.0,1.0265,0.76254405
F2_2_13,801.0,24.0475,37930.0,114.2135,9862.5,8532.0,12074.0,0.634,1.38188463
F2_2_14,873.0,26.208,43257.5,147.2025,10590.0,9279.0,15286.0,1.5045,0.22675427
F2_2_15,871.5,24.6265,37276.0,115.1355,10358.5,8282.5,9304.0,0.792,0.22300009
F2_2,668.5,24.101,34223.0,100.6245,8839.5,6491.0,20436.0,0.6055,0.38701702
F3_1_1,722.5,17.7305,32832.5,92.674,10519.5,6857.5,32714.5,0.517,2.79903081
F3_1_3,732.0,13.985,38253.5,70.7745,12549.0,7480.5,43873.0,0.237,2.83157092
F3_1_4,687.5,12.975,35379.5,64.214,11874.5,9536.5,38273.0,0.9815,1.83802981
F3_1_5,743.0,15.6035,27727.0,83.708,8045.5,5431.0,23646.5,0.556,3.08526052
F3_1_6,768.0,16.5805,27086.0,93.63,8151.5,7638.5,23906.0,0.59,3.13560921
F3_1_7,781.5,16.347,30601.5,95.7,9388.0,9353.0,29490.0,0.535,1.30642734
F3_1_8,800.0,16.9455,30502.0,93.647,8786.0,5680.5,26351.5,0.5695,2.76826235
F3_1_9,756.5,13.6845,36010.0,72.267,11112.5,11761.5,27821.5,0.277,1.93863401
F3_1_10,724.5,16.6685,29918.0,86.988,8664.0,5372.0,25284.5,0.6405,2.03827289
F3_1_11,666.5,10.946,29570.0,53.343,8530.5,5198.5,27769.5,0.205,2.37441388
F3_1_12,749.5,17.4235,29184.0,94.5835,8672.5,7965.5,21343.5,0.7215,3.06643302
F3_1_13,730.0,16.22,26754.5,85.869,7789.5,5906.5,21058.5,0.5295,3.58628838
F3_1_14,714.5,20.8755,28276.5,96.701,8635.0,7763.0,23376.5,0.5645,2.12582359
F3_1_15,752.0,12.2755,33122.5,63.119,10070.0,8600.0,29564.0,0.2305,3.09878616
F3_2_1,610.5,18.3435,33260.5,179.931,10325.0,7623.0,14585.0,0.457,0.32694968
F3_2_2,711.0,18.197,38251.5,149.797,12108.5,9395.5,20190.5,0.4885,0.77883597
F3_2_3,630.0,25.308,42665.0,158.7745,12953.0,10336.0,5654.5,0.717,1.32611427
F3_2_4,671.0,24.237,43462.0,110.547,12951.5,12921.0,10703.0,0.5905,0.68683292
F3_2_5,637.0,23.845,40631.5,227.674,10837.0,7093.5,4912.5,0.6555,0.82421603
F3_2_6,623.0,24.8435,42077.0,129.745,10701.5,9550.5,4441.5,0.7805,0.39913993
F3_2_7,605.5,25.961,44460.0,125.994,11048.0,10558.0,4772.5,0.8235,0.72582831
F3_2_8,599.5,20.898,35998.5,190.1485,11025.5,9027.0,8567.5,0.5115,1.19959218
F3_2_9,586.0,20.498,39235.0,141.439,11622.0,12230.5,39742.5,0.522,0.19181638
F3_2_11,600.0,21.618,33510.5,115.1055,9374.5,6480.5,12847.5,0.553,0.42642752
F3_2_12,665.0,16.288,31945.0,98.5235,10023.0,9670.0,7755.5,0.459,0.79715535
F3_2_14,608.0,20.514,36621.0,142.6835,11407.0,12330.0,14064.0,0.5345,0.56533891
F3_2_15,644.0,18.512,33937.5,91.1275,10824.5,8496.5,13104.5,0.4675,0.08896571
F4_1_5,452.122678,36.02691938,29483.36238,47.89954761,3573.606136,2646.248048,2460.151649,0.484998674,1.34620929
F4_1_6,433.8395144,34.43523707,27848.36004,45.26328669,3512.423561,2805.126839,2096.732936,0.440305532,1.15578807
F4_1_7,339.666938,38.290087,25914.91239,42.63512312,3349.872408,2607.227892,2711.912938,0.468616734,0.15492265
F4_1_8,370.3345981,38.86170304,27618.53273,41.12215118,3774.363711,2885.361449,2314.517907,0.450205953,1.24257502
F4_1_9,361.541084,29.61347632,27014.5789,42.29457607,3340.856397,2186.162707,3073.391669,1.661376005,1.23118989
F4_1_10,461.4327385,32.08984743,28753.08162,43.49251291,3606.159758,2439.784389,2780.790193,1.083469055,1.24302666
F4_1_11,371.790489,32.30712142,22466.93713,41.88226483,3212.303961,2017.841991,3293.764676,0.842038033,1.15685076
F4_1_12,308.930907,31.37801789,24806.70431,35.81809705,3424.505611,2302.375249,1744.098417,0.711296699,3.80345308
F4_1_13,502.57379,29.29400548,26473.65135,38.56759656,3191.248306,2400.904462,2304.232308,0.961978704,0.95282115
F4_1_14,400.009446,29.14758626,26134.54607,30.59073255,3043.006626,2299.126152,1356.779816,0.809241568,1.10200971
F4_1_15,346.7651891,38.97602496,26318.53365,40.62847835,3276.928817,2449.402053,2074.812347,0.841817548,0.57206052
F4_2_1,489.2979473,35.11576427,22749.46593,36.45553021,5470.834313,3896.545141,11161.01563,0.334984852,1.93645899
F4_2_5,334.6578541,23.35873349,19964.92343,32.85222177,5297.022604,3655.154636,14415.39462,0.276577303,1.22373487
F4_2_6,367.8896897,23.97430697,20101.55514,32.71944097,5281.002325,3433.784048,16751.56452,0.278773391,0.92634659
F4_2_7,419.3362341,28.14427776,24372.75587,40.54720294,6428.86821,4334.80001,13236.40886,0.30169194,0.7998467
F4_2_8,402.6868002,27.23254302,25327.81378,40.10462846,6393.857119,4272.481003,10447.33635,0.466383338,0.83589292
F4_2_9,438.7790451,26.15830573,25917.53445,39.24581607,6336.702042,4257.191605,11887.11467,0.323662939,2.6395929
F4_2_10,366.2173961,23.50387373,22717.99041,33.59591123,5320.848027,3426.571829,10408.38837,0.537956674,1.05706905
F4_2_11,433.6833034,26.17759077,24302.31856,40.01692171,5982.376937,4298.307165,9058.155889,0.46050145,0.89443681
F4_2_12,472.6533679,29.71581733,25638.8644,47.50400323,6498.812799,4332.582568,12624.40698,0.416446673,1.02997322
F4_2_13,519.164244,25.4014599,27391.23375,42.40403109,6780.213652,5073.432163,8366.150314,0.385421107,1.1408148
F4_2_14,447.1859858,26.14643657,26670.91342,43.22564806,6439.806894,4622.849085,9029.108101,0.39867372,0.64833324
F4_2_15,387.9150395,23.76145252,24256.3452,37.29869234,5742.767558,3958.989389,9567.067377,0.373968515,0.80313876
F5_1_1,529.0,17.455,27177.5,84.9925,7797.0,5535.0,8700.0,0.7195,3.2548662
F5_1_2,434.5,18.972,31273.5,91.8325,9582.0,6768.0,7928.0,0.449,3.9336417
F5_1_3,416.0,17.159,30542.5,90.169,9640.5,8021.0,8807.5,0.416,3.99739359
F5_1_4,637.0,17.2895,33089.5,85.4625,9440.5,7928.5,5701.5,0.511,2.68835069
F5_1_5,424.0,19.134,27403.5,94.0635,7786.0,5535.5,5585.5,0.6255,1.77071839
F5_1_7,485.5,17.909,30844.0,91.125,9848.0,8502.0,10718.5,0.4755,1.70532101
F5_1_8,379.5,17.541,27105.5,85.5635,8239.5,5902.0,7432.5,0.4165,2.43857391
F5_1_9,474.0,18.7375,33268.0,93.3175,9701.5,7453.0,6555.0,0.8275,3.783397
F5_1_10,566.5,18.18,32468.0,86.313,9201.5,5878.0,7457.5,0.519,5.12343352
F5_1_11,414.0,16.688,28712.0,88.177,7961.0,5089.0,6156.0,0.5015,6.29487138
F5_1_12,556.0,19.139,33932.0,91.4075,9428.0,6192.5,7003.0,0.505,2.22585837
F5_1_13,416.0,16.6665,29553.0,83.282,7898.0,4578.0,5806.0,0.4445,4.6313798
F5_1_14,489.5,18.1085,34198.5,94.257,9571.5,6590.5,6640.5,0.4625,1.75665674
F5_1_15,392.0,18.697,31043.5,87.263,9059.5,6513.5,5964.5,0.466,4.65193397
F5_2_1,693.5,23.0905,32127.5,85.0685,11135.0,8393.0,61975.5,1.3935,1.36996597
F5_2_2,308.0,14.163,24934.5,66.8025,7231.0,6030.0,3252.5,0.6405,1.52726623
F5_2_3,793.0,24.7025,37109.5,82.1585,12147.5,11343.5,47501.0,1.2515,1.37714565
F5_2_5,607.0,14.7305,35365.5,81.018,13133.0,11607.5,30948.0,0.403,1.48435879
F5_2_6,599.5,15.211,34599.0,94.4495,12543.0,11627.5,24316.0,0.4905,1.34088368
F5_2_7,430.0,13.4515,29610.5,67.663,10699.0,8118.0,26954.0,0.4125,3.50396672
F5_2_8,624.5,22.015,38528.0,103.3195,11802.0,11868.5,11537.0,0.976,1.99401213
F5_2_9,772.0,22.1005,36223.5,85.4915,12561.5,8700.5,63552.5,1.291,3.29688957
F5_2_10,403.0,19.743,25610.0,70.9155,6607.0,6254.5,3670.0,1.023,1.92668551
F5_2_11,675.5,22.46,38773.5,107.4355,11612.5,11316.0,8631.0,1.8275,0.54937416
F5_2_12,542.5,8.6505,23968.0,52.899,9013.5,6558.5,34099.0,0.34,0.81659843
F5_2_13,675.0,19.7335,34897.0,92.3235,10569.5,11148.5,10264.5,1.147,1.23965206
F5_2_14,508.0,24.2395,22390.0,60.9855,5909.0,5266.0,3994.0,0.734,0.77244784
F5_2_15,305.5,14.3,25472.5,64.1935,7344.0,6147.5,3138.0,0.6805,2.57503698
F5_3_1,386.5,15.2835,23395.5,72.91,8584.0,5457.0,9791.5,0.199,1.45946923
F5_3_2,471.5,17.1055,27894.0,89.5765,10279.0,5791.5,11812.0,0.272,1.1787195
F5_3_3,480.5,18.5865,29998.0,83.6635,10684.5,5389.0,10774.0,0.2655,0.792637
F5_3_4,439.5,19.289,30966.5,101.4285,11956.5,8410.0,13480.0,0.267,0.95999203
F5_3_5,453.5,19.807,32729.5,104.4355,12713.0,11585.5,14060.0,0.2875,0.75855956
F5_3_6,354.5,15.139,23826.5,78.175,8890.0,4337.5,10904.5,0.285,1.83846591
F5_3_7,612.5,18.1895,31953.5,92.2655,12279.0,8894.5,23386.0,0.414,1.03012658
F5_3_8,430.0,15.612,27470.0,125.702,10014.0,5489.0,13404.5,0.376,1.31395388
F5_3_9,500.5,72.2795,33796.5,112.943,12506.5,8905.0,13366.0,0.8035,1.33649103
F5_3_10,386.5,15.8705,26476.0,78.0645,9814.0,5831.0,10521.5,0.278,0.8363071
F5_3_11,480.5,20.7925,29550.0,101.2375,11449.5,9164.0,15934.5,0.3725,1.66914979
F5_3_12,484.0,18.348,30091.0,88.1855,11095.5,7934.5,11657.0,0.4435,1.21967141
F5_3_13,385.5,13.3715,24273.0,70.8365,8868.5,4493.5,11675.0,0.1795,3.60910528
F5_3_14,493.0,16.7455,24829.0,83.291,7768.5,3396.5,4897.5,0.5845,1.39494103
F5_3_15,392.0,14.5005,25965.5,79.3965,9920.5,7348.0,11756.0,0.222,0.63941215
F6_1_1,776.5,14.803,36834.5,125.364,15375.0,8426.5,48080.5,1.0845,4.92524006
F6_1_2,844.0,15.4025,37012.0,127.206,15278.0,7445.0,45812.0,1.1335,2.48386359
F6_1_3,848.0,15.099,36937.5,102.8105,15945.5,9279.0,44636.5,1.019,3.04334446
F6_1_4,902.5,13.2485,41136.0,83.686,17433.5,10339.5,52089.0,0.9495,3.013275
F6_1_5,1021.0,12.292,40038.5,80.053,17207.5,12551.0,66597.5,0.8765,2.91520684
F6_1_6,809.5,16.0485,40011.5,105.9285,17372.0,12663.0,48524.0,1.0635,1.51109573
F6_1_7,1047.0,14.1325,39246.5,106.274,17426.5,13114.5,59909.0,1.196,4.63084877
F6_1_8,852.0,16.356,41436.0,129.709,18025.5,14606.5,48693.0,1.2645,3.20522347
F6_1_9,810.5,13.903,39508.5,99.3715,17738.0,13432.5,47089.0,1.0205,4.65176224
F6_1_10,899.5,14.147,40009.0,106.254,18279.0,14745.0,46825.0,1.0135,1.42070151
F6_1_11,759.0,15.4935,40178.0,103.5365,17763.5,15333.5,47487.0,1.1975,1.4892505
F6_1_12,821.5,15.659,40092.5,128.6025,17548.0,13413.0,44359.0,1.2845,2.20822973
F6_1_13,874.0,14.171,38806.5,90.6555,16995.5,10638.0,47527.5,1.2775,3.72312783
F6_1_14,775.0,14.872,38193.0,94.144,16354.5,9503.0,45907.5,1.027,4.27225963
F6_1_15,821.0,15.7825,39665.0,99.2185,17079.0,11054.5,53211.5,1.088,3.86092665
Z1_1_5,598.1968798,34.17341763,29481.39639,42.76386377,10154.32379,4348.211947,37519.31349,0.457800713,3.77168863
Z1_1_6,620.5449716,35.99629583,30753.23385,43.6769599,10673.06141,4513.791924,38700.79386,0.476967354,5.03223922
Z1_1_7,573.5396775,31.74120217,28423.87518,42.6647737,9945.150776,4197.847158,36356.00895,0.453142406,0.76094019
Z1_1_9,565.5177801,31.72576573,28233.42798,40.3442218,9767.924202,4099.099994,35515.23363,0.429768641,4.43764244
Z1_1_11,577.1561309,32.22235788,29293.75454,42.71041626,9999.902096,4254.335376,36176.35658,0.444525906,3.0814277
Z1_1_12,651.5241489,36.30158583,32057.33819,48.89962603,10818.68902,4741.2596,40393.43617,0.516302258,2.33566698
Z1_1_13,557.2727403,38.70166144,28080.09938,45.94112387,9569.171527,4049.574342,35546.23621,0.588761847,1.91269051
Z1_1_14,515.3856647,34.31822108,25804.66523,41.0853305,8970.464832,3896.627467,32092.60467,0.397005305,2.92627147
Z1_1_15,489.2454794,33.54241737,24600.48332,39.20579066,8402.007888,3706.311728,30462.56324,0.397012225,2.9354537
Z1_2_6,488.7530389,36.61826861,24011.02991,39.00115746,8467.01044,3605.827202,29707.59178,0.751350024,2.75958693
Z1_2_7,534.7746041,39.73361105,26232.79073,52.39278329,9433.094209,3903.041461,35920.17262,0.482706335,5.6682473
Z1_2_8,462.8669099,34.55694201,22477.27686,46.06166652,8029.073468,3400.00834,29185.31605,0.612259556,1.02735104
Z1_2_9,436.7841392,37.12853804,21112.55553,51.27351691,7719.142035,3383.177839,30337.94324,0.333528607,2.1969899
Z1_2_10,452.0497489,36.69646637,22605.43971,45.15549396,8150.555221,3653.995928,31018.86118,0.368210075,0.80757404
Z1_2_11,538.3572163,42.84923089,26520.60401,52.37662128,9556.000154,4201.398896,36011.61858,0.422937434,6.07724915
Z1_2_12,528.0715393,38.02626551,25471.36561,50.24311116,9292.33229,3913.659465,35133.67544,0.391986712,2.85721262
Z1_2_13,442.5665364,42.83362294,21592.19492,44.31228444,7847.404937,3348.504995,31102.802,0.366112704,2.41929069
Z1_2_14,492.0209852,32.97193032,23715.1991,42.41040546,8364.296501,3722.928295,30721.31436,0.409394032,3.22872605
Z1_2_15,482.0121758,37.01625866,23117.97689,45.73049414,8359.283924,3797.59194,31420.98742,0.609581451,4.90295357
Z1_3_1,311.4669864,31.22603872,19517.5475,36.00968642,6943.914373,2682.202247,34469.88772,0.268450639,3.4702404
Z1_3_2,359.5643825,31.98173739,22664.23257,37.65351492,7828.559928,3189.500584,39493.27234,0.276675972,4.13733194
Z1_3_3,322.0675646,34.69292277,19630.29654,37.2422985,7028.033532,2802.077396,35988.33405,0.303250507,1.26805424
Z1_3_4,388.5423799,35.86393696,22958.81087,42.2771946,7622.792528,3403.727791,39398.21647,0.441550598,1.7833545
Z1_3_5,345.8275233,34.69715545,21512.49488,41.0957386,7591.735786,3469.306714,38785.78783,0.342151116,2.24106387
Z1_3_6,394.6903013,35.10829131,23616.48159,39.79402948,7892.012756,3526.484902,33277.76792,0.277716557,1.73955472
Z1_3_7,405.7567637,38.77029094,24067.01333,44.44467587,8318.624552,4045.533024,41437.10389,0.297564573,1.31875441
Z1_3_8,366.8264404,34.22331162,20671.38032,40.81596595,7013.526675,3447.854866,32276.84532,0.25349642,9.19573539
Z1_3_9,392.0358462,40.95886324,23279.0149,44.12727782,7908.063694,3912.825496,35608.33739,0.334228285,3.23435605
Z1_3_10,392.0389758,39.50908309,22786.8337,42.53808782,7799.888383,3971.361734,36414.2556,0.306799589,4.99914053
Z1_3_11,314.5891811,33.21477117,17810.14384,37.13929607,6215.609397,2838.767509,31300.86718,0.231588141,4.34578113
Z1_3_12,453.7816801,45.48239926,26501.49943,51.55274617,9024.176437,4350.583758,41109.69553,0.324261675,1.33003317
Z1_3_13,589.4762929,49.64154122,28344.67215,57.16648927,10195.05384,4343.467639,40806.21992,0.449450731,0.88871221
Z1_3_14,465.8712416,44.82695847,27354.95631,52.52857909,9392.660506,4897.1247,44233.45048,0.343298875,4.43006247
Z1_3_15,398.8093063,36.28288591,23676.78521,48.91530986,8501.407387,3777.479786,46752.28102,0.302277283,1.68499488
Z1_4_5,354.8813445,32.55763673,18737.7682,45.56217081,7330.99644,2844.226174,29494.33461,0.279758158,7.97781793
Z1_4_6,359.4502113,35.5245982,18914.00757,48.53524485,7452.899444,2845.603133,30325.01381,0.332067259,12.7339757
Z1_4_7,377.7712206,32.31013242,19989.00056,49.10393023,7888.250714,3052.876463,31498.4158,0.3173887,6.8835105
Z1_4_8,345.6055521,32.02884373,18421.95993,49.20795152,7394.546564,2845.73489,30090.30743,0.329101884,10.7015336
Z1_4_9,339.7095815,35.3074355,17967.33614,48.99959715,7224.969633,2694.251623,31341.33343,0.317779536,10.283748
Z1_4_10,388.4308461,32.32176652,20389.66185,50.14695474,7957.901774,3042.78613,32005.13071,0.338969167,6.90396357
Z1_4_11,349.7672709,32.9304482,18544.5725,49.77196482,7385.585151,2761.430223,30487.74871,0.302164051,7.26325114
Z1_4_12,337.0708117,33.35218262,17969.95323,46.91734076,7157.731093,2654.13631,29382.69288,0.298904677,10.0816608
Z1_4_13,336.9993488,34.74550884,17658.59844,48.25699024,6988.177648,2643.663259,28545.44808,0.287354419,8.33662316
Z1_4_14,388.3070386,36.03403864,20527.65574,52.01660378,8167.940071,3043.052676,33413.86879,0.328296311,6.40584489
Z1_4_15,340.8491468,33.20219733,18080.37872,47.12543392,7268.551049,2764.915412,31084.57728,0.407698921,5.79162483
Z2_1_1,447.5,18.9,32711.5,54.653,8497.5,8000.5,6348.5,0.292,2.64029263
Z2_1_2,454.5,17.8655,31991.0,55.583,8351.0,6471.0,6234.5,0.587,2.55695422
Z2_1_3,560.0,18.802,37370.0,55.186,10042.5,9391.0,7772.0,0.075,7.277125
Z2_1_4,480.5,16.3715,32503.0,51.6105,8674.5,9020.5,6929.5,0.0495,2.3879476
Z2_1_5,610.0,18.494,34605.5,54.035,9514.5,9925.0,8137.5,0.065,4.49168083
Z2_1_6,467.5,17.555,31907.0,50.387,8579.5,7728.0,6839.0,0.044,9.31398302
Z2_1_7,484.0,18.35,32982.0,53.4235,8853.0,7394.5,6863.5,0.049,3.77270793
Z2_1_8,466.5,16.925,31596.5,49.599,8455.5,6323.0,6645.0,0.257,3.92452716
Z2_1_9,484.5,16.4745,32664.0,49.228,9046.0,8085.0,7161.5,0.8265,6.69884866
Z2_1_11,660.0,18.683,34186.0,58.55,9226.5,7619.0,7184.0,0.1105,4.87256559
Z2_1_12,582.5,17.8115,34300.5,54.5435,9198.0,7481.5,7077.5,0.069,6.05389804
Z2_1_13,454.0,18.5175,31244.5,53.3345,8329.5,6232.0,6178.5,0.128,6.48388236
Z2_1_14,498.5,18.694,32815.5,58.9895,8873.5,9058.5,6855.0,0.0965,2.56001131
Z2_1_15,531.5,20.675,35662.0,58.315,9420.5,7433.0,6799.0,0.115,2.40498741
Z2_2_1,652.5,22.0925,36300.5,64.884,9598.5,7094.5,9321.0,0.1205,5.63495169
Z2_2_2,563.0,22.0845,35689.0,67.018,9708.0,9297.5,8710.5,0.1445,1.76170416
Z2_2_3,588.0,21.1825,35214.5,65.4945,9492.5,9772.0,8608.0,0.084,4.56397242
Z2_2_4,612.0,20.5485,36204.5,59.085,9727.5,7614.5,8880.0,0.141,6.43509256
Z2_2_5,577.0,21.1825,34141.0,61.0765,9190.5,7017.0,8766.5,0.074,1.85754761
Z2_2_6,571.0,19.6765,31933.5,60.231,8306.5,6487.0,7518.0,0.1025,3.58190384
Z2_2_7,449.0,18.765,31056.5,52.858,7805.5,5270.5,6656.0,0.1,0.9807831
Z2_2_8,514.5,19.983,32975.0,61.2755,8634.5,7333.5,7278.5,0.185,3.61625811
Z2_2_9,516.0,17.846,31912.5,53.47,8737.5,8847.5,8001.0,0.1445,2.33399683
Z2_2_10,522.5,19.8555,31823.5,60.0795,8671.0,5682.5,8272.5,0.313,4.79724562
Z2_2_11,768.0,19.112,30662.5,56.3,8119.0,5574.0,6879.0,0.1255,2.4589621
Z2_2_12,458.5,19.603,31326.5,61.7275,8075.0,5883.5,7266.0,0.064,17.2384501
Z2_2_13,946.5,19.775,32769.5,60.299,8774.5,7830.0,8220.5,0.1035,4.82400501
Z2_2_14,529.0,18.786,32184.0,56.1645,8622.0,6752.5,8527.5,0.142,3.64202562
Z2_2_15,963.5,19.858,34943.0,57.975,9064.5,7568.5,8105.5,0.208,5.29607306
Z2_2_6d,556.5,20.778,36266.5,59.321,9136.5,7239.0,7898.5,0.0305,4.47882912
Z3_1_2,538.5,19.7555,32129.5,58.2045,9014.0,6570.5,6900.0,0.141,2.16890205
Z3_1_3,499.0,17.722,31213.0,56.737,9027.5,7633.0,6982.5,0.0855,0.28204086
Z3_1_4,533.0,18.0925,30562.5,53.895,9029.0,5409.0,6626.0,0.164,5.55467997
Z3_1_6,521.5,17.9695,31000.0,63.6945,9040.5,5187.5,6444.0,0.3445,8.44901465
Z3_1_7,561.5,20.0285,33543.0,56.784,9862.0,8060.0,7097.5,0.1175,0.93154375
Z3_1_8,503.5,19.9,32655.0,58.794,9616.0,5929.5,6739.0,0.137,2.2964122
Z3_1_9,479.5,19.135,32042.0,60.63,9447.5,7073.0,7296.5,0.199,4.32220766
Z3_1_10,567.0,20.9,34950.0,61.942,10188.5,6610.0,7441.5,0.121,2.42808477
Z3_1_11,513.0,19.331,32276.5,55.4585,9458.0,7747.0,6950.0,0.1155,0.67625082
Z3_1_12,492.5,19.3585,30918.5,56.741,9258.5,6444.0,6365.5,0.068,4.16623362
Z3_1_13,499.0,18.9225,32247.5,58.277,9237.0,5471.0,6330.5,0.0845,3.81847994
Z3_1_14,679.5,20.505,40778.5,57.252,9386.5,7814.0,6810.5,0.7155,0.40412149
Z3_1_15,505.5,18.1725,32436.5,57.3135,9305.0,5424.0,6336.0,0.0875,1.13317022
Z4_1_1,448.0,18.65,27923.0,65.9815,8480.0,4352.0,6473.0,0.1845,3.48835599
Z4_1_2,452.0,17.774,27081.0,55.3445,8125.0,3447.0,6033.5,0.5515,2.58192239
Z4_1_3,433.5,17.391,25577.5,58.9745,7908.0,4136.0,6406.0,0.0575,2.12363249
Z4_1_4,510.5,18.7335,31285.0,55.0345,8028.0,3740.0,6011.0,0.1345,2.90168475
Z4_1_5,439.0,17.741,26831.0,53.8345,8305.5,4894.0,7328.0,0.1185,1.40017472
Z4_1_6,507.0,18.7815,27570.0,58.02,8362.0,5293.5,6851.0,0.103,1.33575237
Z4_1_7,430.0,15.791,25691.0,48.9655,7998.5,5719.0,6511.0,0.154,1.59424114
Z4_1_8,588.5,17.656,27684.5,56.3865,8356.0,5985.5,6583.5,0.093,3.03017868
Z4_1_9,396.0,18.167,27198.0,54.7705,7972.5,4519.0,6025.5,0.109,3.38708705
Z4_1_10,509.5,20.0475,30611.0,57.984,9203.0,6314.5,7510.5,0.081,3.35651713
Z4_1_11,588.5,18.697,30252.5,65.201,8910.5,6199.0,7075.5,0.0855,3.1457217
Z4_1_12,502.5,19.3215,29324.0,64.9035,8787.0,6137.5,7013.5,0.139,3.32929454
Z4_1_13,524.0,17.7415,27382.0,58.8085,8503.0,6171.5,7033.5,0.074,3.35077816
Z4_1_14,490.0,20.7755,31027.0,66.5425,9281.0,6955.5,7256.5,0.123,1.76770967
Z4_1_15,417.5,19.793,26494.5,57.904,7561.5,4109.0,5918.0,0.0755,2.30053466
Z4_2_1,415.5,25.6155,27904.0,145.683,8276.0,2933.5,5343.5,0.3635,8.83438572
Z4_2_2,420.5,23.7165,30274.0,75.067,9007.0,3970.5,5966.5,0.0895,7.57861514
Z4_2_3,449.5,21.37,28555.0,85.414,8780.5,4543.5,6204.5,0.0835,9.50189452
Z4_2_4,511.0,23.5355,28897.0,76.2595,8795.5,4727.5,6154.0,0.136,8.90982755
Z4_2_5,415.0,22.339,29766.0,72.257,8931.0,4374.5,6526.5,0.1075,7.86681404
Z4_2_7,442.5,23.653,28176.5,78.478,8569.5,3142.5,5650.5,0.0865,4.65992306
Z4_2_8,426.0,22.676,27761.5,127.973,8455.5,2541.5,5505.5,0.2355,4.8743872
Z4_2_9,417.5,22.726,27313.0,79.6755,8774.0,4191.5,6264.0,0.158,4.06466604
Z4_2_10,435.5,24.574,27942.0,72.837,8878.5,3700.0,5755.0,0.0945,5.86137101
Z4_2_11,402.0,24.8855,28343.0,119.4845,8626.0,2847.5,5914.0,0.265,4.28750387
Z4_2_12,399.5,22.1025,26616.5,86.0395,8115.5,2612.5,5205.5,0.343,6.58626243
Z4_2_13,743.0,22.545,29497.0,69.638,8829.0,3337.5,5739.0,0.0955,6.6878715
Z4_2_14,521.0,22.4535,31515.5,79.1095,9754.0,3529.5,6380.5,0.0605,6.27146262
Z4_2_15,529.0,21.074,28425.5,69.541,9493.5,3961.5,5916.5,0.126,4.97515499
Z4_3_1,587.0,16.2405,29209.5,66.064,6894.5,5325.0,6691.0,0.0115,5.44516964
Z4_3_2,1235.5,18.743,37857.5,75.628,7779.5,5903.0,7289.5,0.026,3.57716573
Z4_3_3,559.5,18.848,28326.5,76.806,6483.0,5192.0,5772.5,0.4225,2.05164089
Z4_3_4,569.5,18.7,28507.5,66.7465,6560.0,5197.0,6043.5,0.031,5.24770949
Z4_3_5,584.0,17.255,33541.5,58.557,7823.5,5424.0,6793.0,0.0435,3.47571454
Z4_3_6,1244.0,16.1635,31803.0,73.7455,6941.0,5873.0,6292.5,0.1685,5.53866163
Z4_3_7,650.5,19.4135,30382.0,62.594,12015.5,8836.0,58464.5,0.1235,4.03692243
Z4_3_8,757.5,15.8465,30648.5,65.045,7141.5,5306.0,6695.5,0.7715,1.62501424
Z4_3_9,769.0,16.509,28087.5,62.9615,6372.5,4123.5,5595.5,0.06,1.50392927
Z4_3_10,501.0,15.2455,25425.5,53.107,5815.5,3572.0,5096.0,0.093,2.44388853
Z4_3_11,547.0,14.821,25787.5,57.697,6190.0,3952.5,5525.5,0.001985626,4.6709736
Z4_3_12,491.0,15.283,22940.0,54.0365,5279.0,3191.0,4710.0,0.001985626,2.35781673
Z4_3_13,576.0,16.453,26068.5,74.331,6079.0,4789.0,5896.0,0.0565,2.61926825
Z4_3_14,473.5,15.6705,26380.5,63.599,6300.0,5197.5,5927.5,0.088,5.11287029
Z4_3_15,633.0,16.906,37890.5,65.428,10525.0,8104.5,8373.0,0.2815,4.20922259
