SampleN,V_S,Na_S,Co_S,SumTS
A1_1_5,5.752392436,277.9203362,1.345628733,6.12953897
A1_1_6,7.553073443,193.2357613,1.720476117,9.2906143
A1_1_7,8.828873335,187.2065307,1.899481197,8.70437705
A1_1_8,7.139984585,282.5339971,1.479005718,3.78437703
A1_1_9,5.957935177,285.5430539,1.21143497,10.7154596
A1_1_10,6.516024984,223.2615244,1.223691329,8.89120817
A1_1_11,7.251451798,196.1301031,1.64636065,6.32845457
A1_1_12,10.41664973,226.0637564,1.721836446,7.54643674
A1_1_13,9.849488704,272.7481824,2.058944976,3.59501882
A1_1_14,7.249575246,205.0036383,1.61434694,4.48556404
A1_1_15,7.411500626,260.5149047,1.571009553,13.4620922
A1_2_5,29.82208527,230.4461011,7.938882175,7.89563974
A1_2_7,33.95568757,213.8445446,9.355412278,14.1591278
A1_2_8,35.01727762,229.9916694,9.981686645,9.63754416
A1_2_9,29.51738756,169.2540226,8.033245969,5.04564786
A1_2_10,35.03063033,221.4047592,9.8480236,10.5454431
A1_2_11,33.53670845,195.6214859,9.219719839,11.0847348
A1_2_12,32.76000608,220.2909584,9.137118624,10.7952651
A1_2_13,34.50609246,212.541984,9.745144509,5.7962708
A1_2_14,38.48722506,231.2221541,11.25162809,7.74037653
A1_2_15,33.87980361,170.361039,9.620919569,5.46909972
A1_3_3,25.05053686,317.2668776,6.711814761,6.23947766
A1_3_5,24.48829724,232.7725945,6.225778196,7.24609158
A1_3_6,14.35272875,159.3679192,4.311260111,10.2084263
A1_3_7,22.12220723,279.3366492,5.714129408,9.90580186
A1_3_8,26.8086319,301.8762585,7.469253669,17.8071906
A1_3_9,28.30230589,294.6455191,7.689679146,4.70883865
A1_3_10,24.56930086,295.5793325,6.796980886,4.02240725
A1_3_11,29.36297833,292.3655585,8.631459095,4.08367461
A1_3_12,29.66011163,282.7355263,7.98801129,7.22422965
A1_3_13,31.16981695,351.7267682,7.759843486,5.00796233
A1_3_14,23.28322839,329.4222767,6.423087193,6.82875902
A1_3_15,25.16650565,345.1565275,6.766138877,3.47156001
A1_4_1,33.94981657,225.9243236,9.108680517,7.37012367
A1_4_2,41.71137516,271.1922076,10.66665186,12.907508
A1_4_3,43.51496679,205.7155514,11.81872218,15.0815699
A1_4_5,43.15778981,197.0165221,11.30745885,4.04718574
A1_4_6,48.92081469,232.5453276,13.04196256,6.41438498
A1_4_7,44.01463733,182.6897924,12.19418311,15.4278473
A1_4_8,42.19887682,565.3439652,11.09229579,11.813027
A1_4_9,39.65432547,273.3410874,10.39647794,9.3748222
A1_4_10,38.7132405,274.0418445,10.24557373,8.8521317
A1_4_11,39.35370265,248.7638913,9.773668655,5.54630047
A1_4_12,39.86235547,291.2618491,10.16282795,8.8863263
A1_4_13,32.90035584,183.3637969,8.648557015,10.821524
A1_4_14,38.3409023,237.9269857,10.81968657,8.98383235
A1_4_15,38.57765636,201.8035723,10.23150181,14.5179675
A2_1_1,29.07504256,248.6435938,6.763482164,8.63561063
A2_1_3,20.97313572,253.1507523,5.014020148,5.20072162
A2_1_4,18.10113541,312.5739541,4.207566691,3.42978411
A2_1_5,13.82332039,215.0905452,3.355487216,4.68252791
A2_1_6,24.17713934,300.1889306,5.672567763,14.3922317
A2_1_7,15.96882943,299.1674253,3.725536276,5.15391004
A2_1_8,23.86838447,270.5793729,6.427933493,9.31390025
A2_1_9,27.93629294,221.5542679,6.458134915,2.52111707
A2_1_10,27.03104054,305.2831208,6.661420198,6.2654502
A2_1_11,26.17988474,236.3559002,6.389849123,5.0314173
A2_1_12,16.9611562,189.526784,4.416555257,9.15003471
A2_1_14,13.17343819,198.6784329,3.196567197,4.40338309
A2_1_15,15.63376364,253.3292259,3.650656204,4.28305784
A2_2_5,42.97049389,188.5786294,13.13885569,3.59956276
A2_2_6,45.73167768,157.2802766,12.3390455,3.67175536
A2_2_7,40.42903042,142.083822,14.33645578,5.87284298
A2_2_8,48.7838105,196.3974599,13.42011069,4.73170575
A2_2_9,38.66600429,125.8451677,12.52358468,7.20263991
A2_2_10,44.76724002,131.4351525,12.42996906,4.22274933
A2_2_11,45.65662513,125.4715588,14.7810858,6.40604933
A2_2_12,49.60170603,151.8128942,13.81579834,4.55281768
A2_2_13,48.13810435,142.4702126,13.5003975,5.69708636
A2_2_14,39.25893662,170.0689005,10.21531964,5.785083
A2_2_15,39.26500326,150.885869,10.57681143,6.96029029
A2_3_1,43.21380525,153.1167196,10.60673887,11.1553562
A2_3_4,44.11979243,153.6255376,10.46813632,10.1387645
A2_3_5,38.64203358,132.4461606,9.455907549,5.70933502
A2_3_6,57.79058158,368.7728255,11.94840137,4.93086006
A2_3_7,53.12128966,311.1719104,11.38349638,11.1689683
A2_3_8,62.57895203,346.9766082,13.76550231,8.65291963
A2_3_9,47.61613717,263.3181012,10.20995233,5.91388446
A2_3_10,53.70592829,327.6000447,11.63188669,1.50115556
A2_3_11,48.58886272,260.2377843,11.36761555,2.69239932
A2_3_12,47.66101929,299.094095,11.04982411,18.4061108
A2_3_13,50.16567422,279.5617549,11.13178515,10.8818458
A2_3_14,43.36274113,306.0910439,10.07149766,10.2193982
A2_3_15,50.00085202,272.2217446,11.07438027,9.22936651
A3_1_4,15.10874111,484.2193072,5.728712553,4.49855648
A3_1_5,42.56398162,494.6972611,13.67535295,8.62403927
A3_1_6,30.43358327,336.2205555,9.690136583,8.43381684
A3_1_7,44.50782887,518.9357679,14.74487415,3.91028568
A3_1_8,44.55252937,427.2543046,14.86024293,5.5455326
A3_1_9,37.86653814,551.9079888,12.21592866,6.64494442
A3_1_10,33.61190058,576.774516,10.86172634,7.51144827
A3_1_11,37.62036855,580.6350508,12.53895893,14.0538438
A3_1_12,40.27734521,423.7299953,12.50122035,6.71343546
A3_1_13,43.47606023,587.7324118,13.60576549,6.25402875
A3_1_14,40.7856366,644.9620669,12.38620554,8.02713565
A3_1_15,45.98992739,474.1326989,13.80351246,7.05582551
A3_2_1,39.88197293,496.948121,11.65367693,8.85572304
A3_2_2,36.4540151,417.4289562,9.719103131,8.40736587
A3_2_5,34.73193957,543.7678203,10.131876,6.36538686
A3_2_6,30.6532175,433.2906527,9.273636116,15.540286
A3_2_7,42.02912513,395.4308499,13.10842673,7.56958564
A3_2_8,35.39453976,541.869695,11.16320651,6.36115135
A3_2_9,34.09139795,436.4517147,10.69118817,13.2495414
A3_2_10,43.54729188,669.3637866,12.20929217,4.33328152
A3_2_11,43.82174383,490.5128312,11.58682117,6.56621801
A3_2_12,46.39271572,425.517862,12.18552596,3.69677213
A3_2_13,35.19122173,447.9643595,10.22953868,6.30232157
A3_2_14,30.8383118,407.2569267,9.637116723,11.414092
A3_2_15,35.82999242,576.3005247,11.06203708,5.29310059
A3_3_2,47.7786557,489.4621083,10.88220288,4.09674206
A3_3_5,30.57970094,456.7339567,7.397400645,5.2714414
A3_3_6,20.58565214,461.5206642,4.885432719,3.88028085
A3_3_7,21.78181742,238.2663275,5.444882792,8.55818376
A3_3_8,23.87693246,492.5305652,5.50006713,6.45109927
A3_3_9,25.32638547,263.3462058,6.104577251,3.58956517
A3_3_10,21.79293713,425.9101769,5.401861457,5.98206333
A3_3_11,26.29536201,583.7739967,6.647486707,4.50307087
A3_3_12,22.67257226,615.4315886,6.016559414,3.80522044
A3_3_13,26.88858634,358.3543297,6.430501899,8.43595922
A3_3_14,23.23669647,399.1922102,5.696924298,4.24431618
A3_3_15,23.61390983,415.81920360000004,5.65215703,7.47977887
A5_1_1,39.59546283,341.9428289,10.42644918,9.07404803
A5_1_2,45.95561765,413.6238252,11.5941154,13.1951828
A5_1_3,49.43382987,424.7816138,12.24171657,11.8516862
A5_1_4,43.93721832,397.6881804,10.57814603,12.131657
A5_1_5,38.77288179,416.569397,9.925765484,18.7645276
A5_1_6,39.04167301,481.0242564,9.881359403,21.4486654
A5_1_7,38.78691512,474.1500656,9.844561267,14.898623
A5_1_8,40.38123732,447.1535236,10.79318114,17.1878259
A5_1_9,41.2409972,402.3279902,10.21819952,3.12917722
A5_1_10,40.77699233,383.8781724,10.17567075,6.82570885
A5_1_11,39.91125652,395.9038527,10.2198786,14.9494809
A5_1_12,37.37034905,350.1820923,9.498749105,12.3400376
A5_1_13,34.71034567,340.6073848,8.746021421,7.59879261
A5_1_14,36.40310828,337.0411396,9.477458986,8.89757047
A5_1_15,36.8160506,345.0045202,9.620424115,9.26392582
A5_1_16,34.06342221,268.4883195,8.88338547,14.9150658
A5_1_13d,35.2600806,347.7869791,9.043528815,8.56641583
A5_1_14d,41.54885925,366.2426788,11.01996687,11.5411993
A5_2_1,31.77251776,233.1996764,7.725758387,11.5534482
A5_2_2,33.10144069,267.2044431,8.134122861,14.0181308
A5_2_3,31.57177976,227.3575005,7.383077456,14.3742917
A5_2_4,32.82486803,247.5206005,8.049265649,13.7902942
A5_2_5,30.86429298,257.1421745,7.383994481,13.8006457
A5_2_6,34.81348931,559.8171705,8.982508377,15.9131394
A5_2_7,19.37835567,172.1374757,5.219523957,9.52888762
A5_2_8,19.4328628,145.9740967,5.360255502,12.3230494
A5_2_9,23.59350875,167.6530851,6.318625252,10.2371666
A5_2_10,17.57205652,128.4763572,4.58309107,10.5598095
A5_2_11,17.4487985,108.5193216,4.716692887,2.64643363
A5_2_12,19.94392987,144.6773732,5.517017666,12.8053526
A5_2_13,18.32688382,134.2894158,4.781672471,9.17975548
A5_2_14,20.6156235,126.3940369,5.685471413,15.323941
A5_2_15,18.22082988,127.8302298,4.954242935,14.6181507
A5_2_16,23.30348099,154.6358082,6.059501835,11.4306093
A5_3_4,23.63505925,157.3573293,6.71653117,13.1229181
A5_3_5,24.92798571,164.7934984,6.840535106,5.89808975
A5_3_6,19.08272551,124.1452317,5.160356201,8.17340101
A5_3_7,19.53468409,150.6902834,5.509607243,11.2357642
A5_3_8,17.92269607,135.2390691,4.881629628,6.71893528
A5_3_9,18.08525423,133.3053924,5.016959358,14.8336788
A5_3_10,25.19706408,161.9192285,6.928228262,7.89675979
A5_3_11,22.4083848,155.2992741,6.233663975,9.28840264
A5_3_12,23.35535731,173.7753494,6.446128132,11.5495939
A5_3_13,20.05115086,141.6276288,5.543965945,11.0298568
A5_3_14,24.82306336,181.2046107,6.916373689,13.2416985
A5_3_15,23.9571871,160.5481709,6.597709779,10.8381637
B2_2_8,65.991,466.7305,10.9395,0.86013661
B2_2_9,66.4505,607.5655,10.9355,2.53586201
B2_2_10,62.448,519.1835,10.5935,0.81259666
B2_2_11,70.3325,589.2165,11.421,1.20238711
B2_2_12,62.969,475.2035,10.195,2.93275107
B2_2_13,63.8065,562.1845,10.667,2.57547244
B2_2_14,72.58,666.2405,10.925,1.98345004
B2_2_15,63.321,521.813,10.7195,0.80849201
B2_3_1,63.4785,363.609,11.12,3.92223082
B2_3_2,73.0955,323.7035,12.938,1.99140431
B2_3_3,64.4545,407.375,11.5735,2.50644711
B2_3_4,56.1095,312.692,10.7805,2.09653015
B2_3_6,57.1785,243.3835,12.043,0.54716445
B2_3_7,57.341,322.968,11.8595,3.00859392
B2_3_9,76.1825,425.1245,13.949,1.81311299
B2_3_10,65.9315,316.0155,12.3095,1.21997383
B2_3_11,56.4605,272.136,10.8185,2.06810664
B2_3_12,65.059,452.915,11.4335,1.6341739
B2_3_13,66.56,318.9965,12.736,1.27781695
B2_3_14,50.227,333.774,9.566,3.52892555
B3_1_5,14.03199715,497.502692,3.95294799,0.84982267
B3_1_6,14.33276537,390.11862299999996,4.252214629,1.0154581
B3_1_7,12.87624737,532.8904365999999,3.690414563,1.14023282
B3_1_8,17.85444706,431.0298734,5.216666075,0.94787888
B3_1_9,13.55749247,439.767584,3.927908409,1.49296155
B3_1_10,13.09149944,385.6580798,3.770808737,1.58529708
B3_1_11,17.36385771,556.1058396000001,5.064169027,1.98900487
B3_1_12,14.02389569,364.91484479999997,4.094359014,1.93724039
B3_1_13,11.53058578,571.2080087,3.247437216,1.1756118
B3_1_14,15.26365335,464.8205612,4.464951571,1.96029139
B3_2_5,35.31913122,564.9723993,6.79358563,3.0177288
B3_2_6,31.26863827,299.6042032,6.066898268,4.36629786
B3_2_7,34.37374309,449.8163694,6.527037577,3.06934659
B3_2_8,36.20810323,455.5644977,6.022070863,4.43310655
B3_2_9,36.49557019,471.60090550000007,6.899462724,5.54839835
B3_2_10,39.78340581,575.9569119,7.929889999,3.57391581
B3_2_11,33.27068321,429.5842538,7.036934606,4.69591199
B3_2_13,33.65121262,552.102468,6.96409156,3.39249889
B3_2_14,32.54448561,719.2006069,7.193192572,4.46871695
B3_2_15,33.88808642,835.5390191,7.088393419,7.89368061
B3_3_5,35.947130369999996,595.5902435,9.372472426,0.69650165
B3_3_6,36.09929882,630.3878061,9.186511004,1.17551942
B3_3_7,37.58125179,562.2387090999999,9.95203279,2.51494815
B3_3_8,36.55876347,512.7073588999999,9.475719514,0.45407133
B3_3_9,33.69565454,673.0110989,8.724044928,0.8273304
B3_3_10,33.22322235,603.7637849,8.482040491,0.86805331
B3_3_11,31.64419715,629.2873644,8.114637114,1.13340464
B3_3_13,34.69388654,359.637117,8.933857114,0.51373908
B3_3_14,36.97804788,535.4618493,9.392565237,0.69984957
B3_3_15,36.86961717,609.3545769,9.304373307,0.23996605
C1_1_1,164.5677127,356.1392955,27.25502229,9.28917591
C1_1_2,193.3699651,425.7654585,28.62906166,18.1656021
C1_1_3,186.3142409,362.1435436,29.2968591,13.3148562
C1_1_4,198.5758213,424.2175896,33.16076265,5.48009605
C1_1_5,176.9436723,424.2686442,32.15927868,14.2906471
C1_1_6,147.724979,401.3834096,40.39664323,6.55533934
C1_1_7,215.6846739,418.3947465,36.38334767,7.73165642
C1_1_8,218.810587,305.2697896,38.00830018,3.16567685
C1_1_9,165.5808783,403.5696756,27.63625526,3.88428563
C1_1_10,207.9520174,409.8682017,33.34393912,9.92776122
C1_1_11,247.4453326,646.7363564,36.84371355,15.1166877
C1_1_12,208.3325918,443.0277203,33.69468563,11.6129034
C1_1_13,241.4191973,383.0655866,44.42262921,8.44888142
C1_1_14,262.1299069,330.0941302,50.70906906,5.17560108
C1_1_15,226.1946603,327.170737,41.41924884,9.26339787
C1_2_1,39.28528323,182.8989055,10.62827093,10.7044857
C1_2_2,39.25230384,194.8244252,11.14238827,6.13841237
C1_2_3,27.59133152,163.7450517,8.313005135,3.73709508
C1_2_4,40.65969957,198.3294885,10.97590675,5.51472793
C1_2_5,33.30467528,177.3428041,9.420097296,3.46969329
C1_2_6,36.91545254,192.8107392,10.20121564,1.32017311
C1_2_7,36.58912937,176.1760592,10.31718332,8.9922877
C1_2_8,32.54018535,180.5678659,9.078016754,4.31284145
C1_2_9,34.44374716,182.2780317,9.477469356,7.39142619
C1_2_10,27.90817884,152.4583869,7.599437497,4.46507626
C1_2_11,35.44504707,179.5648818,9.814590725,5.66848097
C1_2_12,37.15109808,175.1073728,10.39346319,3.20702526
C1_2_13,37.92030959,213.161641,10.94026063,10.3059194
C1_2_14,32.62709271,194.1889345,9.446138979,0.56000093
C1_2_15,41.50690823,213.0997547,11.3137484,5.18236306
C1_3_1,24.09110239,182.5876202,6.649260398,0.29673571
C1_3_2,24.9466513,180.0747209,6.83973517,1.84663183
C1_3_3,25.51159122,183.6593502,7.094438531,0.93398731
C1_3_4,26.32307827,223.6640952,7.208891264,0.59626432
C1_3_5,24.36512749,190.7240196,6.907897947,0.41726575
C1_3_6,25.42601858,191.1049775,7.217620796,0.59047946
C1_3_7,26.84487614,191.9397632,7.551571206,1.71318651
C1_3_8,24.09872751,224.5794618,6.612194438,0.50795346
C1_3_9,24.02437946,211.9681208,6.949792022,6.03187482
C1_3_10,23.54532938,177.1272184,6.472046591,0.62284484
C1_3_11,25.37224903,220.4419594,6.708779062,1.38036505
C1_3_12,30.45204547,297.2436441,9.080672892,2.23891639
C1_3_13,24.85467928,244.0131987,7.18166741,2.61995987
C1_3_14,24.76969653,319.5848677,7.181868391,1.51622875
C1_3_15,11.24766535,192.2782319,4.624468869,1.5520063
C2_1_1,54.5565,278.759,10.5585,2.38389827
C2_1_2,65.3805,302.0455,12.026,0.68918522
C2_1_3,49.481,209.898,10.545,6.1817862
C2_1_4,55.718,263.753,11.952,3.38751591
C2_1_5,63.703,328.3335,12.0375,1.44121211
C2_1_6,58.0405,264.7485,12.0625,1.8547526
C2_1_7,68.5705,307.954,12.9165,3.44259623
C2_1_8,62.4565,362.698,12.9865,2.03475667
C2_1_9,61.3725,304.2225,10.9055,1.94103142
C2_1_10,60.237,307.6515,11.693,3.57848379
C2_1_11,58.168,258.2335,11.592,0.85772091
C2_1_12,54.908,369.2205,10.8555,1.60478838
C2_1_13,59.633,307.7665,11.825,1.32266646
C2_1_14,58.808,285.9655,12.514,1.60005689
C2_1_15,61.766,253.6025,11.44,2.44242539
C2_2_1,58.6325,357.7825,9.7315,4.94815433
C2_2_2,60.2895,311.897,10.001,7.99257962
C2_2_3,68.0375,468.2715,11.8675,2.41763553
C2_2_4,66.7455,360.967,12.7065,2.77650221
C2_2_5,48.765,253.2395,8.7625,6.96729446
C2_2_6,75.7215,424.3685,13.1825,3.53108632
C2_2_7,58.804,330.0945,9.666,6.8556172
C2_2_8,52.651,282.4935,9.4685,9.29138855
C2_2_10,66.8755,444.0265,11.9555,7.95873383
C2_2_11,55.374,321.8425,9.1395,6.35992176
C2_2_12,61.837,337.015,10.293,4.15025084
C2_2_14,50.849,253.371,8.8415,4.00473282
C2_2_15,55.329,366.7925,8.589,7.41239649
C2_3_1,62.5085,316.4005,11.129,1.85412971
C2_3_2,63.258,324.3565,11.4365,1.62396768
C2_3_3,33.874,138.343,8.762,1.96391958
C2_3_4,51.62,307.313,9.122,2.18015866
C2_3_5,61.1145,310.5235,11.03,1.94962146
C2_3_6,60.5155,327.195,10.95,2.63312128
C2_3_7,42.1215,211.0065,8.195,2.06513137
C2_3_8,71.7725,411.8405,11.885,1.6003764
C2_3_9,57.9615,282.8055,10.6405,2.31284372
C2_3_10,44.829,210.2225,9.0675,2.57820055
C2_3_11,59.1765,265.1885,11.268,2.89358939
C2_3_12,60.4925,302.0385,11.113,4.70722714
C2_3_13,64.581,323.732,11.3705,1.98731377
C2_3_14,62.4045,349.1275,10.4305,2.47281571
C2_3_15,64.8495,346.251,11.2695,2.02644209
C3_1_1,27.06695144,156.0567984,7.231443029,0.75690167
C3_1_2,28.33866485,152.0501081,7.616302426,2.26219127
C3_1_3,47.78037266,228.4610924,12.60284014,2.77016987
C3_1_4,29.45197107,149.842174,7.901350404,3.36959591
C3_1_5,26.86084121,125.8837761,7.438222012,4.03425261
C3_1_6,56.53417625,358.3475431,14.50829493,4.93372907
C3_1_7,50.76254117,304.5993913,12.96496712,4.61698535
C3_1_8,49.35563336,267.1262247,12.44805409,2.31304111
C3_1_9,42.38907623,228.6970432,11.12167827,1.26271653
C3_1_10,40.41980515,208.5404083,10.5751431,2.15336363
C3_1_11,44.19182372,221.1955503,11.54755781,5.32812908
C3_1_12,48.26808124,204.7823953,12.77505578,2.15011473
C3_1_13,46.65649274,203.5722044,12.82405116,2.8191988
C3_1_14,45.89411814,223.5606108,12.39396758,1.70121196
C3_1_15,39.52070773,203.4285385,10.7585107,2.17286812
C3_2_1,33.34224348,158.557837,10.01969401,1.52207055
C3_2_2,45.47662011,204.3094467,13.53508453,1.25912625
C3_2_3,47.48413375,224.4742646,15.28340193,8.03108721
C3_2_4,50.62834682,210.4168425,15.41060494,2.23672063
C3_2_5,47.22026446,208.662859,14.51640156,2.73053043
C3_2_6,46.2453863,215.4986594,14.39503634,7.26687573
C3_2_7,46.62928531,178.6024435,13.67982536,5.63871692
C3_2_8,51.96058009,248.2236553,15.15281093,1.95857049
C3_2_9,44.49938333,219.0682432,13.09483546,6.05822439
C3_2_10,49.15650038,221.3268394,14.91572232,7.5636624
C3_2_11,47.63278173,196.8823719,14.91009502,7.10651794
C3_2_12,42.31062557,174.2486614,12.95183474,1.72277832
C3_2_13,47.02478409,181.8397773,14.25433105,2.29496137
C3_2_14,43.75739153,191.6263275,13.21361669,7.19838632
C3_2_15,47.17571399,220.5109057,14.31128128,1.91185046
C3_3_1,15.69721712,121.5153983,4.358694026,3.34782893
C3_3_2,16.14441037,100.69761,4.437562553,5.08807029
C3_3_3,16.62473806,104.6619433,4.56904914,1.65727255
C3_3_4,16.13946149,116.0588391,4.479815562,11.3495064
C3_3_5,17.86239064,109.9761115,4.941278512,9.12385778
C3_3_6,23.82807498,123.356282,6.51445713,3.33441405
C3_3_7,17.67716364,115.3696493,4.757625873,1.40825369
C3_3_8,16.18070928,104.08631,4.537434461,8.02947917
C3_3_9,14.56051278,87.04841059,3.955137644,3.4909486
C3_3_10,16.18160516,89.68970745,4.461073366,11.6099775
C3_3_12,16.14199513,98.43196832,4.586709947,8.33619249
C3_3_13,18.15302533,107.9124207,4.98476098,5.14429551
C3_3_14,17.64573339,108.010217,4.824464211,12.1021853
C3_3_15,15.35713754,96.37124476,4.325296713,6.80823859
D1_1_1,53.553,291.3485,10.588,3.09074293
D1_1_2,43.355,209.4185,9.733,3.4245826
D1_1_3,70.4635,448.467,12.57,6.45916733
D1_1_4,62.177,355.908,10.941,2.52562148
D1_1_5,68.1695,419.036,11.686,2.59008023
D1_1_6,62.016,377.2285,10.4715,3.2900164
D1_1_7,67.697,427.441,11.5815,1.18214422
D1_1_8,58.625,319.719,10.7155,1.52138023
D1_1_9,71.2855,483.2155,11.4495,2.72126498
D1_1_10,73.112,442.2705,12.52,4.57951982
D1_1_11,67.232,420.5945,11.5545,3.12807097
D1_1_12,66.7435,395.817,11.894,2.33516884
D1_1_14,,,,2.15060592
D2_1_1,34.18228874,731.5149013,9.179216692,0.65341443
D2_1_2,37.38390774,616.9797077000001,9.692088835,0.60383613
D2_1_3,36.06716675,673.9738264,9.798125745,0.47987713
D2_1_4,37.09619602,593.449882,10.02641919,0.66220949
D2_1_5,39.23302113,737.0980467,10.54108022,0.44207692
D2_1_6,37.36272297,837.0589494,9.815891762,1.80361269
D2_1_7,39.60061381,747.6978744,10.48540233,1.57654778
D2_1_8,24.60873889,663.3302977999999,6.576620486,0.80089519
D2_1_9,23.62096547,636.6049715,6.126828336,0.65425885
D2_1_10,27.49682803,784.8016332,7.240765794,0.85140201
D2_1_11,30.03116138,797.8950264,7.781944533,1.72878365
D2_1_12,23.07295501,640.6073259,6.257973111,2.24601036
D2_1_13,27.65929664,598.2169747,7.426544609,1.67423555
D2_1_14,26.23316858,749.8345134,7.088180276,2.75630899
D2_1_15,22.38439213,503.3190874,5.886561609,2.49807364
D2_2_1,22.68714965,693.6637576,6.266914366,1.4200936
D2_2_2,23.49877104,522.5600615999999,6.520517948,1.5323692
D2_2_3,25.59997515,722.4768577,6.965721895,1.50317172
D2_2_4,24.12068591,713.3106636,6.687908732,1.47309498
D2_2_5,25.98593068,473.96422249999995,7.137010051,2.45955994
D2_2_6,26.08134786,560.1616116,7.217569045,2.92013651
D2_2_7,28.67692465,642.6135675,7.840911014,1.18911426
D2_2_8,23.52791277,553.3246077,6.655881733,1.30773091
D2_2_9,26.49991996,860.6859887,7.564266341,0.88994066
D2_2_10,22.96736152,547.4578527,6.33885828,2.50306224
D2_2_11,25.46744218,628.7982855,7.191733027,1.56808546
D2_2_12,24.45459676,643.348306,6.819536244,3.32594368
D2_2_13,21.92949099,561.1035612,6.118918179,3.01611147
D2_2_15,23.63403278,606.0080534,6.564277926,1.69486375
D2_3_1,30.9352934,520.221252,8.222610334,2.08147617
D2_3_2,31.09066042,470.07921509999994,8.053505574,1.07558705
D2_3_3,32.67933881,498.2092566,8.544204307,1.55189725
D2_3_5,34.29447475,516.8313575,8.960965667,1.32805053
D2_3_6,30.34558101,447.2269691,8.001360285,2.54088759
D2_3_7,30.29210624,558.7911326999999,7.947059683,2.06873179
D2_3_8,33.31541904,608.3386209,8.714061392,3.15215381
D2_3_9,33.25547694,494.6400558,8.815682826,3.14769871
D2_3_10,32.10865412,452.3472813,8.350743517,2.69951074
D2_3_11,32.90984999,577.3942903,8.550139904,2.09414755
D2_3_12,33.45788903,715.5237075,8.677485468,2.58460343
D2_3_13,30.41552514,556.1060501,7.96513934,3.27699339
D2_3_14,31.77710827,489.4771315,8.3341334,1.6355821
D2_3_15,32.47074719,561.1205947000001,8.556547341,5.45810878
D3_1_1,52.5405,395.296,9.1755,1.43685992
D3_1_2,45.8235,291.908,8.021,1.62929226
D3_1_3,53.4125,368.9755,10.0035,2.91605212
D3_1_4,49.9325,307.9395,9.795,5.30445715
D3_1_5,54.23,369.452,9.9425,2.585736
D3_1_6,51.969,337.7605,9.7735,1.54121891
D3_1_7,50.314,314.808,9.2955,1.82880064
D3_1_8,54.862,354.4315,10.2585,2.99636237
D3_1_10,41.972,249.467,7.8315,2.28637726
D3_1_11,58.0345,398.7625,10.299,1.3300767
D3_1_12,123.548,557.806,21.7655,1.56524699
D3_1_13,51.3675,442.808,9.4165,1.17542882
D3_1_14,52.788,344.1295,10.081,2.61787657
D3_1_15,66.604,496.364,10.603,2.85551429
D4_1_1,69.984,436.182,12.72,2.75678141
D4_1_2,69.129,428.942,12.633,1.33712878
D4_1_3,69.319,400.363,13.334,0.98381214
D4_1_5,65.8235,426.297,11.9555,0.90687228
D4_1_6,83.295,605.9365,13.2945,1.35801261
D4_1_7,77.499,536.823,12.445,1.15114423
D4_1_8,76.256,532.42,12.7405,1.87561201
D4_1_9,63.605,365.594,12.4865,1.17644645
D4_1_10,62.543,383.823,11.8595,2.21556408
D4_1_12,78.8855,507.4675,13.2825,1.08396668
D4_1_13,65.048,436.997,11.495,1.58027404
D4_1_14,72.593,461.906,12.854,0.91136081
D4_1_15,79.021,522.9695,13.428,0.78265525
D5_1_1,45.0275,168.2705,11.261,8.19560365
D5_1_2,60.744,271.6635,11.72,3.0191563
D5_1_3,66.256,305.4705,11.6965,4.93434492
D5_1_4,43.669,149.49,10.956,4.15276071
D5_1_5,48.7975,195.8175,11.6455,4.0119959
D5_1_6,67.5195,332.597,12.4885,4.3347593
D5_1_7,49.305,188.1575,12.047,4.52488857
D5_1_8,51.405,189.6865,12.0495,5.5733946
D5_1_9,51.723,198.0815,13.09,3.71103333
D5_1_10,54.612,203.5465,12.9295,3.16642247
D5_1_11,52.7665,194.995,12.571,1.07784389
D5_1_12,57.624,217.205,14.1585,2.28595972
D5_1_14,53.3975,216.9835,12.713,1.55952839
D5_1_15,40.237,143.415,11.3665,6.69047406
D5_2_1,64.876,345.8685,12.068,2.74705745
D5_2_2,62.9485,328.4045,11.5275,9.9239627
D5_2_3,67.692,332.959,14.6555,6.81500013
D5_2_4,59.365,297.927,11.463,5.27706666
D5_2_5,63.3115,361.7815,11.104,4.01323753
D5_2_6,52.2845,279.289,9.96,7.81164254
D5_2_8,64.555,362.276,11.167,3.25343155
D5_2_9,65.0825,361.5525,11.756,7.53742623
D5_2_10,61.0355,315.832,11.311,3.86161792
D5_2_11,59.3055,313.0635,11.1945,8.07512872
D5_2_12,61.8085,333.6775,11.006,9.41963296
D5_2_14,66.3495,376.015,11.451,5.73565318
D5_2_15,61.7915,309.8825,11.4215,11.4314107
D6_1_1,62.3035,272.927,10.56,6.70535024
D6_1_2,59.9345,287.1415,9.853,3.06641411
D6_1_3,60.0655,280.3675,9.638,3.25015117
D6_1_4,69.484,362.56,10.7325,3.41579536
D6_1_5,60.6795,276.826,9.9245,1.62641927
D6_1_6,61.798,281.2705,10.667,7.1263649
D6_1_7,49.38,174.8155,9.213,2.07730225
D6_1_8,61.1695,290.1875,10.278,3.01600937
D6_1_9,69.603,367.831,10.837,8.52748965
D6_1_10,63.788,288.127,10.6035,3.07703019
D6_1_11,62.3675,316.676,9.661,1.71295371
D6_1_12,60.0865,269.7385,9.808,2.47528879
D6_1_13,56.6735,256.4085,9.6835,3.89301585
D6_1_14,57.3155,268.13,9.6845,1.62482696
D6_1_15,66.5485,331.8735,10.101,3.45660386
E1_1_1,60.4405,252.385,13.6405,1.07059443
E1_1_3,89.081,500.435,15.744,5.86022787
E1_1_4,81.02,387.956,15.6955,5.03214112
E1_1_5,89.1195,510.0195,14.9565,2.30807107
E1_1_6,85.4605,408.4565,16.176,2.02384006
E1_1_7,80.986,463.554,15.362,10.2252121
E1_1_8,83.1835,474.848,14.3355,3.69559448
E1_1_9,91.1175,522.663,16.1605,3.13585735
E1_1_10,76.3175,357.126,15.1415,1.68870064
E1_1_11,81.1205,423.2395,14.43,2.03966979
E1_1_12,81.531,497.694,13.7025,2.79884659
E1_1_14,106.353,672.232,16.92,11.424152
E1_1_15,76.552,392.6085,13.979,4.74767186
E1_2_1,67.94,386.001,12.238,1.15542421
E1_2_2,64.4795,301.5735,12.406,0.86616983
E1_2_3,66.3325,374.0385,11.7705,1.39809808
E1_2_4,62.685,363.731,11.5325,8.20584125
E1_2_5,72.238,399.551,13.158,1.10455522
E1_2_6,85.3845,579.7765,13.3125,1.14393954
E1_2_7,72.683,401.845,12.7855,1.69337159
E1_2_8,69.0955,405.731,12.199,5.73956907
E1_2_9,68.5645,377.844,12.1915,2.84290919
E1_2_10,63.963,366.1025,11.1415,2.38185324
E1_2_11,67.908,375.4865,12.0365,1.70061617
E1_2_12,89.9485,538.4325,14.88,1.61072866
E1_2_13,99.542,652.0205,15.981,4.66326434
E1_2_14,65.3885,369.0775,11.7795,1.12318879
E1_2_15,78.5675,457.615,13.3125,2.63548827
E1_2_16,71.054,449.0065,12.3775,2.2543148
E1_3_1,76.2055,383.46,14.8555,1.05125752
E1_3_2,80.114,397.313,16.102,2.95721996
E1_3_3,105.9715,585.789,18.906,3.83958773
E1_3_4,87.439,451.107,16.934,4.64433095
E1_3_5,87.4755,484.78,17.6825,4.0350139
E1_3_6,87.8525,494.743,15.3425,1.81668113
E1_3_7,85.0595,437.018,16.353,5.89870751
E1_3_8,82.1985,443.1925,15.1805,2.60062611
E1_3_9,88.1615,431.7205,17.181,1.39874183
E1_3_10,86.5965,443.943,16.3435,1.68013707
E1_3_11,93.3845,488.195,17.241,1.28263163
E1_3_12,101.5165,599.671,18.1495,0.66807115
E1_3_13,83.842,438.0445,16.9675,5.34901738
E1_3_14,81.3685,422.294,14.7415,0.71922247
E1_3_15,108.521,653.5635,17.9885,1.16800526
E1_3_6d,72.4645,369.042,14.2985,4.31359254
E2_1_1,66.304,277.4825,13.941,7.38994552
E2_1_2,87.893,446.418,16.6485,4.26503166
E2_1_3,67.64,302.6565,13.647,4.76498164
E2_1_4,71.0465,304.5455,14.7205,4.1639593
E2_1_5,65.152,302.997,13.353,1.11159356
E2_1_7,68.984,313.405,13.857,1.32375669
E2_1_8,70.0525,307.4065,14.3635,0.51369813
E2_1_9,72.9905,315.232,14.2665,4.71523518
E2_1_10,68.793,280.1735,14.15,4.20438344
E2_1_11,65.451,258.7795,14.362,0.59229868
E2_1_12,64.7055,273.0085,14.1795,1.65755708
E2_1_13,76.3935,380.7655,15.1785,1.29837407
E2_1_14,67.1085,296.879,14.2965,1.60175865
E2_1_15,79.1545,473.934,14.9305,2.59010553
E2_2_1,82.443,385.0495,15.9905,0.81161576
E2_2_2,73.0615,393.7765,12.587,1.28070683
E2_2_3,76.478,439.0315,12.9185,0.4774581
E2_2_4,78.023,421.2285,14.3875,1.32292036
E2_2_5,54.495,247.946,9.6335,2.09092202
E2_2_6,101.267,456.0335,17.121,1.26774612
E2_2_7,81.0575,480.3905,13.5305,2.73258433
E2_2_8,78.0445,443.533,14.4945,1.23709359
E2_2_9,68.3015,386.6315,11.9145,1.29825364
E2_2_10,70.4065,405.4905,11.9795,1.05268791
E2_2_11,73.0855,369.4215,13.932,1.09382854
E2_2_12,81.473,507.1895,13.409,1.3743497
E2_2_13,67.824,374.303,12.302,0.60128121
E2_2_14,72.1555,407.735,12.5175,2.27542339
E2_2_15,76.02,433.0215,13.055,0.30751923
E3_1_1,59.2705,296.716,12.179,4.00362416
E3_1_2,82.878,529.036,13.259,1.50549623
E3_1_3,76.9615,395.7605,14.7415,5.7519008
E3_1_4,83.0065,477.73,14.6095,1.38968652
E3_1_5,72.994,386.4145,15.2705,0.6920387
E3_1_6,58.7255,291.4345,12.7855,4.42900562
E3_1_7,69.1845,375.3955,13.645,2.24238862
E3_1_8,84.0085,484.9105,14.3055,4.13709612
E3_1_9,68.401,370.364,12.386,1.45303041
E3_1_10,69.2055,373.1925,12.73,3.04831955
E3_1_11,58.7435,281.933,12.3315,0.88716836
E3_1_12,71.0075,364.32,14.159,1.8003643
E3_1_13,70.9655,352.925,14.3035,1.88565463
E3_1_14,64.6765,313.3675,13.3835,0.39901409
E3_1_15,77.8005,414.9785,14.7295,5.00402622
E3_2_1,81.6615,450.212,14.3505,1.9901615
E3_2_2,94.0615,571.656,15.7115,0.64213034
E3_2_3,75.0195,457.585,13.448,0.83160815
E3_2_4,93.5935,581.367,14.572,1.04412938
E3_2_5,85.631,569.5505,13.689,1.16820574
E3_2_6,72.177,391.8275,12.9325,1.8362848
E3_2_7,79.9065,441.4855,14.5905,4.3610527
E3_2_8,90.0275,564.1485,14.477,2.11031329
E3_2_9,66.5865,344.2165,13.056,3.10096413
E3_2_10,71.578,367.903,13.7255,1.34289804
E3_2_11,77.6095,453.231,14.3665,0.87478055
E3_2_12,88.012,524.6935,15.3125,1.24667498
E3_2_13,83.78,446.498,15.626,1.4128532
E3_2_14,82.0625,461.7925,14.357,1.78021672
E3_2_15,90.73,520.6805,15.5045,1.34587289
E4_1_1,69.0865,356.3255,13.639,0.77961254
E4_1_2,77.614,404.3525,14.583,0.70075456
E4_1_3,80.7755,437.115,14.7465,2.19838191
E4_1_4,76.1165,414.103,13.137,1.9980857
E4_1_6,62.471,299.608,12.4145,1.85866869
E4_1_7,77.505,399.7755,14.4315,1.19227289
E4_1_8,82.0525,455.8155,14.517,1.9076631
E4_1_9,71.6915,375.9305,13.3315,0.89108498
E4_1_10,78.9225,402.9285,14.4545,1.22036853
E4_1_11,81.8025,487.7185,13.412,1.7132571
E4_1_12,83.513,452.537,14.607,1.63599715
E4_1_13,71.8195,380.841,13.0395,0.63264821
E4_1_14,79.581,443.42,14.0,1.39577132
E4_1_15,79.0,408.5705,14.6695,2.22277218
E4_1_16,70.886,360.069,13.439,0.76860386
E4_2_1,65.643,370.1915,12.096,5.80382255
E4_2_2,61.6035,316.5215,12.064,15.6538095
E4_2_3,68.857,418.8475,11.876,1.38006103
E4_2_4,68.0315,387.6095,12.139,1.40292726
E4_2_5,71.6455,489.272,11.4645,8.5226493
E4_2_6,67.1905,488.919,10.757,3.62808599
E4_2_7,64.861,368.548,11.5885,4.00244019
E4_2_8,65.4905,411.524,11.5025,3.83780196
E4_2_9,71.961,485.9505,11.726,2.0471743
E4_2_10,67.239,413.8835,11.906,3.33295367
E4_2_11,60.021,303.405,12.224,0.85418091
E4_2_12,67.393,383.416,12.2775,2.50460064
E4_2_13,65.7035,386.618,12.06,2.16205436
E4_2_14,66.3075,384.0095,12.7135,2.32246065
E4_2_15,59.2575,306.636,11.9575,3.18853951
E5_1_1,44.8655,295.1555,7.995,3.25271243
E5_1_2,50.4945,360.7225,8.892,7.04415637
E5_1_3,44.5295,299.097,8.0725,4.24215058
E5_1_4,58.7245,409.397,9.7975,2.70970801
E5_1_5,50.519,338.5115,9.0985,11.2028313
E5_1_6,39.66,255.892,8.0565,2.24636839
E5_1_7,48.9355,348.2905,9.0765,9.36123363
E5_1_8,45.54,303.786,7.9525,4.48405712
E5_1_9,50.3615,344.4425,9.686,4.47168245
E5_1_10,58.188,414.986,9.861,1.72144927
E5_1_11,51.141,328.5415,9.3945,1.23493703
E5_1_12,56.999,419.577,9.9085,9.07289648
E5_1_13,51.655,321.9295,9.6425,7.2401311
E5_1_14,59.352,399.502,9.871,4.04144274
E5_1_15,60.292,392.114,10.6715,8.14679163
E5_1_16,56.0175,361.603,9.611,5.42978468
E6_1_5,25.37031958,90.17643289,7.541419672,2.27213762
E6_1_6,26.44296575,94.20147833,7.516464826,2.54840314
E6_1_7,26.64422844,109.2983155,7.70969219,4.32821903
E6_1_8,30.87547116,108.667241,8.521006976,1.19641036
E6_1_9,33.49967382,106.6450731,9.731914883,3.92951746
E6_1_10,35.58563191,123.4915864,10.06730216,6.02009035
E6_1_11,36.97187591,147.9335464,10.10370453,3.35163018
E6_1_12,26.0302015,109.9777652,7.523514447,4.18089096
E6_1_13,28.34503484,107.3954646,8.235042505,2.5704992
E6_1_14,24.24000116,87.50898933,6.856187236,3.26890852
E6_1_15,36.09464943,110.5492968,10.21381598,3.91415984
E6_2_5,47.83672414,98.17584537,12.11985,19.0540675
E6_2_6,56.44024687,111.0251796,13.44955556,14.4963765
E6_2_7,50.54974157,124.1263081,13.59093657,5.40881632
E6_2_8,55.54429646,95.95311359,13.34227752,17.4383453
E6_2_9,49.08505438,88.75559868,12.08633871,8.96830379
E6_2_10,43.39222717,142.6063295,10.64085781,5.1858526
E6_2_11,39.62888561,108.2383098,10.59343917,16.4319692
E6_2_12,47.93044166,116.9589791,13.13456184,8.67977539
E6_2_13,54.6803714,113.1664411,13.44944948,13.9920023
E6_2_14,50.61504083,111.0581146,13.9873559,17.3927396
E6_2_15,54.20771245,110.1377499,14.23586559,15.3950345
E6_2_16,41.85217705,101.9687253,11.43431174,1.5181785
E7_1_5,25.39838884,101.0815911,6.866624724,5.72107581
E7_1_6,28.59697719,131.6618381,8.30616003,5.43271814
E7_1_7,34.83685058,135.4103108,9.496513381,11.2438111
E7_1_8,33.23006943,130.8772398,8.544267956,14.1728544
E7_1_9,32.9373747,120.7308052,8.004933121,6.73847658
E7_1_10,34.60540665,128.8369716,8.94399051,8.81256465
E7_1_11,44.65322779,125.4724269,8.067099379,6.87017432
E7_1_12,29.75444135,92.95780943,6.67482955,4.56409357
E7_1_13,33.93617528,105.5831884,7.320578846,8.08756718
E7_1_14,33.60158023,121.4563626,8.372283656,2.29500721
E7_1_15,29.82746854,114.378592,7.21541693,16.4390904
E8_1_5,34.05649197,138.0236496,10.04220491,2.96926041
E8_1_6,30.18872402,146.3110032,8.784925369,1.51328592
E8_1_7,32.7747585,141.5682517,9.664863276,10.9567105
E8_1_8,36.21571559,142.6710871,10.43269152,4.66316004
E8_1_9,32.67658221,159.2664376,9.615335223,1.58708779
E8_1_10,33.74512766,130.4429796,10.10089054,2.45889122
E8_1_11,20.34733506,96.78284275,7.238602235,7.06227158
E8_1_12,29.25321148,117.7916472,8.575552169,2.96737829
E8_1_13,29.9478035,155.4409898,8.745126636,3.12595191
E8_1_14,40.93991516,157.1657238,11.92160276,3.96478647
E8_1_15,30.22226458,156.746303,8.75925986,3.55238622
F1_1_6,18.45645998,163.1381548,5.756931284,5.58425242
F1_1_7,28.34896354,202.1739524,8.669232624,0.37251712
F1_1_8,19.34470177,167.9814016,6.805446432,2.919461
F1_1_9,22.93351074,140.5660553,7.012096203,10.4654534
F1_1_10,22.18727593,164.9083009,6.938264212,6.8343158
F1_1_11,18.53582487,144.7366338,5.66121816,2.67242294
F1_1_12,21.19085395,157.7209589,6.594800621,3.94672949
F1_1_13,19.92344518,181.20677,6.138107996,2.31724857
F1_1_14,22.07410157,142.413062,7.021489704,4.58188453
F1_1_15,19.35325213,182.7831916,6.163684527,3.55414971
F1_2_5,28.83969113,154.5027362,8.306212575,5.46914739
F1_2_6,26.0186618,137.5591102,9.227619956,2.91730113
F1_2_7,26.30243317,167.2421617,8.892158034,6.51534097
F1_2_8,25.2954911,130.2814121,8.24731067,4.61811753
F1_2_9,28.53814801,170.5692851,10.20642573,5.35252904
F1_2_10,27.89093186,180.9256412,10.0498336,4.52771354
F1_2_11,27.98463088,146.2372866,10.10674963,3.44456462
F1_2_12,28.90601801,168.1540532,10.0321321,8.89802932
F1_2_13,30.17453839,167.5570318,10.27916196,5.69708347
F1_2_14,28.37302891,155.5871603,9.401811755,4.25619949
F1_2_15,25.62056054,164.3849207,8.828544715,4.47511946
F1_3_5,31.12362272,190.9571885,12.10828008,3.49588824
F1_3_6,30.78249392,185.5605972,11.93391583,0.77031341
F1_3_8,30.73965583,185.5567951,11.99538076,5.16608004
F1_3_9,30.25272286,160.1406026,11.62542211,2.52852792
F1_3_10,27.32040221,161.3894731,10.59476603,3.58456848
F1_3_11,24.70178599,149.6821096,9.425129897,1.27443951
F1_3_12,30.52662987,169.7905923,12.06614979,3.52095429
F1_3_13,32.21860043,182.7588455,12.7203014,1.10890514
F1_3_15,29.87182973,171.4859417,11.97082567,4.31210979
F1_4_5,27.37861791,175.2056815,10.27122918,0.03287184
F1_4_6,27.49879724,208.2942607,10.45349567,1.12070081
F1_4_7,26.21714597,222.3386503,9.79066007,0.0778711
F1_4_8,26.1491841,167.7762757,9.706475279,0.96500381
F1_4_9,25.99479486,180.8957413,9.48574803,1.15279307
F1_4_10,25.55399415,175.2305467,9.423716622,0.75182725
F1_4_11,25.20803515,182.4216207,9.330858065,2.0575597
F1_4_12,26.24951647,197.1802674,9.79505737,1.94481763
F1_4_13,27.37846502,184.9497833,10.40732758,0.06863557
F1_4_14,25.83777595,159.2557111,9.50106029,0.10296875
F1_4_15,27.70880036,211.7150005,10.39227028,3.77758759
F1_5_5,29.91331378,294.4981275,9.659805488,1.21353812
F1_5_6,28.45484387,263.8959529,9.378988248,3.55637864
F1_5_7,23.1983978,225.1979531,7.375266492,3.22682961
F1_5_8,26.69245543,259.4268918,8.577666568,4.34331092
F1_5_9,19.85630307,176.989319,6.440231102,4.14791374
F1_5_10,25.19066786,251.6631996,7.610442277,1.60019752
F1_5_11,29.56194481,241.7305836,9.416159247,2.5223805
F1_5_12,15.94975259,152.7010551,5.047241595,4.05911244
F1_5_13,24.31984181,535.1030383,7.758548606,1.60911948
F1_5_14,30.04205224,258.2914535,9.988668527,2.80896524
F1_5_15,26.5914384,281.4898642,7.827196468,4.53753096
F2_1_1,43.782,185.643,9.466,1.15822226
F2_1_2,48.3975,178.3445,10.4195,0.31699041
F2_1_3,48.3,175.3525,9.9665,0.58068853
F2_1_4,42.1835,158.391,9.288,1.21502361
F2_1_5,59.6725,276.7455,10.561,1.04061422
F2_1_6,49.738,198.956,10.396,1.38413235
F2_1_7,46.5715,165.9055,9.86,1.26157138
F2_1_9,41.7695,155.5935,9.1295,1.06534349
F2_1_10,57.996,240.3985,10.8295,0.96941772
F2_1_11,48.505,182.5185,10.121,0.62665565
F2_1_12,44.4145,162.735,9.3315,0.97909089
F2_1_13,52.7845,203.5355,11.173,0.79429077
F2_1_14,48.252,198.0025,10.4455,0.53259075
F2_1_15,73.8805,433.4885,12.711,1.11614516
F2_2_1,55.539,283.7335,11.466,0.24418115
F2_2_2,76.4655,411.585,19.329,0.41063438
F2_2_3,68.4375,407.3725,15.6555,0.91336053
F2_2_4,114.64,761.7235,20.2175,0.68842933
F2_2_5,103.998,714.339,21.4045,0.31659446
F2_2_6,97.8495,566.8,21.2885,0.34725309
F2_2_7,85.6895,500.6325,20.789,0.24002017
F2_2_8,108.28,765.038,19.969,0.26030367
F2_2_9,76.683,408.4395,16.616,0.28407186
F2_2_10,101.7165,517.3515,24.433,0.17065082
F2_2_11,87.4805,464.6105,21.2775,0.27594621
F2_2_12,74.076,341.3475,20.5335,0.76254405
F2_2_13,93.854,507.138,19.7295,1.38188463
F2_2_14,89.359,481.3015,20.299,0.22675427
F2_2_15,99.258,558.777,21.1065,0.22300009
F2_2,76.732,440.114,17.111,0.38701702
F3_1_1,66.165,267.1975,14.5595,2.79903081
F3_1_3,48.8355,110.1195,11.3495,2.83157092
F3_1_4,57.2315,167.6225,10.892,1.83802981
F3_1_5,55.791,222.377,12.319,3.08526052
F3_1_6,72.933,356.8665,13.537,3.13560921
F3_1_7,80.917,440.338,13.179,1.30642734
F3_1_8,58.8795,226.067,13.3735,2.76826235
F3_1_9,73.7115,314.7955,11.6155,1.93863401
F3_1_10,57.6935,233.6005,12.9465,2.03827289
F3_1_11,40.953,76.9045,9.1,2.37441388
F3_1_12,75.786,367.3865,13.765,3.06643302
F3_1_13,65.463,285.933,13.2135,3.58628838
F3_1_14,80.068,409.9775,13.648,2.12582359
F3_1_15,56.863,174.381,10.4775,3.09878616
F3_2_1,61.8415,300.4065,14.931,0.32694968
F3_2_2,62.4985,308.4915,14.66,0.77883597
F3_2_3,86.6425,433.175,19.189,1.32611427
F3_2_4,95.523,584.4095,17.4785,0.68683292
F3_2_5,68.957,286.874,16.9265,0.82421603
F3_2_6,89.1045,445.607,18.7465,0.39913993
F3_2_7,98.2685,502.999,19.9695,0.72582831
F3_2_8,72.163,368.412,15.5035,1.19959218
F3_2_9,74.079,520.5455,14.912,0.19181638
F3_2_11,50.9275,260.691,14.1045,0.42642752
F3_2_12,67.245,385.623,12.276,0.79715535
F3_2_14,87.9735,560.547,15.542,0.56533891
F3_2_15,66.6015,332.1615,14.165,0.08896571
F4_1_5,39.7659591,205.7574348,13.2639127,1.34620929
F4_1_6,39.81523456,214.7159881,12.84487943,1.15578807
F4_1_7,37.8609118,224.4997557,12.45827205,0.15492265
F4_1_8,40.19017135,226.9247137,12.95717944,1.24257502
F4_1_9,35.88555507,198.3202766,12.27505655,1.23118989
F4_1_10,40.12896432,205.3469888,13.31074891,1.24302666
F4_1_11,30.98138951,234.9026779,11.24159534,1.15685076
F4_1_12,35.28079117,152.2101147,12.19147187,3.80345308
F4_1_13,37.55313189,162.3059322,12.12343125,0.95282115
F4_1_14,36.7363151,120.5415744,11.8501745,1.10200971
F4_1_15,37.59784034,181.4902396,12.32111939,0.57206052
F4_2_1,30.88664748,210.1499039,10.08259509,1.93645899
F4_2_5,28.67798995,154.5641701,8.545786811,1.22373487
F4_2_6,28.53678323,164.2257843,8.624193646,0.92634659
F4_2_7,33.94156667,179.787121,10.57094121,0.7998467
F4_2_8,34.76984865,168.2463901,11.01334617,0.83589292
F4_2_9,35.23689795,179.3382063,11.16965844,2.6395929
F4_2_10,32.66693488,161.9455964,9.802810923,1.05706905
F4_2_11,32.84300933,172.2239088,10.36688042,0.89443681
F4_2_12,34.96669123,246.8472061,11.44629995,1.02997322
F4_2_13,35.9423394,173.8677823,11.7065847,1.1408148
F4_2_14,35.65652707,199.6276762,11.15745933,0.64833324
F4_2_15,33.34772725,164.5141508,10.46992247,0.80313876
F5_1_1,63.186,253.764,12.7165,3.2548662
F5_1_2,67.68,267.237,14.1915,3.9336417
F5_1_3,66.035,296.801,12.804,3.99739359
F5_1_4,76.571,314.2135,13.923,2.68835069
F5_1_5,77.4095,392.241,14.856,1.77071839
F5_1_7,79.7925,380.8615,14.081,1.70532101
F5_1_8,61.5385,244.019,12.7145,2.43857391
F5_1_9,73.795,265.9835,14.7875,3.783397
F5_1_10,67.649,248.085,13.7365,5.12343352
F5_1_11,55.174,192.119,12.585,6.29487138
F5_1_12,69.3735,243.788,14.4635,2.22585837
F5_1_13,49.714,177.4915,12.402,4.6313798
F5_1_14,59.208,187.4445,13.6325,1.75665674
F5_1_15,70.6065,282.172,14.1245,4.65193397
F5_2_1,68.3015,357.56,12.811,1.36996597
F5_2_2,61.2985,245.5875,11.1615,1.52726623
F5_2_3,79.295,462.815,13.64,1.37714565
F5_2_5,72.1155,296.458,14.9705,1.48435879
F5_2_6,72.4685,304.693,14.5115,1.34088368
F5_2_7,56.309,213.912,12.019,3.50396672
F5_2_8,94.971,364.6145,17.8155,1.99401213
F5_2_9,72.316,373.6435,12.948,3.29688957
F5_2_10,67.126,290.3895,12.3085,1.92668551
F5_2_11,93.0045,352.408,17.479,0.54937416
F5_2_12,59.486,207.1005,9.3135,0.81659843
F5_2_13,83.6325,319.302,15.8805,1.23965206
F5_2_14,59.8665,262.0615,11.198,0.77244784
F5_2_15,63.116,240.544,11.382,2.57503698
F5_3_1,66.677,215.501,12.341,1.45946923
F5_3_2,75.9745,248.843,14.678,1.1787195
F5_3_3,72.521,192.109,15.3915,0.792637
F5_3_4,90.291,311.4755,15.973,0.95999203
F5_3_5,111.0095,512.3965,16.587,0.75855956
F5_3_6,57.4455,150.862,12.9195,1.83846591
F5_3_7,93.8545,331.9215,16.4415,1.03012658
F5_3_8,68.791,281.307,13.758,1.31395388
F5_3_9,88.804,375.468,16.0065,1.33649103
F5_3_10,64.129,189.5835,12.612,0.8363071
F5_3_11,95.548,425.4295,15.4,1.66914979
F5_3_12,80.761,318.583,14.1365,1.21967141
F5_3_13,53.9995,134.4455,11.62,3.60910528
F5_3_14,67.097,227.2295,14.1085,1.39494103
F5_3_15,70.2735,239.0665,11.9045,0.63941215
F6_1_1,71.8435,445.977,15.658,4.92524006
F6_1_2,71.176,424.0715,18.4945,2.48386359
F6_1_3,74.94,461.6685,16.0375,3.04334446
F6_1_4,66.8985,406.0865,14.388,3.013275
F6_1_5,71.841,445.2545,14.198,2.91520684
F6_1_6,90.2775,667.2875,16.549,1.51109573
F6_1_7,85.481,573.523,16.9535,4.63084877
F6_1_8,103.3045,749.7475,20.5845,3.20522347
F6_1_9,85.482,575.0175,14.851,4.65176224
F6_1_10,94.8365,671.4705,18.543,1.42070151
F6_1_11,108.821,814.6275,16.9985,1.4892505
F6_1_12,93.7575,647.334,16.122,2.20822973
F6_1_13,73.593,478.258,16.317,3.72312783
F6_1_14,73.9285,472.991,15.831,4.27225963
F6_1_15,85.53,572.962,19.0745,3.86092665
Z1_1_5,39.4622804,198.1754817,11.64977445,3.77168863
Z1_1_6,40.84807708,221.7542699,12.27457749,5.03223922
Z1_1_7,38.49893785,186.9780916,11.32426413,0.76094019
Z1_1_9,38.0359739,182.4793635,11.10996602,4.43764244
Z1_1_11,39.46903409,186.6034232,11.40585838,3.0814277
Z1_1_12,43.86317206,200.6366879,12.67714784,2.33566698
Z1_1_13,37.85903467,247.3376147,10.97321127,1.91269051
Z1_1_14,35.21441837,192.0640328,10.19009961,2.92627147
Z1_1_15,33.38012351,199.5192139,9.699982163,2.9354537
Z1_2_6,34.13319632,246.0687069,9.922257212,2.75958693
Z1_2_7,37.12748082,566.9050541,10.63956363,5.6682473
Z1_2_8,31.74164231,507.1460479,9.158340487,1.02735104
Z1_2_9,29.94574245,565.4755649,8.714666175,2.1969899
Z1_2_10,32.19472241,569.1801409,9.192359183,0.80757404
Z1_2_11,37.21218631,645.7756675,10.71956059,6.07724915
Z1_2_12,36.25291098,545.261767,10.3696613,2.85721262
Z1_2_13,31.17656908,586.1987833,8.812905658,2.41929069
Z1_2_14,33.47632045,424.6361283,9.682449844,3.22872605
Z1_2_15,32.68830963,681.333824,9.435045465,4.90295357
Z1_3_1,28.89228243,502.7085848,7.465437598,3.4702404
Z1_3_2,33.92047786,500.7408719,8.603145675,4.13733194
Z1_3_3,29.22434409,568.4086056,7.462928377,1.26805424
Z1_3_4,33.69064428,507.5365648,8.410214003,1.7833545
Z1_3_5,31.61891277,518.0084373,8.059290298,2.24106387
Z1_3_6,35.31165412,462.7740483,9.386769501,1.73955472
Z1_3_7,36.20696217,556.6351668,9.308400784,1.31875441
Z1_3_8,31.25028059,493.378508,8.075339816,9.19573539
Z1_3_9,34.67163541,623.2133435,8.975491985,3.23435605
Z1_3_10,34.08134341,576.8297715,8.894071622,4.99914053
Z1_3_11,26.47245922,498.5936603,6.931400688,4.34578113
Z1_3_12,39.90103478,810.7522836,10.31209996,1.33003317
Z1_3_13,40.19729522,741.8272811,11.46384815,0.88871221
Z1_3_14,41.27304624,703.5790449,10.60849721,4.43006247
Z1_3_15,35.35448259,734.9485859,9.027129174,1.68499488
Z1_4_5,26.24820081,459.8734243,7.357808252,7.97781793
Z1_4_6,26.36807909,503.8001106,7.49451442,12.7339757
Z1_4_7,27.98275908,470.6134551,7.865902724,6.8835105
Z1_4_8,25.97899707,496.2726057,7.185592563,10.7015336
Z1_4_9,25.52736713,548.2390918,7.045894494,10.283748
Z1_4_10,28.86709361,452.9369088,8.020852273,6.90396357
Z1_4_11,26.05746448,499.935443,7.261783821,7.26325114
Z1_4_12,25.12473383,486.6954109,7.063884049,10.0816608
Z1_4_13,24.53515953,511.3102751,6.933579081,8.33662316
Z1_4_14,28.97168405,555.8510112,8.071994358,6.40584489
Z1_4_15,25.58833128,502.2514795,7.025063938,5.79162483
Z2_1_1,77.344,343.1325,10.4695,2.64029263
Z2_1_2,66.124,254.759,10.163,2.55695422
Z2_1_3,80.095,343.382,10.8105,7.277125
Z2_1_4,73.391,329.762,9.607,2.3879476
Z2_1_5,80.767,403.0365,11.3445,4.49168083
Z2_1_6,73.0825,308.0705,10.285,9.31398302
Z2_1_7,69.673,257.499,10.3125,3.77270793
Z2_1_8,60.6055,199.3995,9.392,3.92452716
Z2_1_9,66.0915,261.9705,9.405,6.69884866
Z2_1_11,74.383,295.783,11.6925,4.87256559
Z2_1_12,69.08,248.2615,10.532,6.05389804
Z2_1_13,71.6405,278.0185,10.649,6.48388236
Z2_1_14,81.7535,381.1995,10.9185,2.56001131
Z2_1_15,80.3415,307.739,12.449,2.40498741
Z2_2_1,69.571,196.812,11.7955,5.63495169
Z2_2_2,82.1225,307.033,11.551,1.76170416
Z2_2_3,78.231,293.887,11.053,4.56397242
Z2_2_4,63.4605,171.3115,10.6195,6.43509256
Z2_2_5,70.4645,220.726,11.3335,1.85754761
Z2_2_6,57.296,147.455,10.1045,3.58190384
Z2_2_7,57.8635,131.4765,9.3615,0.9807831
Z2_2_8,68.755,215.4105,10.6295,3.61625811
Z2_2_9,69.683,260.852,9.6395,2.33399683
Z2_2_10,59.727,152.0335,10.297,4.79724562
Z2_2_11,65.3685,179.3165,12.302,2.4589621
Z2_2_12,64.409,159.578,9.8425,17.2384501
Z2_2_13,73.2325,243.9915,13.9465,4.82400501
Z2_2_14,64.047,204.8325,10.0245,3.64202562
Z2_2_15,72.6455,235.0015,13.0905,5.29607306
Z2_2_6d,69.4685,203.46,10.8405,4.47882912
Z3_1_2,78.026,358.2585,11.5395,2.16890205
Z3_1_3,75.857,350.066,10.444,0.28204086
Z3_1_4,63.0955,242.8685,10.3615,5.55467997
Z3_1_6,61.5815,231.8545,10.6625,8.44901465
Z3_1_7,80.782,397.666,11.5625,0.93154375
Z3_1_8,66.391,270.1835,11.107,2.2964122
Z3_1_9,71.517,324.499,10.8095,4.32220766
Z3_1_10,77.466,343.204,12.351,2.42808477
Z3_1_11,75.629,394.039,10.8865,0.67625082
Z3_1_12,70.316,305.3575,11.184,4.16623362
Z3_1_13,64.399,295.8955,10.846,3.81847994
Z3_1_14,133.0445,367.888,13.953,0.40412149
Z3_1_15,81.1465,520.873,10.761,1.13317022
Z4_1_1,71.8615,274.3945,9.9725,3.48835599
Z4_1_2,61.739,199.3945,9.257,2.58192239
Z4_1_3,65.22,250.1555,9.129,2.12363249
Z4_1_4,82.618,215.1315,10.498,2.90168475
Z4_1_5,72.0495,288.4695,9.5265,1.40017472
Z4_1_6,77.4785,309.2635,10.3825,1.33575237
Z4_1_7,71.1235,321.2585,8.4985,1.59424114
Z4_1_8,84.4475,394.7705,11.1155,3.03017868
Z4_1_9,73.2035,271.436,9.6495,3.38708705
Z4_1_10,85.0035,383.2865,10.693,3.35651713
Z4_1_11,81.89,352.068,11.933,3.1457217
Z4_1_12,83.699,358.0075,11.007,3.32929454
Z4_1_13,71.8645,344.856,9.539,3.35077816
Z4_1_14,88.846,393.472,11.3105,1.76770967
Z4_1_15,77.2995,295.243,10.7935,2.30053466
Z4_2_1,101.944,471.971,14.983,8.83438572
Z4_2_2,88.4175,437.538,13.479,7.57861514
Z4_2_3,79.631,351.601,11.839,9.50189452
Z4_2_4,100.173,494.4685,14.077,8.90982755
Z4_2_5,94.1745,443.24,13.079,7.86681404
Z4_2_7,100.0095,538.0385,14.109,4.65992306
Z4_2_8,85.792,418.016,12.985,4.8743872
Z4_2_9,89.9525,393.3205,13.4135,4.06466604
Z4_2_10,98.669,517.2145,14.0525,5.86137101
Z4_2_11,124.0785,489.4825,15.2775,4.28750387
Z4_2_12,88.86,513.5385,12.933,6.58626243
Z4_2_13,100.723,578.7655,13.823,6.6878715
Z4_2_14,89.973,439.779,13.367,6.27146262
Z4_2_15,84.0355,429.1485,12.502,4.97515499
Z4_3_1,71.5205,363.332,10.8785,5.44516964
Z4_3_2,75.466,408.6745,11.7805,3.57716573
Z4_3_3,89.646,378.961,19.1115,2.05164089
Z4_3_4,82.1115,409.841,12.9575,5.24770949
Z4_3_5,79.573,434.0755,11.2735,3.47571454
Z4_3_6,66.005,344.5845,9.936,5.53866163
Z4_3_7,101.068,461.21,18.038,4.03692243
Z4_3_8,60.8055,401.258,9.791,1.62501424
Z4_3_9,73.6245,369.989,11.408,1.50392927
Z4_3_10,70.756,360.9495,11.8705,2.44388853
Z4_3_11,67.937,362.1785,9.983,4.6709736
Z4_3_12,67.097,370.8875,10.156,2.35781673
Z4_3_13,70.498,359.687,10.913,2.61926825
Z4_3_14,74.1285,459.206,9.992,5.11287029
Z4_3_15,74.972,480.801,10.0445,4.20922259
