SampleN,Longitude,Latitude,ALT_extract,Landscape,SumTS
A1_1_5,117.7015533,36.34113333,256,Flat,6.12953897
A1_1_6,117.7015533,36.34113333,256,Flat,9.2906143
A1_1_7,117.7015533,36.34113333,256,Flat,8.70437705
A1_1_8,117.7015533,36.34113333,256,Flat,3.78437703
A1_1_9,117.7015533,36.34113333,256,Flat,10.7154596
A1_1_10,117.7015533,36.34113333,256,Flat,8.89120817
A1_1_11,117.7015533,36.34113333,256,Flat,6.32845457
A1_1_12,117.7015533,36.34113333,256,Flat,7.54643674
A1_1_13,117.7015533,36.34113333,256,Flat,3.59501882
A1_1_14,117.7015533,36.34113333,256,Flat,4.48556404
A1_1_15,117.7015533,36.34113333,256,Flat,13.4620922
A1_2_5,117.700625,36.32658333,248,Flat,7.89563974
A1_2_7,117.700625,36.32658333,248,Flat,14.1591278
A1_2_8,117.700625,36.32658333,248,Flat,9.63754416
A1_2_9,117.700625,36.32658333,248,Flat,5.04564786
A1_2_10,117.700625,36.32658333,248,Flat,10.5454431
A1_2_11,117.700625,36.32658333,248,Flat,11.0847348
A1_2_12,117.700625,36.32658333,248,Flat,10.7952651
A1_2_13,117.700625,36.32658333,248,Flat,5.7962708
A1_2_14,117.700625,36.32658333,248,Flat,7.74037653
A1_2_15,117.700625,36.32658333,248,Flat,5.46909972
A1_3_3,117.7803967,36.32773667,285,Flat,6.23947766
A1_3_5,117.7803967,36.32773667,285,Flat,7.24609158
A1_3_6,117.7803967,36.32773667,285,Flat,10.2084263
A1_3_7,117.7803967,36.32773667,285,Flat,9.90580186
A1_3_8,117.7803967,36.32773667,285,Flat,17.8071906
A1_3_9,117.7803967,36.32773667,285,Flat,4.70883865
A1_3_10,117.7803967,36.32773667,285,Flat,4.02240725
A1_3_11,117.7803967,36.32773667,285,Flat,4.08367461
A1_3_12,117.7803967,36.32773667,285,Flat,7.22422965
A1_3_13,117.7803967,36.32773667,285,Flat,5.00796233
A1_3_14,117.7803967,36.32773667,285,Flat,6.82875902
A1_3_15,117.7803967,36.32773667,285,Flat,3.47156001
A1_4_1,117.8124817,36.34571167,348,Mountain,7.37012367
A1_4_2,117.8124817,36.34571167,348,Mountain,12.907508
A1_4_3,117.8124817,36.34571167,348,Mountain,15.0815699
A1_4_5,117.8124817,36.34571167,348,Mountain,4.04718574
A1_4_6,117.8124817,36.34571167,348,Mountain,6.41438498
A1_4_7,117.8124817,36.34571167,348,Mountain,15.4278473
A1_4_8,117.8124817,36.34571167,348,Mountain,11.813027
A1_4_9,117.8124817,36.34571167,348,Mountain,9.3748222
A1_4_10,117.8124817,36.34571167,348,Mountain,8.8521317
A1_4_11,117.8124817,36.34571167,348,Mountain,5.54630047
A1_4_12,117.8124817,36.34571167,348,Mountain,8.8863263
A1_4_13,117.8124817,36.34571167,348,Mountain,10.821524
A1_4_14,117.8124817,36.34571167,348,Mountain,8.98383235
A1_4_15,117.8124817,36.34571167,348,Mountain,14.5179675
A2_1_1,117.8964017,35.85612167,256,Mountain,8.63561063
A2_1_3,117.8964017,35.85612167,256,Mountain,5.20072162
A2_1_4,117.8964017,35.85612167,256,Mountain,3.42978411
A2_1_5,117.8964017,35.85612167,256,Mountain,4.68252791
A2_1_6,117.8964017,35.85612167,256,Mountain,14.3922317
A2_1_7,117.8964017,35.85612167,256,Mountain,5.15391004
A2_1_8,117.8964017,35.85612167,256,Mountain,9.31390025
A2_1_9,117.8964017,35.85612167,256,Mountain,2.52111707
A2_1_10,117.8964017,35.85612167,256,Mountain,6.2654502
A2_1_11,117.8964017,35.85612167,256,Mountain,5.0314173
A2_1_12,117.8964017,35.85612167,256,Mountain,9.15003471
A2_1_14,117.8964017,35.85612167,256,Mountain,4.40338309
A2_1_15,117.8964017,35.85612167,256,Mountain,4.28305784
A2_2_5,117.8948933,35.86023167,261,Mountain,3.59956276
A2_2_6,117.8948933,35.86023167,261,Mountain,3.67175536
A2_2_7,117.8948933,35.86023167,261,Mountain,5.87284298
A2_2_8,117.8948933,35.86023167,261,Mountain,4.73170575
A2_2_9,117.8948933,35.86023167,261,Mountain,7.20263991
A2_2_10,117.8948933,35.86023167,261,Mountain,4.22274933
A2_2_11,117.8948933,35.86023167,261,Mountain,6.40604933
A2_2_12,117.8948933,35.86023167,261,Mountain,4.55281768
A2_2_13,117.8948933,35.86023167,261,Mountain,5.69708636
A2_2_14,117.8948933,35.86023167,261,Mountain,5.785083
A2_2_15,117.8948933,35.86023167,261,Mountain,6.96029029
A2_3_1,117.9678967,35.843845,263,Flat,11.1553562
A2_3_4,117.9678967,35.843845,263,Flat,10.1387645
A2_3_5,117.9678967,35.843845,263,Flat,5.70933502
A2_3_6,117.9678967,35.843845,263,Flat,4.93086006
A2_3_7,117.9678967,35.843845,263,Flat,11.1689683
A2_3_8,117.9678967,35.843845,263,Flat,8.65291963
A2_3_9,117.9678967,35.843845,263,Flat,5.91388446
A2_3_10,117.9678967,35.843845,263,Flat,1.50115556
A2_3_11,117.9678967,35.843845,263,Flat,2.69239932
A2_3_12,117.9678967,35.843845,263,Flat,18.4061108
A2_3_13,117.9678967,35.843845,263,Flat,10.8818458
A2_3_14,117.9678967,35.843845,263,Flat,10.2193982
A2_3_15,117.9678967,35.843845,263,Flat,9.22936651
A3_1_4,117.6210833,35.35402833,267,Mountain,4.49855648
A3_1_5,117.6210833,35.35402833,267,Mountain,8.62403927
A3_1_6,117.6210833,35.35402833,267,Mountain,8.43381684
A3_1_7,117.6210833,35.35402833,267,Mountain,3.91028568
A3_1_8,117.6210833,35.35402833,267,Mountain,5.5455326
A3_1_9,117.6210833,35.35402833,267,Mountain,6.64494442
A3_1_10,117.6210833,35.35402833,267,Mountain,7.51144827
A3_1_11,117.6210833,35.35402833,267,Mountain,14.0538438
A3_1_12,117.6210833,35.35402833,267,Mountain,6.71343546
A3_1_13,117.6210833,35.35402833,267,Mountain,6.25402875
A3_1_14,117.6210833,35.35402833,267,Mountain,8.02713565
A3_1_15,117.6210833,35.35402833,267,Mountain,7.05582551
A3_2_1,117.7570033,35.57754833,202,Flat,8.85572304
A3_2_2,117.7570033,35.57754833,202,Flat,8.40736587
A3_2_5,117.7570033,35.57754833,202,Flat,6.36538686
A3_2_6,117.7570033,35.57754833,202,Flat,15.540286
A3_2_7,117.7570033,35.57754833,202,Flat,7.56958564
A3_2_8,117.7570033,35.57754833,202,Flat,6.36115135
A3_2_9,117.7570033,35.57754833,202,Flat,13.2495414
A3_2_10,117.7570033,35.57754833,202,Flat,4.33328152
A3_2_11,117.7570033,35.57754833,202,Flat,6.56621801
A3_2_12,117.7570033,35.57754833,202,Flat,3.69677213
A3_2_13,117.7570033,35.57754833,202,Flat,6.30232157
A3_2_14,117.7570033,35.57754833,202,Flat,11.414092
A3_2_15,117.7570033,35.57754833,202,Flat,5.29310059
A3_3_2,117.9239183,35.90768667,271,Hills,4.09674206
A3_3_5,117.9239183,35.90768667,271,Hills,5.2714414
A3_3_6,117.9239183,35.90768667,271,Hills,3.88028085
A3_3_7,117.9239183,35.90768667,271,Hills,8.55818376
A3_3_8,117.9239183,35.90768667,271,Hills,6.45109927
A3_3_9,117.9239183,35.90768667,271,Hills,3.58956517
A3_3_10,117.9239183,35.90768667,271,Hills,5.98206333
A3_3_11,117.9239183,35.90768667,271,Hills,4.50307087
A3_3_12,117.9239183,35.90768667,271,Hills,3.80522044
A3_3_13,117.9239183,35.90768667,271,Hills,8.43595922
A3_3_14,117.9239183,35.90768667,271,Hills,4.24431618
A3_3_15,117.9239183,35.90768667,271,Hills,7.47977887
A5_1_1,115.4097222,35.58472222,56,Flat,9.07404803
A5_1_2,115.4097222,35.58472222,56,Flat,13.1951828
A5_1_3,115.4097222,35.58472222,56,Flat,11.8516862
A5_1_4,115.4097222,35.58472222,56,Flat,12.131657
A5_1_5,115.4097222,35.58472222,56,Flat,18.7645276
A5_1_6,115.4097222,35.58472222,56,Flat,21.4486654
A5_1_7,115.4097222,35.58472222,56,Flat,14.898623
A5_1_8,115.4097222,35.58472222,56,Flat,17.1878259
A5_1_9,115.4097222,35.58472222,56,Flat,3.12917722
A5_1_10,115.4097222,35.58472222,56,Flat,6.82570885
A5_1_11,115.4097222,35.58472222,56,Flat,14.9494809
A5_1_12,115.4097222,35.58472222,56,Flat,12.3400376
A5_1_13,115.4097222,35.58472222,56,Flat,7.59879261
A5_1_14,115.4097222,35.58472222,56,Flat,8.89757047
A5_1_15,115.4097222,35.58472222,56,Flat,9.26392582
A5_1_16,115.4097222,35.58472222,56,Flat,14.9150658
A5_1_13d,115.4097222,35.58472222,56,Flat,8.56641583
A5_1_14d,115.4097222,35.58472222,56,Flat,11.5411993
A5_2_1,115.4958333,35.5,53,Flat,11.5534482
A5_2_2,115.4958333,35.5,53,Flat,14.0181308
A5_2_3,115.4958333,35.5,53,Flat,14.3742917
A5_2_4,115.4958333,35.5,53,Flat,13.7902942
A5_2_5,115.4958333,35.5,53,Flat,13.8006457
A5_2_6,115.4958333,35.5,53,Flat,15.9131394
A5_2_7,115.4958333,35.5,53,Flat,9.52888762
A5_2_8,115.4958333,35.5,53,Flat,12.3230494
A5_2_9,115.4958333,35.5,53,Flat,10.2371666
A5_2_10,115.4958333,35.5,53,Flat,10.5598095
A5_2_11,115.4958333,35.5,53,Flat,2.64643363
A5_2_12,115.4958333,35.5,53,Flat,12.8053526
A5_2_13,115.4958333,35.5,53,Flat,9.17975548
A5_2_14,115.4958333,35.5,53,Flat,15.323941
A5_2_15,115.4958333,35.5,53,Flat,14.6181507
A5_2_16,115.4958333,35.5,53,Flat,11.4306093
A5_3_4,115.6869444,35.66666667,48,Flat,13.1229181
A5_3_5,115.6869444,35.66666667,48,Flat,5.89808975
A5_3_6,115.6869444,35.66666667,48,Flat,8.17340101
A5_3_7,115.6869444,35.66666667,48,Flat,11.2357642
A5_3_8,115.6869444,35.66666667,48,Flat,6.71893528
A5_3_9,115.6869444,35.66666667,48,Flat,14.8336788
A5_3_10,115.6869444,35.66666667,48,Flat,7.89675979
A5_3_11,115.6869444,35.66666667,48,Flat,9.28840264
A5_3_12,115.6869444,35.66666667,48,Flat,11.5495939
A5_3_13,115.6869444,35.66666667,48,Flat,11.0298568
A5_3_14,115.6869444,35.66666667,48,Flat,13.2416985
A5_3_15,115.6869444,35.66666667,48,Flat,10.8381637
B2_2_8,114.430339,38.339387,108,Flat,0.86013661
B2_2_9,114.430339,38.339387,108,Flat,2.53586201
B2_2_10,114.430339,38.339387,108,Flat,0.81259666
B2_2_11,114.430339,38.339387,108,Flat,1.20238711
B2_2_12,114.430339,38.339387,108,Flat,2.93275107
B2_2_13,114.430339,38.339387,108,Flat,2.57547244
B2_2_14,114.430339,38.339387,108,Flat,1.98345004
B2_2_15,114.430339,38.339387,108,Flat,0.80849201
B2_3_1,114.296391,38.514041,176,Flat,3.92223082
B2_3_2,114.296391,38.514041,176,Flat,1.99140431
B2_3_3,114.296391,38.514041,176,Flat,2.50644711
B2_3_4,114.296391,38.514041,176,Flat,2.09653015
B2_3_6,114.296391,38.514041,176,Flat,0.54716445
B2_3_7,114.296391,38.514041,176,Flat,3.00859392
B2_3_9,114.296391,38.514041,176,Flat,1.81311299
B2_3_10,114.296391,38.514041,176,Flat,1.21997383
B2_3_11,114.296391,38.514041,176,Flat,2.06810664
B2_3_12,114.296391,38.514041,176,Flat,1.6341739
B2_3_13,114.296391,38.514041,176,Flat,1.27781695
B2_3_14,114.296391,38.514041,176,Flat,3.52892555
B3_1_5,115.257991,38.489539,34,Flat,0.84982267
B3_1_6,115.257991,38.489539,34,Flat,1.0154581
B3_1_7,115.257991,38.489539,34,Flat,1.14023282
B3_1_8,115.257991,38.489539,34,Flat,0.94787888
B3_1_9,115.257991,38.489539,34,Flat,1.49296155
B3_1_10,115.257991,38.489539,34,Flat,1.58529708
B3_1_11,115.257991,38.489539,34,Flat,1.98900487
B3_1_12,115.257991,38.489539,34,Flat,1.93724039
B3_1_13,115.257991,38.489539,34,Flat,1.1756118
B3_1_14,115.257991,38.489539,34,Flat,1.96029139
B3_2_5,115.257577,38.45659,35,Flat,3.0177288
B3_2_6,115.257577,38.45659,35,Flat,4.36629786
B3_2_7,115.257577,38.45659,35,Flat,3.06934659
B3_2_8,115.257577,38.45659,35,Flat,4.43310655
B3_2_9,115.257577,38.45659,35,Flat,5.54839835
B3_2_10,115.257577,38.45659,35,Flat,3.57391581
B3_2_11,115.257577,38.45659,35,Flat,4.69591199
B3_2_13,115.257577,38.45659,35,Flat,3.39249889
B3_2_14,115.257577,38.45659,35,Flat,4.46871695
B3_2_15,115.257577,38.45659,35,Flat,7.89368061
B3_3_5,115.306547,38.342529,31,Flat,0.69650165
B3_3_6,115.306547,38.342529,31,Flat,1.17551942
B3_3_7,115.306547,38.342529,31,Flat,2.51494815
B3_3_8,115.306547,38.342529,31,Flat,0.45407133
B3_3_9,115.306547,38.342529,31,Flat,0.8273304
B3_3_10,115.306547,38.342529,31,Flat,0.86805331
B3_3_11,115.306547,38.342529,31,Flat,1.13340464
B3_3_13,115.306547,38.342529,31,Flat,0.51373908
B3_3_14,115.306547,38.342529,31,Flat,0.69984957
B3_3_15,115.306547,38.342529,31,Flat,0.23996605
C1_1_1,112.915753,33.347481,231,Slope,9.28917591
C1_1_2,112.915753,33.347481,231,Slope,18.1656021
C1_1_3,112.915753,33.347481,231,Slope,13.3148562
C1_1_4,112.915753,33.347481,231,Slope,5.48009605
C1_1_5,112.915753,33.347481,231,Slope,14.2906471
C1_1_6,112.915753,33.347481,231,Slope,6.55533934
C1_1_7,112.915753,33.347481,231,Slope,7.73165642
C1_1_8,112.915753,33.347481,231,Slope,3.16567685
C1_1_9,112.915753,33.347481,231,Slope,3.88428563
C1_1_10,112.915753,33.347481,231,Slope,9.92776122
C1_1_11,112.915753,33.347481,231,Slope,15.1166877
C1_1_12,112.915753,33.347481,231,Slope,11.6129034
C1_1_13,112.915753,33.347481,231,Slope,8.44888142
C1_1_14,112.915753,33.347481,231,Slope,5.17560108
C1_1_15,112.915753,33.347481,231,Slope,9.26339787
C1_2_1,113.155346,33.177072,197,Mountain,10.7044857
C1_2_2,113.155346,33.177072,197,Mountain,6.13841237
C1_2_3,113.155346,33.177072,197,Mountain,3.73709508
C1_2_4,113.155346,33.177072,197,Mountain,5.51472793
C1_2_5,113.155346,33.177072,197,Mountain,3.46969329
C1_2_6,113.155346,33.177072,197,Mountain,1.32017311
C1_2_7,113.155346,33.177072,197,Mountain,8.9922877
C1_2_8,113.155346,33.177072,197,Mountain,4.31284145
C1_2_9,113.155346,33.177072,197,Mountain,7.39142619
C1_2_10,113.155346,33.177072,197,Mountain,4.46507626
C1_2_11,113.155346,33.177072,197,Mountain,5.66848097
C1_2_12,113.155346,33.177072,197,Mountain,3.20702526
C1_2_13,113.155346,33.177072,197,Mountain,10.3059194
C1_2_14,113.155346,33.177072,197,Mountain,0.56000093
C1_2_15,113.155346,33.177072,197,Mountain,5.18236306
C1_3_1,113.302273,33.140067,136,Flat,0.29673571
C1_3_2,113.302273,33.140067,136,Flat,1.84663183
C1_3_3,113.302273,33.140067,136,Flat,0.93398731
C1_3_4,113.302273,33.140067,136,Flat,0.59626432
C1_3_5,113.302273,33.140067,136,Flat,0.41726575
C1_3_6,113.302273,33.140067,136,Flat,0.59047946
C1_3_7,113.302273,33.140067,136,Flat,1.71318651
C1_3_8,113.302273,33.140067,136,Flat,0.50795346
C1_3_9,113.302273,33.140067,136,Flat,6.03187482
C1_3_10,113.302273,33.140067,136,Flat,0.62284484
C1_3_11,113.302273,33.140067,136,Flat,1.38036505
C1_3_12,113.302273,33.140067,136,Flat,2.23891639
C1_3_13,113.302273,33.140067,136,Flat,2.61995987
C1_3_14,113.302273,33.140067,136,Flat,1.51622875
C1_3_15,113.302273,33.140067,136,Flat,1.5520063
C2_1_1,113.500423,34.059227,118,Flat,2.38389827
C2_1_2,113.500423,34.059227,118,Flat,0.68918522
C2_1_3,113.500423,34.059227,118,Flat,6.1817862
C2_1_4,113.500423,34.059227,118,Flat,3.38751591
C2_1_5,113.500423,34.059227,118,Flat,1.44121211
C2_1_6,113.500423,34.059227,118,Flat,1.8547526
C2_1_7,113.500423,34.059227,118,Flat,3.44259623
C2_1_8,113.500423,34.059227,118,Flat,2.03475667
C2_1_9,113.500423,34.059227,118,Flat,1.94103142
C2_1_10,113.500423,34.059227,118,Flat,3.57848379
C2_1_11,113.500423,34.059227,118,Flat,0.85772091
C2_1_12,113.500423,34.059227,118,Flat,1.60478838
C2_1_13,113.500423,34.059227,118,Flat,1.32266646
C2_1_14,113.500423,34.059227,118,Flat,1.60005689
C2_1_15,113.500423,34.059227,118,Flat,2.44242539
C2_2_1,113.451679,34.071177,110,Slope,4.94815433
C2_2_2,113.451679,34.071177,110,Slope,7.99257962
C2_2_3,113.451679,34.071177,110,Slope,2.41763553
C2_2_4,113.451679,34.071177,110,Slope,2.77650221
C2_2_5,113.451679,34.071177,110,Slope,6.96729446
C2_2_6,113.451679,34.071177,110,Slope,3.53108632
C2_2_7,113.451679,34.071177,110,Slope,6.8556172
C2_2_8,113.451679,34.071177,110,Slope,9.29138855
C2_2_10,113.451679,34.071177,110,Slope,7.95873383
C2_2_11,113.451679,34.071177,110,Slope,6.35992176
C2_2_12,113.451679,34.071177,110,Slope,4.15025084
C2_2_14,113.451679,34.071177,110,Slope,4.00473282
C2_2_15,113.451679,34.071177,110,Slope,7.41239649
C2_3_1,113.56216,34.168737,129,Flat,1.85412971
C2_3_2,113.56216,34.168737,129,Flat,1.62396768
C2_3_3,113.56216,34.168737,129,Flat,1.96391958
C2_3_4,113.56216,34.168737,129,Flat,2.18015866
C2_3_5,113.56216,34.168737,129,Flat,1.94962146
C2_3_6,113.56216,34.168737,129,Flat,2.63312128
C2_3_7,113.56216,34.168737,129,Flat,2.06513137
C2_3_8,113.56216,34.168737,129,Flat,1.6003764
C2_3_9,113.56216,34.168737,129,Flat,2.31284372
C2_3_10,113.56216,34.168737,129,Flat,2.57820055
C2_3_11,113.56216,34.168737,129,Flat,2.89358939
C2_3_12,113.56216,34.168737,129,Flat,4.70722714
C2_3_13,113.56216,34.168737,129,Flat,1.98731377
C2_3_14,113.56216,34.168737,129,Flat,2.47281571
C2_3_15,113.56216,34.168737,129,Flat,2.02644209
C3_1_1,111.664,34.79,587,Flat,0.75690167
C3_1_2,111.664,34.79,587,Flat,2.26219127
C3_1_3,111.664,34.79,587,Flat,2.77016987
C3_1_4,111.664,34.79,587,Flat,3.36959591
C3_1_5,111.664,34.79,587,Flat,4.03425261
C3_1_6,111.664,34.79,587,Flat,4.93372907
C3_1_7,111.664,34.79,587,Flat,4.61698535
C3_1_8,111.664,34.79,587,Flat,2.31304111
C3_1_9,111.664,34.79,587,Flat,1.26271653
C3_1_10,111.664,34.79,587,Flat,2.15336363
C3_1_11,111.664,34.79,587,Flat,5.32812908
C3_1_12,111.664,34.79,587,Flat,2.15011473
C3_1_13,111.664,34.79,587,Flat,2.8191988
C3_1_14,111.664,34.79,587,Flat,1.70121196
C3_1_15,111.664,34.79,587,Flat,2.17286812
C3_2_1,111.673322,34.784082,582,Flat,1.52207055
C3_2_2,111.673322,34.784082,582,Flat,1.25912625
C3_2_3,111.673322,34.784082,582,Flat,8.03108721
C3_2_4,111.673322,34.784082,582,Flat,2.23672063
C3_2_5,111.673322,34.784082,582,Flat,2.73053043
C3_2_6,111.673322,34.784082,582,Flat,7.26687573
C3_2_7,111.673322,34.784082,582,Flat,5.63871692
C3_2_8,111.673322,34.784082,582,Flat,1.95857049
C3_2_9,111.673322,34.784082,582,Flat,6.05822439
C3_2_10,111.673322,34.784082,582,Flat,7.5636624
C3_2_11,111.673322,34.784082,582,Flat,7.10651794
C3_2_12,111.673322,34.784082,582,Flat,1.72277832
C3_2_13,111.673322,34.784082,582,Flat,2.29496137
C3_2_14,111.673322,34.784082,582,Flat,7.19838632
C3_2_15,111.673322,34.784082,582,Flat,1.91185046
C3_3_1,111.338292,34.804867,680,Slope,3.34782893
C3_3_2,111.338292,34.804867,680,Slope,5.08807029
C3_3_3,111.338292,34.804867,680,Slope,1.65727255
C3_3_4,111.338292,34.804867,680,Slope,11.3495064
C3_3_5,111.338292,34.804867,680,Slope,9.12385778
C3_3_6,111.338292,34.804867,680,Slope,3.33441405
C3_3_7,111.338292,34.804867,680,Slope,1.40825369
C3_3_8,111.338292,34.804867,680,Slope,8.02947917
C3_3_9,111.338292,34.804867,680,Slope,3.4909486
C3_3_10,111.338292,34.804867,680,Slope,11.6099775
C3_3_12,111.338292,34.804867,680,Slope,8.33619249
C3_3_13,111.338292,34.804867,680,Slope,5.14429551
C3_3_14,111.338292,34.804867,680,Slope,12.1021853
C3_3_15,111.338292,34.804867,680,Slope,6.80823859
D1_1_1,110.59868,34.720793,673,Flat,3.09074293
D1_1_2,110.59868,34.720793,673,Flat,3.4245826
D1_1_3,110.59868,34.720793,673,Flat,6.45916733
D1_1_4,110.59868,34.720793,673,Flat,2.52562148
D1_1_5,110.59868,34.720793,673,Flat,2.59008023
D1_1_6,110.59868,34.720793,673,Flat,3.2900164
D1_1_7,110.59868,34.720793,673,Flat,1.18214422
D1_1_8,110.59868,34.720793,673,Flat,1.52138023
D1_1_9,110.59868,34.720793,673,Flat,2.72126498
D1_1_10,110.59868,34.720793,673,Flat,4.57951982
D1_1_11,110.59868,34.720793,673,Flat,3.12807097
D1_1_12,110.59868,34.720793,673,Flat,2.33516884
D1_1_14,110.59868,34.720793,673,Flat,2.15060592
D2_1_1,110.873296,35.371435,679,Flat,0.65341443
D2_1_2,110.873296,35.371435,679,Flat,0.60383613
D2_1_3,110.873296,35.371435,679,Flat,0.47987713
D2_1_4,110.873296,35.371435,679,Flat,0.66220949
D2_1_5,110.873296,35.371435,679,Flat,0.44207692
D2_1_6,110.873296,35.371435,679,Flat,1.80361269
D2_1_7,110.873296,35.371435,679,Flat,1.57654778
D2_1_8,110.873296,35.371435,679,Flat,0.80089519
D2_1_9,110.873296,35.371435,679,Flat,0.65425885
D2_1_10,110.873296,35.371435,679,Flat,0.85140201
D2_1_11,110.873296,35.371435,679,Flat,1.72878365
D2_1_12,110.873296,35.371435,679,Flat,2.24601036
D2_1_13,110.873296,35.371435,679,Flat,1.67423555
D2_1_14,110.873296,35.371435,679,Flat,2.75630899
D2_1_15,110.873296,35.371435,679,Flat,2.49807364
D2_2_1,110.873,35.371,679,Flat,1.4200936
D2_2_2,110.873,35.371,679,Flat,1.5323692
D2_2_3,110.873,35.371,679,Flat,1.50317172
D2_2_4,110.873,35.371,679,Flat,1.47309498
D2_2_5,110.873,35.371,679,Flat,2.45955994
D2_2_6,110.873,35.371,679,Flat,2.92013651
D2_2_7,110.873,35.371,679,Flat,1.18911426
D2_2_8,110.873,35.371,679,Flat,1.30773091
D2_2_9,110.873,35.371,679,Flat,0.88994066
D2_2_10,110.873,35.371,679,Flat,2.50306224
D2_2_11,110.873,35.371,679,Flat,1.56808546
D2_2_12,110.873,35.371,679,Flat,3.32594368
D2_2_13,110.873,35.371,679,Flat,3.01611147
D2_2_15,110.873,35.371,679,Flat,1.69486375
D2_3_1,110.595405,35.392296,514,Flat,2.08147617
D2_3_2,110.595405,35.392296,514,Flat,1.07558705
D2_3_3,110.595405,35.392296,514,Flat,1.55189725
D2_3_5,110.595405,35.392296,514,Flat,1.32805053
D2_3_6,110.595405,35.392296,514,Flat,2.54088759
D2_3_7,110.595405,35.392296,514,Flat,2.06873179
D2_3_8,110.595405,35.392296,514,Flat,3.15215381
D2_3_9,110.595405,35.392296,514,Flat,3.14769871
D2_3_10,110.595405,35.392296,514,Flat,2.69951074
D2_3_11,110.595405,35.392296,514,Flat,2.09414755
D2_3_12,110.595405,35.392296,514,Flat,2.58460343
D2_3_13,110.595405,35.392296,514,Flat,3.27699339
D2_3_14,110.595405,35.392296,514,Flat,1.6355821
D2_3_15,110.595405,35.392296,514,Flat,5.45810878
D3_1_1,110.595675,35.547442,370,Flat,1.43685992
D3_1_2,110.595675,35.547442,370,Flat,1.62929226
D3_1_3,110.595675,35.547442,370,Flat,2.91605212
D3_1_4,110.595675,35.547442,370,Flat,5.30445715
D3_1_5,110.595675,35.547442,370,Flat,2.585736
D3_1_6,110.595675,35.547442,370,Flat,1.54121891
D3_1_7,110.595675,35.547442,370,Flat,1.82880064
D3_1_8,110.595675,35.547442,370,Flat,2.99636237
D3_1_10,110.595675,35.547442,370,Flat,2.28637726
D3_1_11,110.595675,35.547442,370,Flat,1.3300767
D3_1_12,110.595675,35.547442,370,Flat,1.56524699
D3_1_13,110.595675,35.547442,370,Flat,1.17542882
D3_1_14,110.595675,35.547442,370,Flat,2.61787657
D3_1_15,110.595675,35.547442,370,Flat,2.85551429
D4_1_1,111.592481,35.62281,546,Flat,2.75678141
D4_1_2,111.592481,35.62281,546,Flat,1.33712878
D4_1_3,111.592481,35.62281,546,Flat,0.98381214
D4_1_5,111.592481,35.62281,546,Flat,0.90687228
D4_1_6,111.592481,35.62281,546,Flat,1.35801261
D4_1_7,111.592481,35.62281,546,Flat,1.15114423
D4_1_8,111.592481,35.62281,546,Flat,1.87561201
D4_1_9,111.592481,35.62281,546,Flat,1.17644645
D4_1_10,111.592481,35.62281,546,Flat,2.21556408
D4_1_12,111.592481,35.62281,546,Flat,1.08396668
D4_1_13,111.592481,35.62281,546,Flat,1.58027404
D4_1_14,111.592481,35.62281,546,Flat,0.91136081
D4_1_15,111.592481,35.62281,546,Flat,0.78265525
D5_1_1,111.279614,35.857592,535,Flat,8.19560365
D5_1_2,111.279614,35.857592,535,Flat,3.0191563
D5_1_3,111.279614,35.857592,535,Flat,4.93434492
D5_1_4,111.279614,35.857592,535,Flat,4.15276071
D5_1_5,111.279614,35.857592,535,Flat,4.0119959
D5_1_6,111.279614,35.857592,535,Flat,4.3347593
D5_1_7,111.279614,35.857592,535,Flat,4.52488857
D5_1_8,111.279614,35.857592,535,Flat,5.5733946
D5_1_9,111.279614,35.857592,535,Flat,3.71103333
D5_1_10,111.279614,35.857592,535,Flat,3.16642247
D5_1_11,111.279614,35.857592,535,Flat,1.07784389
D5_1_12,111.279614,35.857592,535,Flat,2.28595972
D5_1_14,111.279614,35.857592,535,Flat,1.55952839
D5_1_15,111.279614,35.857592,535,Flat,6.69047406
D5_2_1,111.621473,35.916172,837,Mountain,2.74705745
D5_2_2,111.621473,35.916172,837,Mountain,9.9239627
D5_2_3,111.621473,35.916172,837,Mountain,6.81500013
D5_2_4,111.621473,35.916172,837,Mountain,5.27706666
D5_2_5,111.621473,35.916172,837,Mountain,4.01323753
D5_2_6,111.621473,35.916172,837,Mountain,7.81164254
D5_2_8,111.621473,35.916172,837,Mountain,3.25343155
D5_2_9,111.621473,35.916172,837,Mountain,7.53742623
D5_2_10,111.621473,35.916172,837,Mountain,3.86161792
D5_2_11,111.621473,35.916172,837,Mountain,8.07512872
D5_2_12,111.621473,35.916172,837,Mountain,9.41963296
D5_2_14,111.621473,35.916172,837,Mountain,5.73565318
D5_2_15,111.621473,35.916172,837,Mountain,11.4314107
D6_1_1,111.989088,36.210668,908,Mountain,6.70535024
D6_1_2,111.989088,36.210668,908,Mountain,3.06641411
D6_1_3,111.989088,36.210668,908,Mountain,3.25015117
D6_1_4,111.989088,36.210668,908,Mountain,3.41579536
D6_1_5,111.989088,36.210668,908,Mountain,1.62641927
D6_1_6,111.989088,36.210668,908,Mountain,7.1263649
D6_1_7,111.989088,36.210668,908,Mountain,2.07730225
D6_1_8,111.989088,36.210668,908,Mountain,3.01600937
D6_1_9,111.989088,36.210668,908,Mountain,8.52748965
D6_1_10,111.989088,36.210668,908,Mountain,3.07703019
D6_1_11,111.989088,36.210668,908,Mountain,1.71295371
D6_1_12,111.989088,36.210668,908,Mountain,2.47528879
D6_1_13,111.989088,36.210668,908,Mountain,3.89301585
D6_1_14,111.989088,36.210668,908,Mountain,1.62482696
D6_1_15,111.989088,36.210668,908,Mountain,3.45660386
E1_1_1,107.436911,34.429406,741,Flat,1.07059443
E1_1_3,107.436911,34.429406,741,Flat,5.86022787
E1_1_4,107.436911,34.429406,741,Flat,5.03214112
E1_1_5,107.436911,34.429406,741,Flat,2.30807107
E1_1_6,107.436911,34.429406,741,Flat,2.02384006
E1_1_7,107.436911,34.429406,741,Flat,10.2252121
E1_1_8,107.436911,34.429406,741,Flat,3.69559448
E1_1_9,107.436911,34.429406,741,Flat,3.13585735
E1_1_10,107.436911,34.429406,741,Flat,1.68870064
E1_1_11,107.436911,34.429406,741,Flat,2.03966979
E1_1_12,107.436911,34.429406,741,Flat,2.79884659
E1_1_14,107.436911,34.429406,741,Flat,11.424152
E1_1_15,107.436911,34.429406,741,Flat,4.74767186
E1_2_1,107.26334,34.521798,910,Flat,1.15542421
E1_2_2,107.26334,34.521798,910,Flat,0.86616983
E1_2_3,107.26334,34.521798,910,Flat,1.39809808
E1_2_4,107.26334,34.521798,910,Flat,8.20584125
E1_2_5,107.26334,34.521798,910,Flat,1.10455522
E1_2_6,107.26334,34.521798,910,Flat,1.14393954
E1_2_7,107.26334,34.521798,910,Flat,1.69337159
E1_2_8,107.26334,34.521798,910,Flat,5.73956907
E1_2_9,107.26334,34.521798,910,Flat,2.84290919
E1_2_10,107.26334,34.521798,910,Flat,2.38185324
E1_2_11,107.26334,34.521798,910,Flat,1.70061617
E1_2_12,107.26334,34.521798,910,Flat,1.61072866
E1_2_13,107.26334,34.521798,910,Flat,4.66326434
E1_2_14,107.26334,34.521798,910,Flat,1.12318879
E1_2_15,107.26334,34.521798,910,Flat,2.63548827
E1_2_16,107.26334,34.521798,910,Flat,2.2543148
E1_3_1,107.303211,34.507115,793,Flat,1.05125752
E1_3_2,107.303211,34.507115,793,Flat,2.95721996
E1_3_3,107.303211,34.507115,793,Flat,3.83958773
E1_3_4,107.303211,34.507115,793,Flat,4.64433095
E1_3_5,107.303211,34.507115,793,Flat,4.0350139
E1_3_6,107.303211,34.507115,793,Flat,1.81668113
E1_3_7,107.303211,34.507115,793,Flat,5.89870751
E1_3_8,107.303211,34.507115,793,Flat,2.60062611
E1_3_9,107.303211,34.507115,793,Flat,1.39874183
E1_3_10,107.303211,34.507115,793,Flat,1.68013707
E1_3_11,107.303211,34.507115,793,Flat,1.28263163
E1_3_12,107.303211,34.507115,793,Flat,0.66807115
E1_3_13,107.303211,34.507115,793,Flat,5.34901738
E1_3_14,107.303211,34.507115,793,Flat,0.71922247
E1_3_15,107.303211,34.507115,793,Flat,1.16800526
E1_3_6d,107.303211,34.507115,793,Flat,4.31359254
E2_1_1,107.669074,34.456391,684,Flat,7.38994552
E2_1_2,107.669074,34.456391,684,Flat,4.26503166
E2_1_3,107.669074,34.456391,684,Flat,4.76498164
E2_1_4,107.669074,34.456391,684,Flat,4.1639593
E2_1_5,107.669074,34.456391,684,Flat,1.11159356
E2_1_7,107.669074,34.456391,684,Flat,1.32375669
E2_1_8,107.669074,34.456391,684,Flat,0.51369813
E2_1_9,107.669074,34.456391,684,Flat,4.71523518
E2_1_10,107.669074,34.456391,684,Flat,4.20438344
E2_1_11,107.669074,34.456391,684,Flat,0.59229868
E2_1_12,107.669074,34.456391,684,Flat,1.65755708
E2_1_13,107.669074,34.456391,684,Flat,1.29837407
E2_1_14,107.669074,34.456391,684,Flat,1.60175865
E2_1_15,107.669074,34.456391,684,Flat,2.59010553
E2_2_1,107.757779,34.465447,741,Flat,0.81161576
E2_2_2,107.757779,34.465447,741,Flat,1.28070683
E2_2_3,107.757779,34.465447,741,Flat,0.4774581
E2_2_4,107.757779,34.465447,741,Flat,1.32292036
E2_2_5,107.757779,34.465447,741,Flat,2.09092202
E2_2_6,107.757779,34.465447,741,Flat,1.26774612
E2_2_7,107.757779,34.465447,741,Flat,2.73258433
E2_2_8,107.757779,34.465447,741,Flat,1.23709359
E2_2_9,107.757779,34.465447,741,Flat,1.29825364
E2_2_10,107.757779,34.465447,741,Flat,1.05268791
E2_2_11,107.757779,34.465447,741,Flat,1.09382854
E2_2_12,107.757779,34.465447,741,Flat,1.3743497
E2_2_13,107.757779,34.465447,741,Flat,0.60128121
E2_2_14,107.757779,34.465447,741,Flat,2.27542339
E2_2_15,107.757779,34.465447,741,Flat,0.30751923
E3_1_1,108.167565,34.741905,1068,Flat,4.00362416
E3_1_2,108.167565,34.741905,1068,Flat,1.50549623
E3_1_3,108.167565,34.741905,1068,Flat,5.7519008
E3_1_4,108.167565,34.741905,1068,Flat,1.38968652
E3_1_5,108.167565,34.741905,1068,Flat,0.6920387
E3_1_6,108.167565,34.741905,1068,Flat,4.42900562
E3_1_7,108.167565,34.741905,1068,Flat,2.24238862
E3_1_8,108.167565,34.741905,1068,Flat,4.13709612
E3_1_9,108.167565,34.741905,1068,Flat,1.45303041
E3_1_10,108.167565,34.741905,1068,Flat,3.04831955
E3_1_11,108.167565,34.741905,1068,Flat,0.88716836
E3_1_12,108.167565,34.741905,1068,Flat,1.8003643
E3_1_13,108.167565,34.741905,1068,Flat,1.88565463
E3_1_14,108.167565,34.741905,1068,Flat,0.39901409
E3_1_15,108.167565,34.741905,1068,Flat,5.00402622
E3_2_1,108.074116,34.765789,1126,Flat,1.9901615
E3_2_2,108.074116,34.765789,1126,Flat,0.64213034
E3_2_3,108.074116,34.765789,1126,Flat,0.83160815
E3_2_4,108.074116,34.765789,1126,Flat,1.04412938
E3_2_5,108.074116,34.765789,1126,Flat,1.16820574
E3_2_6,108.074116,34.765789,1126,Flat,1.8362848
E3_2_7,108.074116,34.765789,1126,Flat,4.3610527
E3_2_8,108.074116,34.765789,1126,Flat,2.11031329
E3_2_9,108.074116,34.765789,1126,Flat,3.10096413
E3_2_10,108.074116,34.765789,1126,Flat,1.34289804
E3_2_11,108.074116,34.765789,1126,Flat,0.87478055
E3_2_12,108.074116,34.765789,1126,Flat,1.24667498
E3_2_13,108.074116,34.765789,1126,Flat,1.4128532
E3_2_14,108.074116,34.765789,1126,Flat,1.78021672
E3_2_15,108.074116,34.765789,1126,Flat,1.34587289
E4_1_1,109.375633,35.340874,993,Flat,0.77961254
E4_1_2,109.375633,35.340874,993,Flat,0.70075456
E4_1_3,109.375633,35.340874,993,Flat,2.19838191
E4_1_4,109.375633,35.340874,993,Flat,1.9980857
E4_1_6,109.375633,35.340874,993,Flat,1.85866869
E4_1_7,109.375633,35.340874,993,Flat,1.19227289
E4_1_8,109.375633,35.340874,993,Flat,1.9076631
E4_1_9,109.375633,35.340874,993,Flat,0.89108498
E4_1_10,109.375633,35.340874,993,Flat,1.22036853
E4_1_11,109.375633,35.340874,993,Flat,1.7132571
E4_1_12,109.375633,35.340874,993,Flat,1.63599715
E4_1_13,109.375633,35.340874,993,Flat,0.63264821
E4_1_14,109.375633,35.340874,993,Flat,1.39577132
E4_1_15,109.375633,35.340874,993,Flat,2.22277218
E4_1_16,109.375633,35.340874,993,Flat,0.76860386
E4_2_1,109.135699,35.477821,988,Flat,5.80382255
E4_2_2,109.135699,35.477821,988,Flat,15.6538095
E4_2_3,109.135699,35.477821,988,Flat,1.38006103
E4_2_4,109.135699,35.477821,988,Flat,1.40292726
E4_2_5,109.135699,35.477821,988,Flat,8.5226493
E4_2_6,109.135699,35.477821,988,Flat,3.62808599
E4_2_7,109.135699,35.477821,988,Flat,4.00244019
E4_2_8,109.135699,35.477821,988,Flat,3.83780196
E4_2_9,109.135699,35.477821,988,Flat,2.0471743
E4_2_10,109.135699,35.477821,988,Flat,3.33295367
E4_2_11,109.135699,35.477821,988,Flat,0.85418091
E4_2_12,109.135699,35.477821,988,Flat,2.50460064
E4_2_13,109.135699,35.477821,988,Flat,2.16205436
E4_2_14,109.135699,35.477821,988,Flat,2.32246065
E4_2_15,109.135699,35.477821,988,Flat,3.18853951
E5_1_1,110.076062,34.586035,332,Flat,3.25271243
E5_1_2,110.076062,34.586035,332,Flat,7.04415637
E5_1_3,110.076062,34.586035,332,Flat,4.24215058
E5_1_4,110.076062,34.586035,332,Flat,2.70970801
E5_1_5,110.076062,34.586035,332,Flat,11.2028313
E5_1_6,110.076062,34.586035,332,Flat,2.24636839
E5_1_7,110.076062,34.586035,332,Flat,9.36123363
E5_1_8,110.076062,34.586035,332,Flat,4.48405712
E5_1_9,110.076062,34.586035,332,Flat,4.47168245
E5_1_10,110.076062,34.586035,332,Flat,1.72144927
E5_1_11,110.076062,34.586035,332,Flat,1.23493703
E5_1_12,110.076062,34.586035,332,Flat,9.07289648
E5_1_13,110.076062,34.586035,332,Flat,7.2401311
E5_1_14,110.076062,34.586035,332,Flat,4.04144274
E5_1_15,110.076062,34.586035,332,Flat,8.14679163
E5_1_16,110.076062,34.586035,332,Flat,5.42978468
E6_1_5,109.960675,33.843726,694,Flat,2.27213762
E6_1_6,109.960675,33.843726,694,Flat,2.54840314
E6_1_7,109.960675,33.843726,694,Flat,4.32821903
E6_1_8,109.960675,33.843726,694,Flat,1.19641036
E6_1_9,109.960675,33.843726,694,Flat,3.92951746
E6_1_10,109.960675,33.843726,694,Flat,6.02009035
E6_1_11,109.960675,33.843726,694,Flat,3.35163018
E6_1_12,109.960675,33.843726,694,Flat,4.18089096
E6_1_13,109.960675,33.843726,694,Flat,2.5704992
E6_1_14,109.960675,33.843726,694,Flat,3.26890852
E6_1_15,109.960675,33.843726,694,Flat,3.91415984
E6_2_5,110.007054,33.845489,771,Mountain,19.0540675
E6_2_6,110.007054,33.845489,771,Mountain,14.4963765
E6_2_7,110.007054,33.845489,771,Mountain,5.40881632
E6_2_8,110.007054,33.845489,771,Mountain,17.4383453
E6_2_9,110.007054,33.845489,771,Mountain,8.96830379
E6_2_10,110.007054,33.845489,771,Mountain,5.1858526
E6_2_11,110.007054,33.845489,771,Mountain,16.4319692
E6_2_12,110.007054,33.845489,771,Mountain,8.67977539
E6_2_13,110.007054,33.845489,771,Mountain,13.9920023
E6_2_14,110.007054,33.845489,771,Mountain,17.3927396
E6_2_15,110.007054,33.845489,771,Mountain,15.3950345
E6_2_16,110.007054,33.845489,771,Mountain,1.5181785
E7_1_5,110.248526,34.004912,1101,Slope,5.72107581
E7_1_6,110.248526,34.004912,1101,Slope,5.43271814
E7_1_7,110.248526,34.004912,1101,Slope,11.2438111
E7_1_8,110.248526,34.004912,1101,Slope,14.1728544
E7_1_9,110.248526,34.004912,1101,Slope,6.73847658
E7_1_10,110.248526,34.004912,1101,Slope,8.81256465
E7_1_11,110.248526,34.004912,1101,Slope,6.87017432
E7_1_12,110.248526,34.004912,1101,Slope,4.56409357
E7_1_13,110.248526,34.004912,1101,Slope,8.08756718
E7_1_14,110.248526,34.004912,1101,Slope,2.29500721
E7_1_15,110.248526,34.004912,1101,Slope,16.4390904
E8_1_5,110.272063,33.69489,568,Flat,2.96926041
E8_1_6,110.272063,33.69489,568,Flat,1.51328592
E8_1_7,110.272063,33.69489,568,Flat,10.9567105
E8_1_8,110.272063,33.69489,568,Flat,4.66316004
E8_1_9,110.272063,33.69489,568,Flat,1.58708779
E8_1_10,110.272063,33.69489,568,Flat,2.45889122
E8_1_11,110.272063,33.69489,568,Flat,7.06227158
E8_1_12,110.272063,33.69489,568,Flat,2.96737829
E8_1_13,110.272063,33.69489,568,Flat,3.12595191
E8_1_14,110.272063,33.69489,568,Flat,3.96478647
E8_1_15,110.272063,33.69489,568,Flat,3.55238622
F1_1_6,104.617688,30.933302,461,Flat,5.58425242
F1_1_7,104.617688,30.933302,461,Flat,0.37251712
F1_1_8,104.617688,30.933302,461,Flat,2.919461
F1_1_9,104.617688,30.933302,461,Flat,10.4654534
F1_1_10,104.617688,30.933302,461,Flat,6.8343158
F1_1_11,104.617688,30.933302,461,Flat,2.67242294
F1_1_12,104.617688,30.933302,461,Flat,3.94672949
F1_1_13,104.617688,30.933302,461,Flat,2.31724857
F1_1_14,104.617688,30.933302,461,Flat,4.58188453
F1_1_15,104.617688,30.933302,461,Flat,3.55414971
F1_2_5,104.596883,30.997618,745,Flat,5.46914739
F1_2_6,104.596883,30.997618,745,Flat,2.91730113
F1_2_7,104.596883,30.997618,745,Flat,6.51534097
F1_2_8,104.596883,30.997618,745,Flat,4.61811753
F1_2_9,104.596883,30.997618,745,Flat,5.35252904
F1_2_10,104.596883,30.997618,745,Flat,4.52771354
F1_2_11,104.596883,30.997618,745,Flat,3.44456462
F1_2_12,104.596883,30.997618,745,Flat,8.89802932
F1_2_13,104.596883,30.997618,745,Flat,5.69708347
F1_2_14,104.596883,30.997618,745,Flat,4.25619949
F1_2_15,104.596883,30.997618,745,Flat,4.47511946
F1_3_5,104.589605,30.95135,604,Mountain,3.49588824
F1_3_6,104.589605,30.95135,604,Mountain,0.77031341
F1_3_8,104.589605,30.95135,604,Mountain,5.16608004
F1_3_9,104.589605,30.95135,604,Mountain,2.52852792
F1_3_10,104.589605,30.95135,604,Mountain,3.58456848
F1_3_11,104.589605,30.95135,604,Mountain,1.27443951
F1_3_12,104.589605,30.95135,604,Mountain,3.52095429
F1_3_13,104.589605,30.95135,604,Mountain,1.10890514
F1_3_15,104.589605,30.95135,604,Mountain,4.31210979
F1_4_5,104.515726,30.999869,734,Mountain,0.03287184
F1_4_6,104.515726,30.999869,734,Mountain,1.12070081
F1_4_7,104.515726,30.999869,734,Mountain,0.0778711
F1_4_8,104.515726,30.999869,734,Mountain,0.96500381
F1_4_9,104.515726,30.999869,734,Mountain,1.15279307
F1_4_10,104.515726,30.999869,734,Mountain,0.75182725
F1_4_11,104.515726,30.999869,734,Mountain,2.0575597
F1_4_12,104.515726,30.999869,734,Mountain,1.94481763
F1_4_13,104.515726,30.999869,734,Mountain,0.06863557
F1_4_14,104.515726,30.999869,734,Mountain,0.10296875
F1_4_15,104.515726,30.999869,734,Mountain,3.77758759
F1_5_5,104.540878,30.925096,759,Flat,1.21353812
F1_5_6,104.540878,30.925096,759,Flat,3.55637864
F1_5_7,104.540878,30.925096,759,Flat,3.22682961
F1_5_8,104.540878,30.925096,759,Flat,4.34331092
F1_5_9,104.540878,30.925096,759,Flat,4.14791374
F1_5_10,104.540878,30.925096,759,Flat,1.60019752
F1_5_11,104.540878,30.925096,759,Flat,2.5223805
F1_5_12,104.540878,30.925096,759,Flat,4.05911244
F1_5_13,104.540878,30.925096,759,Flat,1.60911948
F1_5_14,104.540878,30.925096,759,Flat,2.80896524
F1_5_15,104.540878,30.925096,759,Flat,4.53753096
F2_1_1,105.37469,31.44648,523,Flat,1.15822226
F2_1_2,105.37469,31.44648,523,Flat,0.31699041
F2_1_3,105.37469,31.44648,523,Flat,0.58068853
F2_1_4,105.37469,31.44648,523,Flat,1.21502361
F2_1_5,105.37469,31.44648,523,Flat,1.04061422
F2_1_6,105.37469,31.44648,523,Flat,1.38413235
F2_1_7,105.37469,31.44648,523,Flat,1.26157138
F2_1_9,105.37469,31.44648,523,Flat,1.06534349
F2_1_10,105.37469,31.44648,523,Flat,0.96941772
F2_1_11,105.37469,31.44648,523,Flat,0.62665565
F2_1_12,105.37469,31.44648,523,Flat,0.97909089
F2_1_13,105.37469,31.44648,523,Flat,0.79429077
F2_1_14,105.37469,31.44648,523,Flat,0.53259075
F2_1_15,105.37469,31.44648,523,Flat,1.11614516
F2_2_1,105.093866,31.785119,577,Flat,0.24418115
F2_2_2,105.093866,31.785119,577,Flat,0.41063438
F2_2_3,105.093866,31.785119,577,Flat,0.91336053
F2_2_4,105.093866,31.785119,577,Flat,0.68842933
F2_2_5,105.093866,31.785119,577,Flat,0.31659446
F2_2_6,105.093866,31.785119,577,Flat,0.34725309
F2_2_7,105.093866,31.785119,577,Flat,0.24002017
F2_2_8,105.093866,31.785119,577,Flat,0.26030367
F2_2_9,105.093866,31.785119,577,Flat,0.28407186
F2_2_10,105.093866,31.785119,577,Flat,0.17065082
F2_2_11,105.093866,31.785119,577,Flat,0.27594621
F2_2_12,105.093866,31.785119,577,Flat,0.76254405
F2_2_13,105.093866,31.785119,577,Flat,1.38188463
F2_2_14,105.093866,31.785119,577,Flat,0.22675427
F2_2_15,105.093866,31.785119,577,Flat,0.22300009
F2_2,105.093866,31.785119,577,Flat,0.38701702
F3_1_1,105.422107,31.571922,562,Flat,2.79903081
F3_1_3,105.422107,31.571922,562,Flat,2.83157092
F3_1_4,105.422107,31.571922,562,Flat,1.83802981
F3_1_5,105.422107,31.571922,562,Flat,3.08526052
F3_1_6,105.422107,31.571922,562,Flat,3.13560921
F3_1_7,105.422107,31.571922,562,Flat,1.30642734
F3_1_8,105.422107,31.571922,562,Flat,2.76826235
F3_1_9,105.422107,31.571922,562,Flat,1.93863401
F3_1_10,105.422107,31.571922,562,Flat,2.03827289
F3_1_11,105.422107,31.571922,562,Flat,2.37441388
F3_1_12,105.422107,31.571922,562,Flat,3.06643302
F3_1_13,105.422107,31.571922,562,Flat,3.58628838
F3_1_14,105.422107,31.571922,562,Flat,2.12582359
F3_1_15,105.422107,31.571922,562,Flat,3.09878616
F3_2_1,105.400017,31.906097,775,Slope,0.32694968
F3_2_2,105.400017,31.906097,775,Slope,0.77883597
F3_2_3,105.400017,31.906097,775,Slope,1.32611427
F3_2_4,105.400017,31.906097,775,Slope,0.68683292
F3_2_5,105.400017,31.906097,775,Slope,0.82421603
F3_2_6,105.400017,31.906097,775,Slope,0.39913993
F3_2_7,105.400017,31.906097,775,Slope,0.72582831
F3_2_8,105.400017,31.906097,775,Slope,1.19959218
F3_2_9,105.400017,31.906097,775,Slope,0.19181638
F3_2_11,105.400017,31.906097,775,Slope,0.42642752
F3_2_12,105.400017,31.906097,775,Slope,0.79715535
F3_2_14,105.400017,31.906097,775,Slope,0.56533891
F3_2_15,105.400017,31.906097,775,Slope,0.08896571
F4_1_5,106.185934,31.966533,723,Slope,1.34620929
F4_1_6,106.185934,31.966533,723,Slope,1.15578807
F4_1_7,106.185934,31.966533,723,Slope,0.15492265
F4_1_8,106.185934,31.966533,723,Slope,1.24257502
F4_1_9,106.185934,31.966533,723,Slope,1.23118989
F4_1_10,106.185934,31.966533,723,Slope,1.24302666
F4_1_11,106.185934,31.966533,723,Slope,1.15685076
F4_1_12,106.185934,31.966533,723,Slope,3.80345308
F4_1_13,106.185934,31.966533,723,Slope,0.95282115
F4_1_14,106.185934,31.966533,723,Slope,1.10200971
F4_1_15,106.185934,31.966533,723,Slope,0.57206052
F4_2_1,106.245925,31.933408,637,Slope,1.93645899
F4_2_5,106.245925,31.933408,637,Slope,1.22373487
F4_2_6,106.245925,31.933408,637,Slope,0.92634659
F4_2_7,106.245925,31.933408,637,Slope,0.7998467
F4_2_8,106.245925,31.933408,637,Slope,0.83589292
F4_2_9,106.245925,31.933408,637,Slope,2.6395929
F4_2_10,106.245925,31.933408,637,Slope,1.05706905
F4_2_11,106.245925,31.933408,637,Slope,0.89443681
F4_2_12,106.245925,31.933408,637,Slope,1.02997322
F4_2_13,106.245925,31.933408,637,Slope,1.1408148
F4_2_14,106.245925,31.933408,637,Slope,0.64833324
F4_2_15,106.245925,31.933408,637,Slope,0.80313876
F5_1_1,106.816234,31.906643,585,Slope,3.2548662
F5_1_2,106.816234,31.906643,585,Slope,3.9336417
F5_1_3,106.816234,31.906643,585,Slope,3.99739359
F5_1_4,106.816234,31.906643,585,Slope,2.68835069
F5_1_5,106.816234,31.906643,585,Slope,1.77071839
F5_1_7,106.816234,31.906643,585,Slope,1.70532101
F5_1_8,106.816234,31.906643,585,Slope,2.43857391
F5_1_9,106.816234,31.906643,585,Slope,3.783397
F5_1_10,106.816234,31.906643,585,Slope,5.12343352
F5_1_11,106.816234,31.906643,585,Slope,6.29487138
F5_1_12,106.816234,31.906643,585,Slope,2.22585837
F5_1_13,106.816234,31.906643,585,Slope,4.6313798
F5_1_14,106.816234,31.906643,585,Slope,1.75665674
F5_1_15,106.816234,31.906643,585,Slope,4.65193397
F5_2_1,107.023315,31.969347,660,Flat,1.36996597
F5_2_2,107.023315,31.969347,660,Flat,1.52726623
F5_2_3,107.023315,31.969347,660,Flat,1.37714565
F5_2_5,107.023315,31.969347,660,Flat,1.48435879
F5_2_6,107.023315,31.969347,660,Flat,1.34088368
F5_2_7,107.023315,31.969347,660,Flat,3.50396672
F5_2_8,107.023315,31.969347,660,Flat,1.99401213
F5_2_9,107.023315,31.969347,660,Flat,3.29688957
F5_2_10,107.023315,31.969347,660,Flat,1.92668551
F5_2_11,107.023315,31.969347,660,Flat,0.54937416
F5_2_12,107.023315,31.969347,660,Flat,0.81659843
F5_2_13,107.023315,31.969347,660,Flat,1.23965206
F5_2_14,107.023315,31.969347,660,Flat,0.77244784
F5_2_15,107.023315,31.969347,660,Flat,2.57503698
F5_3_1,107.017823,31.978376,725,Flat,1.45946923
F5_3_2,107.017823,31.978376,725,Flat,1.1787195
F5_3_3,107.017823,31.978376,725,Flat,0.792637
F5_3_4,107.017823,31.978376,725,Flat,0.95999203
F5_3_5,107.017823,31.978376,725,Flat,0.75855956
F5_3_6,107.017823,31.978376,725,Flat,1.83846591
F5_3_7,107.017823,31.978376,725,Flat,1.03012658
F5_3_8,107.017823,31.978376,725,Flat,1.31395388
F5_3_9,107.017823,31.978376,725,Flat,1.33649103
F5_3_10,107.017823,31.978376,725,Flat,0.8363071
F5_3_11,107.017823,31.978376,725,Flat,1.66914979
F5_3_12,107.017823,31.978376,725,Flat,1.21967141
F5_3_13,107.017823,31.978376,725,Flat,3.60910528
F5_3_14,107.017823,31.978376,725,Flat,1.39494103
F5_3_15,107.017823,31.978376,725,Flat,0.63941215
F6_1_1,104.80902,30.054643,416,Flat,4.92524006
F6_1_2,104.80902,30.054643,416,Flat,2.48386359
F6_1_3,104.80902,30.054643,416,Flat,3.04334446
F6_1_4,104.80902,30.054643,416,Flat,3.013275
F6_1_5,104.80902,30.054643,416,Flat,2.91520684
F6_1_6,104.80902,30.054643,416,Flat,1.51109573
F6_1_7,104.80902,30.054643,416,Flat,4.63084877
F6_1_8,104.80902,30.054643,416,Flat,3.20522347
F6_1_9,104.80902,30.054643,416,Flat,4.65176224
F6_1_10,104.80902,30.054643,416,Flat,1.42070151
F6_1_11,104.80902,30.054643,416,Flat,1.4892505
F6_1_12,104.80902,30.054643,416,Flat,2.20822973
F6_1_13,104.80902,30.054643,416,Flat,3.72312783
F6_1_14,104.80902,30.054643,416,Flat,4.27225963
F6_1_15,104.80902,30.054643,416,Flat,3.86092665
Z1_1_5,115.651702,33.861591,39,Flat,3.77168863
Z1_1_6,115.651702,33.861591,39,Flat,5.03223922
Z1_1_7,115.651702,33.861591,39,Flat,0.76094019
Z1_1_9,115.651702,33.861591,39,Flat,4.43764244
Z1_1_11,115.651702,33.861591,39,Flat,3.0814277
Z1_1_12,115.651702,33.861591,39,Flat,2.33566698
Z1_1_13,115.651702,33.861591,39,Flat,1.91269051
Z1_1_14,115.651702,33.861591,39,Flat,2.92627147
Z1_1_15,115.651702,33.861591,39,Flat,2.9354537
Z1_2_6,115.671164,33.771275,39,Flat,2.75958693
Z1_2_7,115.671164,33.771275,39,Flat,5.6682473
Z1_2_8,115.671164,33.771275,39,Flat,1.02735104
Z1_2_9,115.671164,33.771275,39,Flat,2.1969899
Z1_2_10,115.671164,33.771275,39,Flat,0.80757404
Z1_2_11,115.671164,33.771275,39,Flat,6.07724915
Z1_2_12,115.671164,33.771275,39,Flat,2.85721262
Z1_2_13,115.671164,33.771275,39,Flat,2.41929069
Z1_2_14,115.671164,33.771275,39,Flat,3.22872605
Z1_2_15,115.671164,33.771275,39,Flat,4.90295357
Z1_3_1,115.650011,33.7485,38,Flat,3.4702404
Z1_3_2,115.650011,33.7485,38,Flat,4.13733194
Z1_3_3,115.650011,33.7485,38,Flat,1.26805424
Z1_3_4,115.650011,33.7485,38,Flat,1.7833545
Z1_3_5,115.650011,33.7485,38,Flat,2.24106387
Z1_3_6,115.650011,33.7485,38,Flat,1.73955472
Z1_3_7,115.650011,33.7485,38,Flat,1.31875441
Z1_3_8,115.650011,33.7485,38,Flat,9.19573539
Z1_3_9,115.650011,33.7485,38,Flat,3.23435605
Z1_3_10,115.650011,33.7485,38,Flat,4.99914053
Z1_3_11,115.650011,33.7485,38,Flat,4.34578113
Z1_3_12,115.650011,33.7485,38,Flat,1.33003317
Z1_3_13,115.650011,33.7485,38,Flat,0.88871221
Z1_3_14,115.650011,33.7485,38,Flat,4.43006247
Z1_3_15,115.650011,33.7485,38,Flat,1.68499488
Z1_4_5,115.881662,33.830463,37,Flat,7.97781793
Z1_4_6,115.881662,33.830463,37,Flat,12.7339757
Z1_4_7,115.881662,33.830463,37,Flat,6.8835105
Z1_4_8,115.881662,33.830463,37,Flat,10.7015336
Z1_4_9,115.881662,33.830463,37,Flat,10.283748
Z1_4_10,115.881662,33.830463,37,Flat,6.90396357
Z1_4_11,115.881662,33.830463,37,Flat,7.26325114
Z1_4_12,115.881662,33.830463,37,Flat,10.0816608
Z1_4_13,115.881662,33.830463,37,Flat,8.33662316
Z1_4_14,115.881662,33.830463,37,Flat,6.40584489
Z1_4_15,115.881662,33.830463,37,Flat,5.79162483
Z2_1_1,115.971515,33.442823,32,Flat,2.64029263
Z2_1_2,115.971515,33.442823,32,Flat,2.55695422
Z2_1_3,115.971515,33.442823,32,Flat,7.277125
Z2_1_4,115.971515,33.442823,32,Flat,2.3879476
Z2_1_5,115.971515,33.442823,32,Flat,4.49168083
Z2_1_6,115.971515,33.442823,32,Flat,9.31398302
Z2_1_7,115.971515,33.442823,32,Flat,3.77270793
Z2_1_8,115.971515,33.442823,32,Flat,3.92452716
Z2_1_9,115.971515,33.442823,32,Flat,6.69884866
Z2_1_11,115.971515,33.442823,32,Flat,4.87256559
Z2_1_12,115.971515,33.442823,32,Flat,6.05389804
Z2_1_13,115.971515,33.442823,32,Flat,6.48388236
Z2_1_14,115.971515,33.442823,32,Flat,2.56001131
Z2_1_15,115.971515,33.442823,32,Flat,2.40498741
Z2_2_1,115.988735,33.483732,33,Flat,5.63495169
Z2_2_2,115.988735,33.483732,33,Flat,1.76170416
Z2_2_3,115.988735,33.483732,33,Flat,4.56397242
Z2_2_4,115.988735,33.483732,33,Flat,6.43509256
Z2_2_5,115.988735,33.483732,33,Flat,1.85754761
Z2_2_6,115.988735,33.483732,33,Flat,3.58190384
Z2_2_7,115.988735,33.483732,33,Flat,0.9807831
Z2_2_8,115.988735,33.483732,33,Flat,3.61625811
Z2_2_9,115.988735,33.483732,33,Flat,2.33399683
Z2_2_10,115.988735,33.483732,33,Flat,4.79724562
Z2_2_11,115.988735,33.483732,33,Flat,2.4589621
Z2_2_12,115.988735,33.483732,33,Flat,17.2384501
Z2_2_13,115.988735,33.483732,33,Flat,4.82400501
Z2_2_14,115.988735,33.483732,33,Flat,3.64202562
Z2_2_15,115.988735,33.483732,33,Flat,5.29607306
Z2_2_6d,115.988735,33.483732,33,Flat,4.47882912
Z3_1_2,116.160934,33.273982,30,Flat,2.16890205
Z3_1_3,116.160934,33.273982,30,Flat,0.28204086
Z3_1_4,116.160934,33.273982,30,Flat,5.55467997
Z3_1_6,116.160934,33.273982,30,Flat,8.44901465
Z3_1_7,116.160934,33.273982,30,Flat,0.93154375
Z3_1_8,116.160934,33.273982,30,Flat,2.2964122
Z3_1_9,116.160934,33.273982,30,Flat,4.32220766
Z3_1_10,116.160934,33.273982,30,Flat,2.42808477
Z3_1_11,116.160934,33.273982,30,Flat,0.67625082
Z3_1_12,116.160934,33.273982,30,Flat,4.16623362
Z3_1_13,116.160934,33.273982,30,Flat,3.81847994
Z3_1_14,116.160934,33.273982,30,Flat,0.40412149
Z3_1_15,116.160934,33.273982,30,Flat,1.13317022
Z4_1_1,116.313009,33.303042,30,Flat,3.48835599
Z4_1_2,116.313009,33.303042,30,Flat,2.58192239
Z4_1_3,116.313009,33.303042,30,Flat,2.12363249
Z4_1_4,116.313009,33.303042,30,Flat,2.90168475
Z4_1_5,116.313009,33.303042,30,Flat,1.40017472
Z4_1_6,116.313009,33.303042,30,Flat,1.33575237
Z4_1_7,116.313009,33.303042,30,Flat,1.59424114
Z4_1_8,116.313009,33.303042,30,Flat,3.03017868
Z4_1_9,116.313009,33.303042,30,Flat,3.38708705
Z4_1_10,116.313009,33.303042,30,Flat,3.35651713
Z4_1_11,116.313009,33.303042,30,Flat,3.1457217
Z4_1_12,116.313009,33.303042,30,Flat,3.32929454
Z4_1_13,116.313009,33.303042,30,Flat,3.35077816
Z4_1_14,116.313009,33.303042,30,Flat,1.76770967
Z4_1_15,116.313009,33.303042,30,Flat,2.30053466
Z4_2_1,116.744837,33.277796,25,Flat,8.83438572
Z4_2_2,116.744837,33.277796,25,Flat,7.57861514
Z4_2_3,116.744837,33.277796,25,Flat,9.50189452
Z4_2_4,116.744837,33.277796,25,Flat,8.90982755
Z4_2_5,116.744837,33.277796,25,Flat,7.86681404
Z4_2_7,116.744837,33.277796,25,Flat,4.65992306
Z4_2_8,116.744837,33.277796,25,Flat,4.8743872
Z4_2_9,116.744837,33.277796,25,Flat,4.06466604
Z4_2_10,116.744837,33.277796,25,Flat,5.86137101
Z4_2_11,116.744837,33.277796,25,Flat,4.28750387
Z4_2_12,116.744837,33.277796,25,Flat,6.58626243
Z4_2_13,116.744837,33.277796,25,Flat,6.6878715
Z4_2_14,116.744837,33.277796,25,Flat,6.27146262
Z4_2_15,116.744837,33.277796,25,Flat,4.97515499
Z4_3_1,116.779347,33.046431,23,Flat,5.44516964
Z4_3_2,116.779347,33.046431,23,Flat,3.57716573
Z4_3_3,116.779347,33.046431,23,Flat,2.05164089
Z4_3_4,116.779347,33.046431,23,Flat,5.24770949
Z4_3_5,116.779347,33.046431,23,Flat,3.47571454
Z4_3_6,116.779347,33.046431,23,Flat,5.53866163
Z4_3_7,116.779347,33.046431,23,Flat,4.03692243
Z4_3_8,116.779347,33.046431,23,Flat,1.62501424
Z4_3_9,116.779347,33.046431,23,Flat,1.50392927
Z4_3_10,116.779347,33.046431,23,Flat,2.44388853
Z4_3_11,116.779347,33.046431,23,Flat,4.6709736
Z4_3_12,116.779347,33.046431,23,Flat,2.35781673
Z4_3_13,116.779347,33.046431,23,Flat,2.61926825
Z4_3_14,116.779347,33.046431,23,Flat,5.11287029
Z4_3_15,116.779347,33.046431,23,Flat,4.20922259
