SampleN,AN,AP,AK,pH,EC,NH4_N,NO3_N,N.N,TN,OM,SoilType,SumTS
A1_1_5,213.444,3.998880314,6.85,7.41,40.8,12.7,6.27,18.97,518.0252,24.04463387,Roam,6.12953897
A1_1_6,147.378,4.997800968,39.0,7.49,32.4,19.11,10.14,29.25,511.7574,11.7435038,Roam,9.2906143
A1_1_7,214.291,1.699932003,47.2,7.29,39.7,15.34,4.91,20.25,770.9394,12.94439194,Roam,8.70437705
A1_1_8,149.072,3.1,45.35,7.29,58.5,13.64,2.64,16.28,550.7194,15.10423057,Roam,3.78437703
A1_1_9,214.291,2.5,15.65,7.2,36.7,13.77,7.64,21.41,466.0194,20.22424341,Roam,10.7154596
A1_1_10,145.684,0.99980004,5.15,7.29,33.6,14.85,4.13,18.98,466.0194,16.14685532,Roam,8.89120817
A1_1_11,162.624,3.788936306,15.2,7.43,36.7,16.11,10.09,26.2,1013.1814,14.57079863,Roam,6.32845457
A1_1_12,145.684,1.295388417,32.25,7.45,40.4,7.9,30.92,38.82,401.6474,19.50590767,Roam,7.54643674
A1_1_13,214.291,1.196172249,3.45,7.19,34.7,10.85,4.59,15.44,537.1674,7.50428229,Roam,3.59501882
A1_1_14,198.198,4.587155963,17.05,7.55,34.3,9.66,6.0,15.66,469.4074,14.23104576,Roam,4.48556404
A1_1_15,162.624,13.19894408,18.4,7.41,67.9,10.48,7.62,18.1,660.8294,10.98089172,Roam,13.4620922
A1_2_5,204.974,2.595742982,91.35,7.64,126.1,11.59,3.67,15.26,1108.0454,16.2129361,Roam,7.89563974
A1_2_7,238.5152,2.395783421,102.05,7.56,117.5,6.37,7.32,13.69,1365.5334,15.65251127,Roam,14.1591278
A1_2_8,199.892,2.896755634,107.2,7.35,110.4,12.67,4.75,17.42,1407.8834,16.69288612,Roam,9.63754416
A1_2_9,243.5972,4.28867789,105.75,6.43,113.9,11.79,4.54,16.33,1285.9154,19.77992177,Roam,5.04564786
A1_2_10,199.892,1.59987201,71.6,6.61,108.3,9.92,4.57,14.49,1202.9094,14.68620925,Roam,10.5454431
A1_2_11,269.346,3.093935886,119.75,7.79,101.7,10.34,4.54,14.88,1407.8834,16.93315078,Roam,11.0847348
A1_2_12,188.034,4.18810578,88.7,7.74,99.4,9.04,10.03,19.07,1202.9094,19.8529862,Roam,10.7952651
A1_2_13,248.6792,3.494548504,99.85,7.68,115.6,19.24,36.68,55.92,1362.1454,18.09457885,Roam,5.7962708
A1_2_14,198.198,3.197442046,91.2,7.52,103.4,10.82,19.28,30.1,1174.6196,13.78232563,Roam,7.74037653
A1_2_15,322.8764,4.495324862,110.85,7.53,106.7,11.25,5.24,16.49,1255.4234,15.24709245,Roam,5.46909972
A1_3_3,296.45,69.93286445,304.85,7.16,163.7,14.28,9.38,23.66,1645.0434,20.3549195,Sandy,6.23947766
A1_3_5,289.674,90.7061122,337.5,7.72,127.1,10.74,3.55,14.29,1895.7554,17.60837472,Sandy,7.24609158
A1_3_6,267.652,66.71194024,167.3,7.85,171.9,9.77,2.4,12.17,1401.1074,22.85919555,Sandy,10.2084263
A1_3_7,201.586,76.78157242,287.55,7.58,133.1,10.0,3.0,13.0,39.1314,21.06854335,Sandy,9.90580186
A1_3_8,291.8762,68.21445668,288.0,7.72,258.0,13.35,6.55,19.9,1929.6354,18.52905843,Sandy,17.8071906
A1_3_9,389.62,62.36507556,313.45,7.45,143.5,9.61,3.8,13.41,1939.7994,30.19613615,Sandy,4.70883865
A1_3_10,269.346,45.59635229,166.05,7.2,105.4,7.56,2.17,9.73,1506.1354,28.71426599,Sandy,4.02240725
A1_3_11,338.8,74.59104907,187.35,7.55,93.8,6.99,2.14,9.13,56.0714,19.81139936,Sandy,4.08367461
A1_3_12,271.2094,47.08699122,156.35,7.25,82.5,9.89,4.33,14.22,1563.7314,23.91538836,Sandy,7.22422965
A1_3_13,335.412,64.12817644,234.4,7.35,106.5,7.72,3.58,11.3,1628.1034,18.12926257,Sandy,5.00796233
A1_3_14,339.9858,31.25374446,308.3,7.32,102.4,4.92,2.75,7.67,1919.4714,19.23032221,Sandy,6.82875902
A1_3_15,291.368,82.91376968,280.45,7.32,108.7,5.84,2.11,7.95,1927.9414,21.74025856,Sandy,3.47156001
A1_4_1,271.2094,6.584460673,600.65,7.62,209.0,10.09,2.36,12.45,1616.2454,0.000132594,Roam,7.37012367
A1_4_2,233.9414,4.991813426,96.0,7.75,160.6,11.5,4.07,15.57,1392.6374,17.63887421,Roam,12.907508
A1_4_3,267.652,17.4657671,237.5,8.45,103.9,9.49,5.09,14.58,1476.321,15.11195437,Roam,15.0815699
A1_4_5,253.0836,6.882930333,127.6,8.18,173.8,8.51,4.58,13.09,1356.5552,17.42160706,Roam,4.04718574
A1_4_6,188.034,7.986901482,89.8,8.13,173.8,10.26,3.66,13.92,1353.6754,13.96065728,Roam,6.41438498
A1_4_7,267.652,14.66656024,142.7,8.13,193.7,11.62,5.16,16.78,1576.9446,17.57099279,Roam,15.4278473
A1_4_8,201.586,11.99616123,153.45,8.12,290.0,12.52,4.39,16.91,1492.5834,19.25879471,Roam,11.813027
A1_4_9,269.346,17.87926006,115.95,8.09,162.4,10.78,6.94,17.72,1456.3318,10.3516305,Roam,9.3748222
A1_4_10,201.586,21.26003114,189.35,8.04,183.1,11.17,6.28,17.45,1643.3494,20.45310694,Roam,8.8521317
A1_4_11,271.2094,31.48866408,269.05,8.06,166.7,10.89,10.64,21.53,139.4162,20.41606922,Roam,5.54630047
A1_4_12,337.106,38.09333865,362.75,8.02,170.3,12.27,9.18,21.45,2052.9586,23.88336692,Roam,8.8863263
A1_4_13,257.3186,10.57884232,159.0,7.98,134.7,10.53,4.98,15.51,1521.7202,23.05771903,Roam,10.821524
A1_4_14,198.198,20.07029596,174.4,7.96,195.1,12.33,7.45,19.78,1487.5014,22.0191582,Roam,8.98383235
A1_4_15,267.652,12.77904237,202.1,7.95,164.6,19.73,5.11,24.84,1421.9436,21.46341989,Roam,14.5179675
A2_1_1,138.908,15.07226703,89.55,7.91,70.4,18.18,3.65,21.83,845.4754,19.32002012,Roam,8.63561063
A2_1_3,191.422,5.489241087,48.95,6.47,78.3,16.06,3.21,19.27,750.6114,43.38137108,Roam,5.20072162
A2_1_4,137.214,4.583682092,36.45,6.93,52.7,12.02,2.59,14.61,637.1134,19.69522294,Roam,3.42978411
A2_1_5,186.34,11.19015267,45.0,6.85,81.8,17.27,3.32,20.59,711.6494,14.48701617,Roam,4.68252791
A2_1_6,267.652,7.691078349,51.8,6.88,60.1,14.26,3.06,17.32,833.1092,11.06666858,Roam,14.3922317
A2_1_7,245.63,14.36380322,24.5,6.83,67.3,12.8,3.0,15.8,806.5134,11.49531616,Roam,5.15391004
A2_1_8,214.291,5.09144637,57.95,6.8,75.4,13.88,5.75,19.63,857.164,13.98410743,Roam,9.31390025
A2_1_9,298.144,6.98379759,78.35,6.8,69.6,15.13,4.82,19.95,1016.5694,12.75181537,Roam,2.52111707
A2_1_10,271.2094,59.38574742,87.45,6.27,132.7,22.12,7.43,29.55,1093.1382,15.86054634,Roam,6.2654502
A2_1_11,162.624,8.27682489,46.6,6.13,68.1,15.37,3.23,18.6,850.5574,17.40661612,Roam,5.0314173
A2_1_12,267.652,13.75982132,46.3,5.75,237.0,19.11,4.71,23.82,1051.8046,14.58856067,Roam,9.15003471
A2_1_14,186.34,15.8695305,64.4,6.44,69.3,16.45,3.94,20.39,1092.7994,11.54757844,Roam,4.40338309
A2_1_15,267.652,8.074162679,68.65,6.56,68.0,13.94,6.0,19.94,1106.8596,15.36635683,Roam,4.28305784
A2_2_5,214.291,7.985944737,145.15,6.53,40.2,14.3,3.86,18.16,1108.0454,8.535753887,Roam,3.59956276
A2_2_6,189.728,6.78913738,69.55,6.4,50.5,14.99,3.75,18.74,1304.8882,16.87691165,Roam,3.67175536
A2_2_7,215.985,5.083529365,111.55,6.47,39.5,17.43,3.2,20.63,901.3774,17.9749401,Roam,5.87284298
A2_2_8,140.602,7.972256547,49.75,6.71,40.5,14.12,4.96,19.08,994.8862,13.14539441,Roam,4.73170575
A2_2_9,214.291,18.38823153,100.95,6.46,54.1,10.51,4.16,14.67,1272.3634,13.09895267,Roam,7.20263991
A2_2_10,186.34,20.56709265,78.9,6.5,55.4,11.11,3.26,14.37,1544.081,19.21836539,Roam,4.22274933
A2_2_11,217.8484,6.989097009,77.05,6.53,46.7,11.69,4.24,15.93,1141.9254,19.21327004,Roam,6.40604933
A2_2_12,121.968,6.592352871,107.5,6.55,45.3,9.03,4.07,13.1,981.1648,19.72822132,Roam,4.55281768
A2_2_13,162.624,5.387286005,153.55,5.93,44.6,12.19,4.38,16.57,1165.6414,14.26015713,Roam,5.69708636
A2_2_14,259.182,16.56025539,93.0,5.41,52.2,11.34,4.91,16.25,1213.5816,17.10848448,Roam,5.785083
A2_2_15,217.8484,12.09032774,88.1,6.03,53.7,9.18,6.65,15.83,1131.7614,18.83665147,Roam,6.96029029
A2_3_1,249.018,27.02433187,193.2,5.72,83.5,7.69,3.31,11.0,1289.3034,14.89564517,Sandy,11.1553562
A2_3_4,226.996,31.29360175,93.25,6.14,86.6,7.64,6.96,14.6,1034.5258,22.18889714,Sandy,10.1387645
A2_3_5,137.214,15.08129919,86.05,6.43,72.7,5.85,5.34,11.19,786.5242,11.81728636,Sandy,5.70933502
A2_3_6,214.291,19.27378765,86.75,6.49,161.2,6.35,3.92,10.27,543.9434,17.88801228,Sandy,4.93086006
A2_3_7,186.34,28.94558231,171.4,6.44,108.0,8.08,6.36,14.44,1225.609,28.42837072,Sandy,11.1689683
A2_3_8,267.652,30.13370585,66.15,6.4,75.7,7.95,3.11,11.06,808.2074,29.42315858,Sandy,8.65291963
A2_3_9,250.712,32.8934253,134.15,7.04,104.9,9.94,6.3,16.24,1117.193,23.98251014,Sandy,5.91388446
A2_3_10,326.2644,36.8763991,216.55,7.12,136.5,8.82,16.02,24.84,1284.2214,16.39467303,Sandy,1.50115556
A2_3_11,118.4106,31.86431197,66.95,6.96,97.3,5.79,4.94,10.73,960.498,22.77921955,Sandy,2.69239932
A2_3_12,254.1,25.34019713,103.9,6.61,72.6,8.05,3.32,11.37,972.5254,19.58504446,Sandy,18.4061108
A2_3_13,257.488,25.61597959,109.45,7.15,112.4,3.79,4.04,7.83,963.886,18.0954457,Sandy,10.8818458
A2_3_14,265.958,20.94219953,92.15,6.88,77.8,6.83,2.28,9.11,716.7314,11.73857435,Sandy,10.2193982
A2_3_15,306.614,24.8136485,169.9,7.48,71.9,6.76,4.15,10.91,1263.5546,14.43862685,Sandy,9.22936651
A3_1_4,214.291,9.880239521,44.85,7.51,87.7,8.59,4.52,13.11,482.9594,6.427038458,Roam,4.49855648
A3_1_5,264.264,15.87586868,100.85,7.4,64.3,8.99,3.49,12.48,1136.8434,5.89449533,Roam,8.62403927
A3_1_6,250.712,18.99088438,27.7,7.29,61.5,12.54,5.36,17.9,969.1374,20.20698812,Roam,8.43381684
A3_1_7,214.291,32.91048348,47.55,6.54,67.4,12.23,8.83,21.06,893.4156,12.25137784,Roam,3.91028568
A3_1_8,137.214,26.78607124,51.0,6.7,97.2,9.11,9.21,18.32,984.5528,15.96725198,Roam,5.5455326
A3_1_9,267.652,15.77035174,79.3,6.81,51.0,10.19,3.06,13.25,899.6834,13.66507303,Roam,6.64494442
A3_1_10,186.34,22.2386214,42.55,6.83,45.7,8.45,3.05,11.5,1039.6078,15.70167215,Roam,7.51144827
A3_1_11,400.8004,14.8554337,54.25,6.77,73.2,8.06,20.26,28.32,1031.8154,13.86666835,Roam,14.0538438
A3_1_12,304.92,28.41815571,64.55,6.78,45.9,8.14,2.55,10.69,1082.8048,18.95200876,Roam,6.71343546
A3_1_13,274.5974,12.95956615,97.65,6.73,51.5,7.78,3.55,11.33,964.0554,14.80065732,Roam,6.25402875
A3_1_14,237.16,19.95450373,55.3,6.68,48.3,10.87,2.98,13.85,1034.5258,15.49655811,Roam,8.02713565
A3_1_15,271.2094,14.36323013,77.85,6.68,47.3,9.26,4.56,13.82,962.3614,18.17965286,Roam,7.05582551
A3_2_1,186.34,13.35512677,49.35,7.6,98.7,6.62,3.28,9.9,843.4426,12.71744873,Roam,8.85572304
A3_2_2,267.652,8.295354601,27.95,7.72,78.0,5.36,3.59,8.95,594.7634,10.73553763,Roam,8.40736587
A3_2_5,264.6028,14.27316645,112.65,7.11,124.0,7.01,3.03,10.04,853.776,17.54027515,Roam,6.36538686
A3_2_6,150.766,16.77115362,54.25,7.18,53.7,7.88,3.07,10.95,770.9394,13.79929272,Roam,15.540286
A3_2_7,265.958,13.06863528,42.05,7.76,71.6,7.24,3.29,10.53,975.9134,12.95630804,Roam,7.56958564
A3_2_8,138.908,23.02907046,45.25,7.57,76.5,6.58,3.9,10.48,1379.0854,11.98005742,Roam,6.36115135
A3_2_9,267.652,17.64635508,193.5,7.58,77.9,8.2,2.81,11.01,1031.1378,17.41581722,Roam,13.2495414
A3_2_10,189.728,33.15888299,193.8,7.58,77.8,9.78,2.79,12.57,1246.9534,14.20336944,Roam,4.33328152
A3_2_11,207.515,10.96272673,46.25,7.51,68.9,7.35,2.74,10.09,1068.914,20.49919834,Roam,6.56621801
A3_2_12,189.728,21.47251518,130.0,7.59,98.2,8.09,3.35,11.44,1008.0994,15.17410437,Roam,3.69677213
A3_2_13,250.712,19.09923603,33.35,7.47,99.3,7.68,3.29,10.97,788.3876,17.49210245,Roam,6.30232157
A3_2_14,264.264,20.18223963,52.55,7.38,92.6,5.83,2.78,8.61,786.1854,12.77247216,Roam,11.414092
A3_2_15,182.952,38.36010549,174.4,7.46,119.1,7.28,5.39,12.67,1411.6102,11.71169815,Roam,5.29310059
A3_3_2,212.597,7.394084732,26.25,7.34,95.7,6.95,3.1,10.05,306.7834,7.703385124,Sandy,4.09674206
A3_3_5,267.652,9.384984026,14.45,7.11,61.9,7.42,6.39,13.81,837.0054,6.704714157,Sandy,5.2714414
A3_3_6,138.908,8.673632158,33.85,7.05,59.4,8.11,3.9,12.01,1105.1656,12.45459568,Sandy,3.88028085
A3_3_7,267.652,8.484727491,25.85,6.95,63.7,9.36,3.62,12.98,840.3934,12.95890665,Sandy,8.55818376
A3_3_8,264.264,9.790992287,125.85,6.8,55.6,8.18,3.93,12.11,893.4156,14.03915285,Sandy,6.45109927
A3_3_9,186.34,10.47527834,51.9,6.88,50.5,7.86,4.48,12.34,800.415,15.72222004,Sandy,3.58956517
A3_3_10,215.985,8.178409,27.7,6.55,46.0,10.04,4.24,14.28,726.8954,10.46210943,Sandy,5.98206333
A3_3_11,121.968,12.1649649,26.25,6.58,72.2,6.84,6.71,13.55,1032.8318,10.69262655,Sandy,4.50307087
A3_3_12,250.712,16.35225143,164.8,6.98,82.0,8.92,10.91,19.83,1157.1714,14.3857066,Sandy,3.80522044
A3_3_13,259.182,13.66501756,95.75,6.94,63.1,8.65,8.16,16.81,853.776,16.72474277,Sandy,8.43595922
A3_3_14,215.985,11.96458483,31.2,7.66,52.0,8.69,9.28,17.97,786.1854,13.42417165,Sandy,4.24431618
A3_3_15,206.668,8.692003357,23.25,7.63,54.8,7.51,5.76,13.27,607.4684,10.51522544,Sandy,7.47977887
A5_1_1,267.652,3.396331961,150.0,7.22,140.6,7.47,7.18,14.65,537.1674,8.497559839,Roam,9.07404803
A5_1_2,204.974,4.192453584,272.0,8.56,143.1,8.86,4.67,13.53,713.3434,7.202042343,Roam,13.1951828
A5_1_3,137.214,5.886343683,59.95,8.61,139.3,4.22,5.75,9.97,586.2934,6.808230642,Roam,11.8516862
A5_1_4,189.728,3.295518095,121.3,8.56,137.7,6.33,2.78,9.11,604.9274,8.565623469,Roam,12.131657
A5_1_5,159.236,4.58752194,123.55,8.55,141.3,5.11,2.73,7.84,698.775,9.428654349,Roam,18.7645276
A5_1_6,242.242,6.183921803,76.9,8.53,159.3,6.28,2.7,8.98,477.8774,7.125658535,Roam,21.4486654
A5_1_7,224.6244,8.684368137,181.85,8.42,170.5,5.41,4.29,9.7,705.7204,7.340348422,Roam,14.898623
A5_1_8,93.17,4.997001799,122.4,8.5,313.0,8.67,3.59,12.26,464.3254,11.07705951,Roam,17.1878259
A5_1_9,211.75,2.798432878,96.3,8.58,163.2,6.46,3.12,9.58,585.1076,8.580995475,Roam,3.12917722
A5_1_10,135.52,4.487793202,144.6,8.59,152.8,10.82,4.12,14.94,655.7474,7.329031794,Roam,6.82570885
A5_1_11,264.264,3.998240774,92.0,8.51,144.9,7.07,2.81,9.88,621.698,11.3489326,Roam,14.9494809
A5_1_12,186.34,5.69703754,121.1,8.15,136.4,6.66,2.44,9.1,469.4074,8.505673494,Roam,12.3400376
A5_1_13,214.291,4.99660231,107.8,7.99,136.0,7.65,2.88,10.53,549.0254,7.82519954,Roam,7.59879261
A5_1_14,215.985,7.086677047,112.05,8.4,147.2,9.1,4.17,13.27,728.0812,9.826781409,Roam,8.89757047
A5_1_15,214.291,5.194597618,88.0,8.37,146.3,6.41,2.18,8.59,547.3314,8.663718103,Roam,9.26392582
A5_1_16,1609.3,8.177756502,118.4,8.44,148.1,12.44,3.3,15.74,581.2114,8.861857924,Roam,14.9150658
A5_1_13d,189.728,5.193767479,105.5,8.5,141.4,8.14,3.54,11.68,352.5214,9.486922015,Roam,8.56641583
A5_1_14d,186.34,6.288680375,111.15,8.36,148.5,8.9,2.47,11.37,494.8174,8.42058443,Roam,11.5411993
A5_2_1,215.985,7.689542223,110.1,8.6,137.8,6.83,3.42,10.25,519.7192,8.572617545,Roam,11.5534482
A5_2_2,214.291,0.074306875,129.4,8.69,144.6,6.41,2.49,8.9,580.0256,6.654230434,Roam,14.0181308
A5_2_3,271.2094,4.29313099,137.65,8.59,149.8,8.43,4.84,13.27,1552.7204,7.871402589,Roam,14.3742917
A5_2_4,210.903,3.390912355,100.9,8.65,130.8,4.11,2.1,6.21,536.998,8.910171991,Roam,13.7902942
A5_2_5,86.394,4.893736018,85.3,8.67,137.3,6.03,2.28,8.31,488.0414,6.698436949,Roam,13.8006457
A5_2_6,210.903,3.99664282,112.15,8.65,163.0,7.79,5.18,12.97,631.6926,8.827839276,Roam,15.9131394
A5_2_7,137.214,6.78507284,135.75,8.62,150.4,5.7,3.3,9.0,521.9214,7.934138105,Roam,9.52888762
A5_2_8,267.652,9.083286752,177.65,8.72,144.8,7.94,5.18,13.12,623.0532,8.853461848,Roam,12.3230494
A5_2_9,265.958,4.090346782,76.7,8.24,135.6,5.19,2.51,7.7,430.4454,8.52568814,Roam,10.2371666
A5_2_10,186.34,7.278455771,114.35,8.28,139.6,6.66,2.33,8.99,511.0798,7.379355104,Roam,10.5598095
A5_2_11,264.264,9.29925606,106.5,8.44,139.3,7.09,3.08,10.17,547.3314,6.375273235,Roam,2.64643363
A5_2_12,121.968,7.483834917,215.75,8.38,194.9,6.84,2.59,9.43,660.8294,8.392344044,Roam,12.8053526
A5_2_13,214.291,11.57037983,125.15,8.21,128.2,5.98,2.58,8.56,515.1454,15.88932467,Roam,9.17975548
A5_2_14,72.842,5.588153115,159.35,8.44,144.5,5.94,2.68,8.62,710.8024,6.862655859,Roam,15.323941
A5_2_15,214.291,8.076416863,164.2,8.46,141.9,5.73,2.45,8.18,543.9434,9.273551763,Roam,14.6181507
A5_2_16,79.618,5.982769623,151.95,8.43,158.2,6.35,2.9,9.25,710.8024,3.908998703,Roam,11.4306093
A5_3_4,214.291,6.389776358,111.9,8.21,151.8,8.44,3.26,11.7,349.1334,5.650161739,Roam,13.1229181
A5_3_5,137.214,4.883591134,68.7,8.32,138.5,6.44,2.81,9.25,459.4128,11.4797051,Roam,5.89808975
A5_3_6,215.985,3.798784389,56.0,8.36,134.6,6.95,2.05,9.0,571.0474,7.880014987,Roam,8.17340101
A5_3_7,133.826,4.286625728,71.6,7.54,148.4,6.86,2.33,9.19,380.303,4.45459656,Roam,11.2357642
A5_3_8,162.624,3.985969388,103.35,7.76,145.8,6.39,2.42,8.81,391.4834,5.431900454,Roam,6.71893528
A5_3_9,188.034,3.895481242,83.95,8.05,145.8,9.42,3.21,12.63,505.9978,11.11113303,Roam,14.8336788
A5_3_10,210.903,6.287676155,116.55,8.24,163.3,8.3,3.02,11.32,410.1174,9.885187243,Roam,7.89675979
A5_3_11,199.892,6.989934494,117.75,8.31,193.6,6.55,2.57,9.12,456.0248,9.931931084,Roam,9.28840264
A5_3_12,212.597,9.393236869,99.55,8.25,166.7,6.03,3.23,9.26,491.4294,9.443460629,Roam,11.5495939
A5_3_13,121.968,4.991215461,98.65,8.24,174.6,4.83,2.3,7.13,521.4132,10.56041027,Roam,11.0298568
A5_3_14,264.264,6.78751098,92.25,8.07,176.7,5.58,2.37,7.95,443.9974,7.14859887,Roam,13.2416985
A5_3_15,76.23,6.59287969,104.6,8.38,166.7,8.46,3.24,11.7,438.746,10.62587961,Roam,10.8381637
B2_2_8,115.5,34.48,72.32,7.35,59.3,,,,,,Sandy,0.86013661
B2_2_9,140.14,51.86,139.27,6.2,64.6,,,,,,Sandy,2.53586201
B2_2_10,69.3,26.19,83.4,7.47,60.4,,,,,,Sandy,0.81259666
B2_2_11,92.4,29.35,104.42,7.32,61.1,,,,,,Sandy,1.20238711
B2_2_12,78.54,25.31,81.16,7.16,56.9,,,,,,Sandy,2.93275107
B2_2_13,98.56,25.21,64.0,7.36,54.4,,,,,,Sandy,2.57547244
B2_2_14,115.5,25.11,67.46,5.92,50.9,,,,,,Sandy,1.98345004
B2_2_15,133.98,34.09,99.48,7.47,63.9,,,,,,Sandy,0.80849201
B2_3_1,83.16,17.8,131.06,7.82,169.6,,,,,,Sandy,3.92223082
B2_3_2,69.3,20.77,112.67,7.88,147.2,,,,,,Sandy,1.99140431
B2_3_3,64.68,14.15,138.18,7.81,165.7,,,,,,Sandy,2.50644711
B2_3_4,,19.78,98.43,7.75,145.5,,,,,,Sandy,2.09653015
B2_3_6,69.3,20.86,114.44,7.75,155.3,,,,,,Sandy,0.54716445
B2_3_7,75.46,17.21,120.23,7.85,149.3,,,,,,Sandy,3.00859392
B2_3_9,92.4,17.8,93.55,7.67,179.0,,,,,,Sandy,1.81311299
B2_3_10,67.76,17.41,111.45,7.78,163.7,,,,,,Sandy,1.21997383
B2_3_11,77.0,18.1,105.15,7.84,154.2,,,,,,Sandy,2.06810664
B2_3_12,,5.57,94.55,6.84,144.6,,,,,,Sandy,1.6341739
B2_3_13,77.0,84.73,107.83,7.74,144.6,,,,,,Sandy,1.27781695
B2_3_14,72.38,22.94,122.31,7.87,169.6,,,,,,Sandy,3.52892555
B3_1_5,272.734,34.02921922,105.25,8.12,166.8,7.2,7.75,14.95,996.2414,7.707254734,Clay,0.84982267
B3_1_6,160.93,15.95405233,71.95,8.05,169.1,5.41,16.15,21.56,962.192,13.97975887,Clay,1.0154581
B3_1_7,215.985,14.28571429,93.5,8.07,170.6,5.84,6.55,12.39,842.0874,15.25277996,Clay,1.14023282
B3_1_8,186.34,15.48699093,77.45,8.22,174.9,7.02,3.88,10.9,896.8036,13.29796061,Clay,0.94787888
B3_1_9,267.652,13.6835797,74.75,8.24,170.0,6.26,4.96,11.22,835.3114,14.43097696,Clay,1.49296155
B3_1_10,137.214,12.49600128,104.45,8.29,168.0,6.89,7.77,14.66,988.1102,15.00234779,Clay,1.58529708
B3_1_11,267.652,15.28838083,90.5,8.26,162.7,8.81,8.62,17.43,908.1534,12.07103942,Clay,1.98900487
B3_1_12,189.728,14.6642193,222.0,8.3,170.4,6.67,5.27,11.94,981.1648,15.46039677,Clay,1.93724039
B3_1_13,269.346,21.67225951,89.35,8.15,182.1,8.21,15.35,23.56,1023.3454,13.85695547,Clay,1.1756118
B3_1_14,191.422,14.58133589,80.85,8.3,172.1,8.04,10.35,18.39,1062.138,14.1096346,Clay,1.96029139
B3_2_5,66.066,10.28149331,90.35,8.54,139.2,4.67,3.74,8.41,387.079,8.044870189,Sandy,3.0177288
B3_2_6,231.231,4.709274387,100.05,8.57,162.3,5.21,3.78,8.99,350.8274,6.241831991,Sandy,4.36629786
B3_2_7,191.422,13.59564939,131.25,8.43,140.2,4.53,5.01,9.54,450.7734,6.12941889,Sandy,3.06934659
B3_2_8,164.318,15.36987504,133.65,8.41,134.3,5.62,3.68,9.3,352.5214,6.79613555,Sandy,4.43310655
B3_2_9,186.34,7.291250499,73.3,8.43,129.9,4.61,5.6,10.21,461.1068,7.618124956,Sandy,5.54839835
B3_2_10,214.291,8.289389581,106.15,8.49,137.4,3.99,2.18,6.17,260.029,9.026573724,Sandy,3.57391581
B3_2_11,121.968,13.97261368,116.45,8.44,153.6,3.41,2.96,6.37,409.4398,5.961716074,Sandy,4.69591199
B3_2_13,72.842,12.39107842,195.75,8.59,150.6,4.63,3.18,7.81,354.2154,7.166447692,Sandy,3.39249889
B3_2_14,264.264,11.77409699,158.55,8.22,164.4,5.75,8.17,13.92,524.8012,9.448563601,Sandy,4.46871695
B3_2_15,147.378,11.6813099,138.05,8.26,154.1,6.55,5.66,12.21,410.1174,7.242499848,Sandy,7.89368061
B3_3_5,267.652,11.46468876,86.25,8.41,140.9,6.96,4.57,11.53,869.1914,11.97083727,Clay,0.69650165
B3_3_6,189.728,8.777879743,80.75,8.41,135.1,5.32,5.65,10.97,794.6554,13.24207662,Clay,1.17551942
B3_3_7,215.985,9.291823196,96.4,8.42,151.5,6.45,7.28,13.73,913.913,9.714067926,Clay,2.51494815
B3_3_8,189.728,7.280778744,91.5,8.43,135.7,6.85,3.6,10.45,784.4914,16.52444645,Clay,0.45407133
B3_3_9,217.8484,8.699652014,80.5,8.43,138.3,6.26,4.07,10.33,901.8856,9.993027018,Clay,0.8273304
B3_3_10,135.52,7.279036375,88.25,8.4,131.8,6.95,4.65,11.6,731.9774,11.64173271,Clay,0.86805331
B3_3_11,269.6848,10.58729525,80.0,8.51,153.4,6.43,9.22,15.65,907.137,10.93437289,Clay,1.13340464
B3_3_13,245.2912,13.76860757,114.6,8.5,138.0,5.97,7.2,13.17,905.443,13.55490032,Clay,0.51373908
B3_3_14,189.728,7.893054112,51.42,8.33,146.2,6.48,8.96,15.44,900.1916,11.6019222,Clay,0.69984957
B3_3_15,269.346,8.887912439,78.36,8.4,143.7,4.92,9.15,14.07,853.9454,13.93032048,Clay,0.23996605
C1_1_1,189.728,10.07903561,40.9,8.34,81.1,6.78,3.75,10.53,958.804,17.02983758,Roam,9.28917591
C1_1_2,269.346,9.287369178,75.62,8.3,67.5,6.86,2.21,9.07,547.3314,21.93226378,Roam,18.1656021
C1_1_3,217.8484,7.278455771,45.04,8.05,92.1,8.52,5.64,14.16,67.9294,12.94467896,Roam,13.3148562
C1_1_4,189.728,13.28405913,54.4,7.95,67.6,8.01,2.2,10.21,875.6286,23.75945399,Roam,5.48009605
C1_1_5,242.242,13.65684437,143.74,6.93,97.1,6.81,3.1,9.91,1295.7406,18.17195528,Roam,14.2906471
C1_1_6,221.2364,17.64072716,75.52,6.62,90.0,7.4,11.89,19.29,1114.4826,27.46349352,Roam,6.55533934
C1_1_7,127.05,9.394363382,46.34,5.63,95.6,7.31,3.61,10.92,975.5746,17.72789844,Roam,7.73165642
C1_1_8,269.346,5.18817097,33.94,6.67,119.2,6.34,19.51,25.85,1270.3306,15.5185608,Roam,3.16567685
C1_1_9,293.062,11.96983601,47.92,7.03,95.4,11.42,5.12,16.54,1437.0202,16.85063835,Roam,3.88428563
C1_1_10,217.3402,6.183428412,48.82,7.04,94.0,11.23,9.39,20.62,1217.8166,22.41530504,Roam,9.92776122
C1_1_11,242.242,9.286627257,40.54,7.1,63.6,9.38,2.38,11.76,460.768,18.47470819,Roam,15.1166877
C1_1_12,215.985,10.18207954,38.62,6.98,78.5,8.35,2.87,11.22,917.9786,10.57943146,Roam,11.6129034
C1_1_13,203.28,7.399408047,56.1,7.04,79.8,9.6,5.71,15.31,918.6562,17.20417501,Roam,8.44888142
C1_1_14,212.597,5.28878777,33.52,7.04,82.7,9.77,3.2,12.97,746.8846,14.01921613,Roam,5.17560108
C1_1_15,193.116,11.16872756,48.02,7.08,94.9,9.74,3.25,12.99,1523.0754,15.08569296,Roam,9.26339787
C1_2_1,215.985,12.77955272,58.66,7.35,57.7,11.39,2.65,14.04,555.4626,8.645324271,Sandy,10.7044857
C1_2_2,250.712,10.59788042,68.88,7.46,48.3,10.14,2.34,12.48,259.0126,10.43225103,Sandy,6.13841237
C1_2_3,267.652,16.04992424,68.94,7.05,55.9,9.98,2.87,12.85,729.267,9.992453437,Sandy,3.73709508
C1_2_4,189.728,19.64891283,56.68,6.97,53.5,13.89,3.32,17.21,659.3048,7.287894915,Sandy,5.51472793
C1_2_5,265.958,9.795298257,56.78,7.03,54.1,10.21,2.83,13.04,419.4344,8.470173596,Sandy,3.46969329
C1_2_6,186.34,8.6909614,53.38,7.04,112.2,10.89,3.07,13.96,387.7566,8.921219652,Sandy,1.32017311
C1_2_7,214.291,17.88998161,54.98,7.13,55.3,10.34,3.61,13.95,514.129,8.620452845,Sandy,8.9922877
C1_2_8,121.968,11.17987622,59.94,6.97,65.5,15.07,4.98,20.05,364.0406,7.541469773,Sandy,4.31284145
C1_2_9,277.9854,28.22661081,57.52,6.91,57.5,8.72,4.11,12.83,734.5184,9.9500539,Sandy,7.39142619
C1_2_10,137.214,8.675015954,55.62,6.79,53.9,12.26,3.94,16.2,491.0906,12.60559248,Sandy,4.46507626
C1_2_11,222.9304,13.45801101,59.36,6.75,78.3,11.23,2.89,14.12,536.4898,8.845692743,Sandy,5.66848097
C1_2_12,271.04,7.885490697,59.46,6.77,44.7,8.34,4.03,12.37,665.5726,8.903386794,Sandy,3.20702526
C1_2_13,271.2094,17.47483624,55.28,6.92,125.6,15.3,3.78,19.08,577.8234,8.962350995,Sandy,10.3059194
C1_2_14,242.242,17.46506986,44.64,6.71,50.1,9.75,6.43,16.18,499.5606,7.060577424,Sandy,0.56000093
C1_2_15,217.3402,3.191828918,57.18,6.81,48.1,10.44,2.25,12.69,581.2114,8.876562507,Sandy,5.18236306
C1_3_1,243.936,16.3496431,37.7,6.78,39.8,9.9,6.06,15.96,1101.2694,11.35207818,Roam,0.29673571
C1_3_2,271.2094,5.447908911,46.2,6.88,29.1,7.96,2.04,10.0,868.8526,6.214813539,Roam,1.84663183
C1_3_3,301.532,8.174495574,64.82,6.09,39.1,10.64,6.83,17.47,1373.3258,9.018804733,Roam,0.93398731
C1_3_4,271.2094,12.45714741,47.84,6.01,46.2,8.93,4.06,12.99,1029.7826,18.92910924,Roam,0.59626432
C1_3_5,196.504,20.33249611,36.72,5.88,39.2,10.54,6.56,17.1,1082.2966,8.028049867,Roam,0.41726575
C1_3_6,271.2094,9.477632787,47.6,5.7,52.3,10.27,4.95,15.22,973.8806,18.47997216,Roam,0.59047946
C1_3_7,186.5094,16.58341658,61.6,5.72,36.7,12.07,14.66,26.73,1033.1706,15.06727186,Roam,1.71318651
C1_3_8,271.2094,9.893272575,47.0,5.57,49.8,10.16,8.66,18.82,687.5946,17.56417669,Roam,0.50795346
C1_3_9,247.324,9.080386365,42.72,5.57,45.5,11.61,4.99,16.6,978.9626,22.28930055,Roam,6.03187482
C1_3_10,271.04,16.37118671,50.42,5.56,47.5,9.17,7.2,16.37,1027.2416,13.47079554,Roam,0.62284484
C1_3_11,242.242,15.38523018,48.2,5.53,49.2,9.88,8.59,18.47,1343.1726,16.6600621,Roam,1.38036505
C1_3_12,267.652,2.095724722,45.74,5.48,43.2,11.65,4.49,16.14,1118.3788,23.89051346,Roam,2.23891639
C1_3_13,320.166,8.088998961,40.94,5.47,39.3,10.41,4.09,14.5,1097.5426,17.63785651,Roam,2.61995987
C1_3_14,272.9034,14.76574348,67.96,5.56,55.0,11.72,5.74,17.46,1502.4086,19.27045848,Roam,1.51622875
C1_3_15,304.92,13.0822082,40.54,5.5,54.6,9.97,5.87,15.84,1399.0746,20.11437133,Roam,1.5520063
C2_1_1,77.0,23.43,318.32,7.98,148.1,,,,,,Roam,2.38389827
C2_1_2,62.37,18.5,246.53,8.02,127.0,,,,,,Roam,0.68918522
C2_1_3,80.08,17.51,415.36,8.18,116.6,,,,,,Roam,6.1817862
C2_1_4,73.92,26.29,268.58,7.98,140.7,,,,,,Roam,3.38751591
C2_1_5,84.7,31.82,178.47,8.12,129.3,,,,,,Roam,1.44121211
C2_1_6,49.28,12.77,276.68,8.14,123.2,,,,,,Roam,1.8547526
C2_1_7,67.76,15.83,211.97,8.04,126.0,,,,,,Roam,3.44259623
C2_1_8,36.96,19.38,244.88,7.85,142.6,,,,,,Roam,2.03475667
C2_1_9,72.38,13.86,366.18,8.15,128.8,,,,,,Roam,1.94103142
C2_1_10,87.78,20.77,245.68,8.02,138.4,,,,,,Roam,3.57848379
C2_1_11,88.55,27.87,251.26,7.97,122.1,,,,,,Roam,0.85772091
C2_1_12,93.94,18.4,245.19,7.95,139.9,,,,,,Roam,1.60478838
C2_1_13,81.62,21.06,267.61,8.05,153.1,,,,,,Roam,1.32266646
C2_1_14,69.3,18.4,343.14,8.16,160.6,,,,,,Roam,1.60005689
C2_1_15,52.36,21.26,242.0,8.21,112.3,,,,,,Roam,2.44242539
C2_2_1,,21.75,299.56,7.85,168.2,,,,,,Roam,4.94815433
C2_2_2,61.6,17.8,305.43,8.18,135.5,,,,,,Roam,7.99257962
C2_2_3,63.14,14.84,268.86,7.8,154.8,,,,,,Roam,2.41763553
C2_2_4,,9.71,300.6410256,7.66,172.8,,,,,,Roam,2.77650221
C2_2_5,84.7,31.72,333.63,7.73,186.6,,,,,,Roam,6.96729446
C2_2_6,61.6,12.57,320.55,8.12,259.1,,,,,,Roam,3.53108632
C2_2_7,70.84,45.75,342.7604167,7.59,115.3,,,,,,Roam,6.8556172
C2_2_8,,10.3,299.1836735,8.22,134.4,,,,,,Roam,9.29138855
C2_2_10,,17.02,272.23,7.77,166.5,,,,,,Roam,7.95873383
C2_2_11,63.14,22.74,322.75,8.14,184.6,,,,,,Roam,6.35992176
C2_2_12,69.3,15.63,303.58,7.78,133.1,,,,,,Roam,4.15025084
C2_2_14,78.54,18.3,284.44,7.78,173.4,,,,,,Roam,4.00473282
C2_2_15,61.6,20.08,298.47,7.82,165.1,,,,,,Roam,7.41239649
C2_3_1,95.48,15.53,208.66,7.87,167.0,,,,,,Roam,1.85412971
C2_3_2,78.54,16.13,224.55,7.76,185.7,,,,,,Roam,1.62396768
C2_3_3,73.92,11.49,281.46,7.88,168.9,,,,,,Roam,1.96391958
C2_3_4,77.0,13.17,268.05,7.77,167.8,,,,,,Roam,2.18015866
C2_3_5,80.08,7.24,220.52,7.91,159.4,,,,,,Roam,1.94962146
C2_3_6,73.92,13.36,237.63,7.95,155.6,,,,,,Roam,2.63312128
C2_3_7,84.7,10.6,230.76,7.89,180.4,,,,,,Roam,2.06513137
C2_3_8,72.38,9.42,272.74,7.85,180.3,,,,,,Roam,1.6003764
C2_3_9,67.76,24.36,228.52,7.87,158.6,,,,,,Roam,2.31284372
C2_3_10,64.68,11.49,298.66,7.9,160.2,,,,,,Roam,2.57820055
C2_3_11,80.08,8.72,249.58,7.84,204.6,,,,,,Roam,2.89358939
C2_3_12,97.02,13.17,259.95,7.84,175.9,,,,,,Roam,4.70722714
C2_3_13,44.66,13.17,281.06,7.82,165.9,,,,,,Roam,1.98731377
C2_3_14,63.14,17.31,247.83,7.84,171.7,,,,,,Roam,2.47281571
C2_3_15,83.16,9.61,226.37,7.84,159.1,,,,,,Roam,2.02644209
C3_1_1,252.406,12.27740957,157.2,6.42,112.2,6.13,12.82,18.95,1306.074,13.35510535,Roam,0.75690167
C3_1_2,217.8484,4.091326388,69.78,6.66,109.5,7.26,4.6,11.86,989.296,17.77425111,Roam,2.26219127
C3_1_3,186.34,6.485990261,67.8,6.79,93.0,6.46,4.71,11.17,1087.3786,18.12481799,Roam,2.77016987
C3_1_4,219.5424,4.591734877,63.86,7.28,113.9,6.52,4.17,10.69,1154.6304,24.45526484,Roam,3.36959591
C3_1_5,303.226,4.697369473,60.3,7.25,96.8,6.36,3.54,9.9,897.6506,23.2580247,Roam,4.03425261
C3_1_6,267.652,6.380094106,70.6,7.31,113.0,5.7,3.91,9.61,1114.9908,21.33816644,Roam,4.93372907
C3_1_7,252.406,15.57507987,112.56,7.34,111.9,8.31,7.17,15.48,1373.6646,20.0905699,Roam,4.61698535
C3_1_8,267.652,6.090498822,81.84,7.35,103.7,6.6,4.21,10.81,1199.352,27.49123678,Roam,2.31304111
C3_1_9,72.842,7.382871738,98.14,7.44,94.9,8.64,5.3,13.94,1243.2266,19.669179,Roam,1.26271653
C3_1_10,269.346,8.177756502,73.34,7.49,95.4,7.54,4.6,12.14,1137.3516,21.10001634,Roam,2.15336363
C3_1_11,127.05,6.187130768,70.82,7.46,99.9,5.92,3.71,9.63,1024.7006,21.25499205,Roam,5.32812908
C3_1_12,267.652,7.294456213,89.38,7.11,102.4,7.56,5.81,13.37,1144.297,20.13551848,Roam,2.15011473
C3_1_13,279.51,1.694442229,69.1,7.19,109.9,6.94,3.67,10.61,995.9026,18.57291796,Roam,2.8191988
C3_1_14,322.8764,2.194732642,69.72,7.3,100.9,6.98,3.5,10.48,996.2414,19.08401512,Roam,1.70121196
C3_1_15,167.706,4.695304695,76.42,7.38,89.3,6.81,4.34,11.15,906.1206,17.9331492,Roam,2.17286812
C3_2_1,267.652,13.96313732,100.06,7.55,136.8,10.27,6.09,16.36,1056.5478,14.96630417,Roam,1.52207055
C3_2_2,242.242,5.096941835,91.6,7.83,130.5,10.61,7.56,18.17,1292.3526,18.18476679,Roam,1.25912625
C3_2_3,267.652,3.892681758,84.48,7.88,141.5,6.46,4.35,10.81,1168.3518,9.42296214,Roam,8.03108721
C3_2_4,252.406,5.288998882,83.54,7.86,140.0,6.81,3.71,10.52,1024.7006,15.92876189,Roam,2.23672063
C3_2_5,271.2094,1.897722733,94.04,7.85,127.1,4.13,4.74,8.87,1192.576,16.03775819,Roam,2.73053043
C3_2_6,188.034,5.086368532,90.96,7.86,128.1,7.89,4.36,12.25,1095.8486,18.74472576,Roam,7.26687573
C3_2_7,269.346,8.795426378,102.9,7.83,132.8,6.69,4.42,11.11,1285.4072,18.90244196,Roam,5.63871692
C3_2_8,135.52,3.191065018,72.86,7.84,118.1,10.77,5.26,16.03,1023.0066,17.18678938,Roam,1.95857049
C3_2_9,274.5974,6.79076456,113.72,7.83,102.8,7.73,3.64,11.37,1099.5754,15.3729133,Roam,6.05822439
C3_2_10,137.214,4.293302448,93.98,7.82,117.3,8.2,5.5,13.7,967.1046,13.2886917,Roam,7.5636624
C3_2_11,271.2094,22.94310111,102.54,7.9,120.2,7.47,3.42,10.89,990.99,17.39877096,Roam,7.10651794
C3_2_12,242.242,9.887344199,86.36,7.92,139.9,6.62,12.22,18.84,1028.0886,16.62349978,Roam,1.72277832
C3_2_13,219.5424,12.76731567,109.7,7.78,152.0,10.09,7.78,17.87,1307.768,16.53844832,Roam,2.29496137
C3_2_14,208.362,3.49678296,90.68,7.78,119.1,6.76,3.84,10.6,1077.2146,18.08377293,Roam,7.19838632
C3_2_15,217.3402,9.094906852,107.66,7.76,149.3,9.55,11.69,21.24,975.5746,16.11943085,Roam,1.91185046
C3_3_1,214.291,1.096884847,54.12,7.84,175.3,6.83,4.18,11.01,851.9126,17.92419051,Sandy,3.34782893
C3_3_2,189.728,1.597635499,52.66,7.88,176.3,7.75,3.9,11.65,1049.6024,13.45862326,Sandy,5.08807029
C3_3_3,267.652,0.598276962,56.5,7.88,157.4,6.31,3.94,10.25,658.7966,13.39089576,Sandy,1.65727255
C3_3_4,189.728,0.698909701,59.02,7.92,158.8,7.08,4.01,11.09,815.4916,12.72283797,Sandy,11.3495064
C3_3_5,214.291,0.99980004,47.1,7.98,171.4,4.76,4.48,9.24,757.0486,9.310216388,Sandy,9.12385778
C3_3_6,242.242,0.996611521,47.24,8.0,171.2,5.64,6.19,11.83,1102.9634,12.02858488,Sandy,3.33441405
C3_3_7,267.652,2.49670435,65.82,8.02,191.8,6.95,9.43,16.38,1290.6586,16.46154202,Sandy,1.40825369
C3_3_8,252.406,1.196888091,48.28,8.03,166.2,5.53,5.22,10.75,973.8806,19.66177628,Sandy,8.02947917
C3_3_9,271.2094,0.99952023,48.42,8.07,171.1,4.5,6.72,11.22,962.0226,12.53290595,Sandy,3.4909486
C3_3_10,186.34,0.799392462,34.34,8.18,160.4,7.22,6.96,14.18,791.2674,15.69516841,Sandy,11.6099775
C3_3_12,267.652,0.698965531,50.28,8.19,173.7,5.24,9.89,15.13,923.0606,9.117660762,Sandy,8.33619249
C3_3_13,245.63,1.396926761,53.32,8.13,156.3,3.17,5.17,8.34,725.879,11.46175824,Sandy,5.14429551
C3_3_14,267.652,0.797638989,50.7,8.17,159.6,3.93,4.22,8.15,714.6986,9.006590602,Sandy,12.1021853
C3_3_15,242.242,1.694644922,67.96,8.13,171.6,4.61,9.71,14.32,1150.0566,12.44191839,Sandy,6.80823859
D1_1_1,267.652,2.298437063,78.6,8.37,158.1,4.66,5.3,9.96,838.3606,11.02479972,Roam,3.09074293
D1_1_2,50.05,22.35,331.99,8.43,148.9,,,,,,Roam,3.4245826
D1_1_3,53.9,23.43,473.68,8.59,167.0,,,,,,Roam,6.45916733
D1_1_4,56.98,20.67,274.58,8.4,139.6,,,,,,Roam,2.52562148
D1_1_5,49.28,20.96,256.13,8.32,136.2,,,,,,Roam,2.59008023
D1_1_6,40.04,16.32,222.17,8.42,132.9,,,,,,Roam,3.2900164
D1_1_7,18.48,22.15,228.61,8.49,126.3,,,,,,Roam,1.18214422
D1_1_8,121.968,0.698881789,49.22,8.39,157.0,5.7,4.62,10.32,841.5792,14.15172238,Roam,1.52138023
D1_1_9,267.652,1.497783281,56.4,8.37,159.4,4.88,5.09,9.97,860.3826,12.52998958,Roam,2.72126498
D1_1_10,41.58,15.44,266.79,8.31,154.4,,,,,,Roam,4.57951982
D1_1_11,137.214,4.187771707,44.86,8.33,159.5,5.84,5.07,10.91,794.8248,5.122559797,Roam,3.12807097
D1_1_12,60.06,17.21,293.53,8.39,162.6,,,,,,Roam,2.33516884
D1_1_14,265.958,2.989953755,67.58,8.25,178.5,5.9,9.61,15.51,934.9186,11.11022565,Roam,2.15060592
D2_1_1,143.99,8.881880963,113.6,8.21,165.3,5.84,3.93,9.77,906.6288,13.961885,Roam,0.65341443
D2_1_2,271.2094,10.97497705,130.26,8.18,178.6,4.91,7.98,12.89,1033.1706,12.00378003,Roam,0.60383613
D2_1_3,431.97,5.997121382,73.76,8.18,176.3,3.8,3.76,7.56,899.3446,14.03988506,Roam,0.47987713
D2_1_4,269.346,18.44319496,91.58,8.19,171.8,5.13,6.64,11.77,1288.9646,14.7105802,Roam,0.66220949
D2_1_5,147.378,19.15403033,98.0,8.29,168.5,6.02,5.61,11.63,1223.4068,17.55923166,Roam,0.44207692
D2_1_6,267.652,7.389654484,101.32,8.26,160.3,5.11,3.65,8.76,914.5906,17.09467825,Roam,1.80361269
D2_1_7,140.602,8.889687962,91.68,8.29,163.7,4.53,4.54,9.07,830.907,12.27941467,Roam,1.57654778
D2_1_8,322.8764,7.392902813,131.24,8.24,173.0,4.8,5.76,10.56,877.3226,10.84608122,Roam,0.80089519
D2_1_9,188.034,5.883526127,199.98,8.17,160.3,5.62,4.85,10.47,812.9506,13.58667086,Roam,0.65425885
D2_1_10,321.013,15.65054428,123.14,8.19,160.2,5.02,6.07,11.09,1176.9912,12.64751587,Roam,0.85140201
D2_1_11,188.034,5.782882667,88.62,8.16,161.7,5.36,6.24,11.6,782.4586,17.14221907,Roam,1.72878365
D2_1_12,210.903,6.88567779,104.6,8.18,157.0,4.31,4.75,9.06,904.0878,10.70954052,Roam,2.24601036
D2_1_13,188.034,5.586592179,88.78,8.2,157.4,5.94,3.26,9.2,697.7586,13.01529746,Roam,1.67423555
D2_1_14,267.652,6.193558699,92.6,8.22,191.4,4.39,4.51,8.9,811.9342,13.2968607,Roam,2.75630899
D2_1_15,138.908,6.198760248,87.26,8.24,163.1,4.98,3.68,8.66,924.7546,13.49385873,Roam,2.49807364
D2_2_1,221.2364,6.095367521,58.42,8.34,170.9,6.18,3.59,9.77,846.4918,9.652130543,Roam,1.4200936
D2_2_2,186.34,7.583014049,90.38,8.34,204.0,9.47,3.91,13.38,731.6386,9.240613577,Roam,1.5323692
D2_2_3,214.291,5.781960284,91.86,8.28,209.0,6.73,12.42,19.15,817.1856,11.37629745,Roam,1.50317172
D2_2_4,121.968,4.297593348,68.16,8.28,193.8,6.96,5.71,12.67,719.7806,10.58335672,Roam,1.47309498
D2_2_5,214.291,6.681558897,94.92,8.27,173.8,5.32,8.54,13.86,848.1858,11.63702567,Roam,2.45955994
D2_2_6,137.214,4.984249771,71.78,8.25,183.0,6.6,4.71,11.31,831.5846,12.21307004,Roam,2.92013651
D2_2_7,217.8484,5.483549352,79.48,8.25,178.4,5.43,3.81,9.24,949.6564,14.02024802,Roam,1.18911426
D2_2_8,227.843,5.985395635,88.56,8.27,178.7,5.36,4.66,10.02,784.1526,13.71842972,Roam,1.30773091
D2_2_9,269.346,5.889634244,113.48,8.19,203.0,7.23,7.23,14.46,973.8806,11.42288466,Roam,0.88994066
D2_2_10,189.728,3.69261477,99.96,8.17,199.2,5.59,6.63,12.22,907.8146,14.43607853,Roam,2.50306224
D2_2_11,322.8764,6.181702162,94.86,8.22,180.3,6.22,4.73,10.95,1056.5478,12.85547855,Roam,1.56808546
D2_2_12,242.242,5.192315373,72.04,8.23,179.0,4.95,5.43,10.38,853.6066,12.59559489,Roam,3.32594368
D2_2_13,272.734,6.589456869,96.54,8.28,189.6,7.9,4.98,12.88,999.6294,11.54152135,Roam,3.01611147
D2_2_15,217.8484,6.685025543,104.6,8.25,184.6,5.04,6.29,11.33,1004.8808,11.92013056,Roam,1.69486375
D2_3_1,121.968,5.084745763,58.48,8.27,171.2,4.17,3.96,8.13,682.5126,11.67574773,Roam,2.08147617
D2_3_2,116.886,7.179323548,59.98,8.26,181.3,4.73,5.42,10.15,779.24,11.40145492,Roam,1.07558705
D2_3_3,215.985,7.274104189,117.2,8.25,158.8,5.25,4.16,9.41,743.4966,11.53855617,Roam,1.55189725
D2_3_5,186.34,9.38161204,68.36,8.27,166.2,5.27,3.86,9.13,748.2398,9.458471464,Roam,1.32805053
D2_3_6,322.8764,9.19154378,67.9,8.26,177.1,3.95,3.82,7.77,660.4906,9.844297074,Roam,2.54088759
D2_3_7,271.2094,20.78005115,84.12,8.14,182.2,5.34,3.85,9.19,738.4146,9.986222746,Roam,2.06873179
D2_3_8,111.804,6.699732011,66.44,8.4,161.8,4.26,3.05,7.31,741.4638,9.171633134,Roam,3.15215381
D2_3_9,214.291,7.784431138,81.9,8.24,172.6,5.08,3.88,8.96,794.8248,10.44210789,Roam,3.14769871
D2_3_10,137.214,7.383461047,72.42,8.18,175.1,4.72,4.27,8.99,674.0426,11.1438941,Roam,2.69951074
D2_3_11,267.652,7.787539936,65.52,8.28,178.7,4.51,5.55,10.06,789.5734,11.39931392,Roam,2.09414755
D2_3_12,242.242,6.684225228,77.46,8.38,169.8,1.82,3.4,5.22,655.4086,10.97021653,Roam,2.58460343
D2_3_13,137.214,5.883526127,102.26,6.69,178.0,5.82,3.18,9.0,779.24,9.902919592,Roam,3.27699339
D2_3_14,212.597,6.088067388,71.52,6.89,165.5,6.28,3.75,10.03,735.0266,9.351902287,Roam,1.6355821
D2_3_15,204.974,7.290376703,77.24,6.73,163.5,5.79,4.02,9.81,682.8514,10.73172073,Roam,5.45810878
D3_1_1,12.32,8.53,140.55,8.74,128.9,,,,,,Roam,1.43685992
D3_1_2,26.18,5.17,154.65,8.67,122.7,,,,,,Roam,1.62929226
D3_1_3,18.48,8.92,151.43,8.63,115.8,,,,,,Roam,2.91605212
D3_1_4,23.1,3.49,141.54,8.75,104.2,,,,,,Roam,5.30445715
D3_1_5,23.1,6.45,148.56,8.59,153.9,,,,,,Roam,2.585736
D3_1_6,13.86,3.99,166.56,8.7,120.3,,,,,,Roam,1.54121891
D3_1_7,20.02,7.15,164.67,8.64,129.7,,,,,,Roam,1.82880064
D3_1_8,18.48,5.86,152.9,8.65,98.9,,,,,,Roam,2.99636237
D3_1_10,20.02,13.76,132.24,8.64,135.8,,,,,,Roam,2.28637726
D3_1_11,24.64,4.78,123.39,8.67,103.5,,,,,,Roam,1.3300767
D3_1_12,15.4,4.48,144.98,8.67,114.6,,,,,,Roam,1.56524699
D3_1_13,90.86,6.36,178.26,8.63,116.9,,,,,,Roam,1.17542882
D3_1_14,10.78,3.2,152.02,8.71,102.4,,,,,,Roam,2.61787657
D3_1_15,20.02,3.3,176.19,8.63,117.6,,,,,,Roam,2.85551429
D4_1_1,46.2,18.89,307.76,8.31,134.6,,,,,,Roam,2.75678141
D4_1_2,52.36,17.41,339.87,8.29,140.7,,,,,,Roam,1.33712878
D4_1_3,61.6,18.4,330.65,8.29,149.4,,,,,,Roam,0.98381214
D4_1_5,44.66,13.86,298.6,8.18,142.0,,,,,,Roam,0.90687228
D4_1_6,38.5,20.47,304.52,8.19,123.9,,,,,,Roam,1.35801261
D4_1_7,46.2,20.27,316.2,8.22,142.0,,,,,,Roam,1.15114423
D4_1_8,29.26,12.87,258.01,8.38,129.0,,,,,,Roam,1.87561201
D4_1_9,32.34,11.98,284.22,8.17,129.6,,,,,,Roam,1.17644645
D4_1_10,29.26,10.4,270.99,8.32,135.7,,,,,,Roam,2.21556408
D4_1_12,30.8,9.22,264.63,8.34,127.0,,,,,,Roam,1.08396668
D4_1_13,41.58,10.21,284.33,8.32,134.5,,,,,,Roam,1.58027404
D4_1_14,41.58,12.77,264.09,8.44,123.1,,,,,,Roam,0.91136081
D4_1_15,53.9,15.83,299.45,8.34,149.3,,,,,,Roam,0.78265525
D5_1_1,56.98,7.05,192.91,8.15,137.6,,,,,,Roam,8.19560365
D5_1_2,66.22,5.07,182.04,8.22,140.6,,,,,,Roam,3.0191563
D5_1_3,66.22,15.24,199.58,8.12,161.5,,,,,,Roam,4.93434492
D5_1_4,63.14,8.33,223.86,7.81,148.5,,,,,,Roam,4.15276071
D5_1_5,75.46,11.39,243.71,8.2,153.1,,,,,,Roam,4.0119959
D5_1_6,73.92,4.28,263.52,8.28,150.4,,,,,,Roam,4.3347593
D5_1_7,78.54,7.84,227.6,8.28,142.9,,,,,,Roam,4.52488857
D5_1_8,63.14,4.09,270.72,8.07,141.3,,,,,,Roam,5.5733946
D5_1_9,86.24,5.07,270.23,8.05,151.5,,,,,,Roam,3.71103333
D5_1_10,70.84,10.9,274.42,8.18,173.1,,,,,,Roam,3.16642247
D5_1_11,97.02,18.69,349.42,8.16,178.0,,,,,,Roam,1.07784389
D5_1_12,133.98,11.19,306.4,8.09,225.2,,,,,,Roam,2.28595972
D5_1_14,86.24,14.15,276.66,8.15,128.4,,,,,,Roam,1.55952839
D5_1_15,86.24,13.66,296.5,8.16,180.6,,,,,,Roam,6.69047406
D5_2_1,47.74,5.17,271.62,8.35,153.3,,,,,,Roam,2.74705745
D5_2_2,27.72,3.4,219.88,8.52,127.1,,,,,,Roam,9.9239627
D5_2_3,41.58,18.1,364.64,8.19,198.1,,,,,,Roam,6.81500013
D5_2_4,23.1,5.27,236.27,8.37,139.7,,,,,,Roam,5.27706666
D5_2_5,50.82,4.58,234.21,8.38,146.4,,,,,,Roam,4.01323753
D5_2_6,36.96,5.86,193.73,8.16,130.3,,,,,,Roam,7.81164254
D5_2_8,44.66,4.58,243.69,8.52,154.3,,,,,,Roam,3.25343155
D5_2_9,42.35,3.49,232.36,8.52,126.0,,,,,,Roam,7.53742623
D5_2_10,49.28,5.27,204.31,8.48,137.8,,,,,,Roam,3.86161792
D5_2_11,38.5,5.86,201.76,8.58,124.4,,,,,,Roam,8.07512872
D5_2_12,30.8,6.26,240.34,8.42,145.2,,,,,,Roam,9.41963296
D5_2_14,41.58,3.2,226.93,8.09,117.3,,,,,,Roam,5.73565318
D5_2_15,41.58,6.95,277.84,8.49,150.0,,,,,,Roam,11.4314107
D6_1_1,55.44,35.08,274.02,8.23,171.7,,,,,,Roam,6.70535024
D6_1_2,52.36,18.79,365.9,8.28,158.7,,,,,,Roam,3.06641411
D6_1_3,41.58,20.86,271.99,8.25,152.8,,,,,,Roam,3.25015117
D6_1_4,92.4,23.04,375.91,8.27,179.7,,,,,,Roam,3.41579536
D6_1_5,47.74,21.16,122.09,7.87,144.9,,,,,,Roam,1.62641927
D6_1_6,44.66,20.86,312.71,8.0,175.0,,,,,,Roam,7.1263649
D6_1_7,29.26,24.02,288.51,8.17,94.5,,,,,,Roam,2.07730225
D6_1_8,39.27,32.91,215.61,8.28,173.9,,,,,,Roam,3.01600937
D6_1_9,47.74,24.81,565.66,8.23,150.6,,,,,,Roam,8.52748965
D6_1_10,86.24,39.91,449.65,8.16,210.7,,,,,,Roam,3.07703019
D6_1_11,61.6,20.67,326.31,8.26,152.4,,,,,,Roam,1.71295371
D6_1_12,29.26,27.08,196.11,8.27,143.5,,,,,,Roam,2.47528879
D6_1_13,35.42,23.83,439.71,8.39,142.8,,,,,,Roam,3.89301585
D6_1_14,23.1,31.43,273.2,8.25,157.9,,,,,,Roam,1.62482696
D6_1_15,50.82,20.47,162.11,8.33,134.2,,,,,,Roam,3.45660386
E1_1_1,36.96,11.69,370.61,8.51,131.3,,,,,,Clay,1.07059443
E1_1_3,49.28,24.52,323.99,8.4,140.5,,,,,,Clay,5.86022787
E1_1_4,56.98,30.44,335.11,8.47,137.7,,,,,,Clay,5.03214112
E1_1_5,60.06,29.45,303.62,8.34,135.9,,,,,,Clay,2.30807107
E1_1_6,27.72,23.23,330.19,8.33,136.1,,,,,,Clay,2.02384006
E1_1_7,30.8,33.89,411.9,8.4,135.4,,,,,,Clay,10.2252121
E1_1_8,38.5,38.43,334.99,8.39,132.7,,,,,,Clay,3.69559448
E1_1_9,55.44,34.88,391.82,8.36,136.4,,,,,,Clay,3.13585735
E1_1_10,73.92,34.68,368.48,8.4,143.5,,,,,,Clay,1.68870064
E1_1_11,66.22,28.37,329.18,8.36,126.0,,,,,,Clay,2.03966979
E1_1_12,32.34,26.49,327.86,8.34,142.0,,,,,,Clay,2.79884659
E1_1_14,12.32,25.01,331.96,8.4,140.3,,,,,,Clay,11.424152
E1_1_15,43.12,20.77,332.18,8.37,144.5,,,,,,Clay,4.74767186
E1_2_1,38.5,9.51,226.3,8.01,173.1,,,,,,Roam,1.15542421
E1_2_2,38.5,9.71,185.96,8.11,142.9,,,,,,Roam,0.86616983
E1_2_3,32.34,16.62,134.68,8.33,154.1,,,,,,Roam,1.39809808
E1_2_4,52.36,11.98,174.86,8.17,163.9,,,,,,Roam,8.20584125
E1_2_5,27.72,9.51,165.02,8.28,125.5,,,,,,Roam,1.10455522
E1_2_6,58.52,10.01,198.15,8.18,188.6,,,,,,Roam,1.14393954
E1_2_7,53.9,13.66,169.56,8.23,144.0,,,,,,Roam,1.69337159
E1_2_8,35.42,6.95,162.83,8.26,148.2,,,,,,Roam,5.73956907
E1_2_9,26.18,6.75,175.07,8.32,144.0,,,,,,Roam,2.84290919
E1_2_10,33.88,14.05,146.38,8.26,157.3,,,,,,Roam,2.38185324
E1_2_11,56.98,7.54,167.49,8.25,168.6,,,,,,Roam,1.70061617
E1_2_12,69.3,11.88,199.04,8.29,172.6,,,,,,Roam,1.61072866
E1_2_13,58.52,12.28,216.66,8.22,171.5,,,,,,Roam,4.66326434
E1_2_14,53.9,6.85,155.62,8.17,147.7,,,,,,Roam,1.12318879
E1_2_15,60.06,7.24,191.52,8.31,145.2,,,,,,Roam,2.63548827
E1_2_16,40.04,11.59,174.96,8.19,149.2,,,,,,Roam,2.2543148
E1_3_1,83.16,17.31,242.13,8.19,179.1,,,,,,Clay,1.05125752
E1_3_2,70.84,18.69,287.96,7.9,165.8,,,,,,Clay,2.95721996
E1_3_3,78.54,13.36,272.88,7.99,151.7,,,,,,Clay,3.83958773
E1_3_4,69.3,15.24,299.41,8.09,141.8,,,,,,Clay,4.64433095
E1_3_5,92.4,16.72,308.41,7.87,246.4,,,,,,Clay,4.0350139
E1_3_6,78.54,19.78,320.52,8.06,160.5,,,,,,Clay,1.81668113
E1_3_7,81.62,15.83,260.44,8.0,167.8,,,,,,Clay,5.89870751
E1_3_8,83.16,12.97,278.52,7.92,198.2,,,,,,Clay,2.60062611
E1_3_9,69.3,17.11,258.35,7.94,155.7,,,,,,Clay,1.39874183
E1_3_10,69.3,20.27,283.52,8.13,157.4,,,,,,Clay,1.68013707
E1_3_11,75.46,12.97,215.44,8.16,153.0,,,,,,Clay,1.28263163
E1_3_12,77.0,15.14,269.84,8.02,143.4,,,,,,Clay,0.66807115
E1_3_13,83.16,7.84,247.54,8.0,154.9,,,,,,Clay,5.34901738
E1_3_14,80.08,18.3,282.0,7.93,202.7,,,,,,Clay,0.71922247
E1_3_15,87.78,14.84,261.5,8.16,160.9,,,,,,Clay,1.16800526
E1_3_6d,101.64,13.76,244.17,8.12,168.2,,,,,,Clay,4.31359254
E2_1_1,43.89,7.54,251.57,8.33,130.4,,,,,,Clay,7.38994552
E2_1_2,32.34,6.26,238.06,8.24,138.5,,,,,,Clay,4.26503166
E2_1_3,66.22,13.56,283.59,8.21,134.6,,,,,,Clay,4.76498164
E2_1_4,64.68,11.59,247.78,8.28,147.4,,,,,,Clay,4.1639593
E2_1_5,66.22,12.97,282.22,8.34,122.2,,,,,,Clay,1.11159356
E2_1_7,58.52,9.51,319.54,8.4,141.4,,,,,,Clay,1.32375669
E2_1_8,63.14,9.91,389.11,8.12,143.3,,,,,,Clay,0.51369813
E2_1_9,36.96,5.67,233.75,8.46,114.0,,,,,,Clay,4.71523518
E2_1_10,35.42,3.2,229.37,8.38,120.1,,,,,,Clay,4.20438344
E2_1_11,72.38,15.34,1111.74,7.97,181.1,,,,,,Clay,0.59229868
E2_1_12,67.76,21.75,307.19,8.24,156.8,,,,,,Clay,1.65755708
E2_1_13,89.32,20.17,352.32,8.15,150.7,,,,,,Clay,1.29837407
E2_1_14,77.0,11.09,501.12,8.46,150.4,,,,,,Clay,1.60175865
E2_1_15,73.92,11.88,429.79,8.34,151.0,,,,,,Clay,2.59010553
E2_2_1,36.96,25.01,296.63,8.24,189.4,,,,,,Clay,0.81161576
E2_2_2,43.12,23.33,279.35,8.12,206.3,,,,,,Clay,1.28070683
E2_2_3,61.6,26.39,270.15,7.89,196.2,,,,,,Clay,0.4774581
E2_2_4,30.8,23.04,239.37,8.11,192.8,,,,,,Clay,1.32292036
E2_2_5,73.92,37.45,345.26,7.98,226.9,,,,,,Clay,2.09092202
E2_2_6,60.06,31.23,298.73,7.97,221.7,,,,,,Clay,1.26774612
E2_2_7,56.98,24.81,233.29,8.09,235.1,,,,,,Clay,2.73258433
E2_2_8,70.84,23.73,232.05,8.13,220.6,,,,,,Clay,1.23709359
E2_2_9,27.72,30.64,185.03,8.21,184.5,,,,,,Clay,1.29825364
E2_2_10,23.1,17.9,210.78,8.18,176.1,,,,,,Clay,1.05268791
E2_2_11,40.04,24.91,222.99,8.24,204.2,,,,,,Clay,1.09382854
E2_2_12,49.28,24.62,244.39,8.12,188.1,,,,,,Clay,1.3743497
E2_2_13,56.98,20.37,238.87,8.15,188.9,,,,,,Clay,0.60128121
E2_2_14,41.58,17.71,208.75,8.25,176.7,,,,,,Clay,2.27542339
E2_2_15,41.58,32.51,194.94,8.11,198.1,,,,,,Clay,0.30751923
E3_1_1,52.36,15.73,158.68,8.21,193.8,,,,,,Clay,4.00362416
E3_1_2,64.68,15.34,232.65,8.17,183.9,,,,,,Clay,1.50549623
E3_1_3,63.14,21.36,311.48,8.04,196.4,,,,,,Clay,5.7519008
E3_1_4,55.44,21.36,234.23,8.16,194.2,,,,,,Clay,1.38968652
E3_1_5,43.12,12.77,258.85,8.34,173.3,,,,,,Clay,0.6920387
E3_1_6,53.9,17.02,228.58,8.14,191.0,,,,,,Clay,4.42900562
E3_1_7,75.46,10.3,184.99,8.11,201.7,,,,,,Clay,2.24238862
E3_1_8,41.58,12.87,201.76,8.11,183.7,,,,,,Clay,4.13709612
E3_1_9,38.5,15.34,430.87,8.06,195.8,,,,,,Clay,1.45303041
E3_1_10,72.38,15.93,302.65,8.07,203.2,,,,,,Clay,3.04831955
E3_1_11,61.6,12.18,228.5,8.14,185.1,,,,,,Clay,0.88716836
E3_1_12,73.92,21.46,181.34,8.26,183.2,,,,,,Clay,1.8003643
E3_1_13,55.44,15.73,372.14,8.15,202.9,,,,,,Clay,1.88565463
E3_1_14,64.68,15.93,189.22,8.11,185.9,,,,,,Clay,0.39901409
E3_1_15,41.58,13.96,187.32,8.11,180.8,,,,,,Clay,5.00402622
E3_2_1,40.04,8.63,232.11,8.27,179.8,,,,,,Clay,1.9901615
E3_2_2,47.74,25.9,207.68,8.17,197.0,,,,,,Clay,0.64213034
E3_2_3,41.58,11.78,216.75,8.29,176.4,,,,,,Clay,0.83160815
E3_2_4,46.2,9.61,243.2,8.19,188.4,,,,,,Clay,1.04412938
E3_2_5,41.58,17.61,262.8,8.11,225.9,,,,,,Clay,1.16820574
E3_2_6,30.8,9.81,267.12,8.35,186.1,,,,,,Clay,1.8362848
E3_2_7,69.3,13.86,219.74,8.17,194.3,,,,,,Clay,4.3610527
E3_2_8,60.06,22.05,202.2,8.24,198.7,,,,,,Clay,2.11031329
E3_2_9,30.8,10.4,215.32,8.24,233.0,,,,,,Clay,3.10096413
E3_2_10,47.74,12.97,187.05,8.29,176.8,,,,,,Clay,1.34289804
E3_2_11,50.82,12.38,210.11,8.32,196.1,,,,,,Clay,0.87478055
E3_2_12,29.26,13.96,216.06,8.45,175.5,,,,,,Clay,1.24667498
E3_2_13,38.5,9.51,227.29,8.26,407.3,,,,,,Clay,1.4128532
E3_2_14,30.8,10.01,218.09,8.29,177.6,,,,,,Clay,1.78021672
E3_2_15,32.34,10.9,199.99,8.25,180.0,,,,,,Clay,1.34587289
E4_1_1,67.76,8.82,361.11,8.51,355.2,,,,,,Roam,0.77961254
E4_1_2,35.42,9.32,323.52,7.99,291.8,,,,,,Roam,0.70075456
E4_1_3,33.88,7.24,307.85,8.09,323.7,,,,,,Roam,2.19838191
E4_1_4,67.76,15.83,329.4,8.16,382.7,,,,,,Roam,1.9980857
E4_1_6,36.19,9.12,308.8,8.59,360.4,,,,,,Roam,1.85866869
E4_1_7,69.3,7.84,330.2,8.11,231.3,,,,,,Roam,1.19227289
E4_1_8,51.59,8.63,314.36,8.07,301.4,,,,,,Roam,1.9076631
E4_1_9,80.08,10.5,327.87,8.69,352.5,,,,,,Roam,0.89108498
E4_1_10,41.58,7.15,277.06,8.09,246.6,,,,,,Roam,1.22036853
E4_1_11,69.3,7.74,305.11,8.01,252.0,,,,,,Roam,1.7132571
E4_1_12,44.66,9.81,309.37,8.55,327.2,,,,,,Roam,1.63599715
E4_1_13,44.66,7.05,292.07,8.65,337.2,,,,,,Roam,0.63264821
E4_1_14,21.56,9.81,346.02,8.12,262.5,,,,,,Roam,1.39577132
E4_1_15,30.8,7.94,286.92,8.67,330.6,,,,,,Roam,2.22277218
E4_1_16,64.68,11.19,380.98,8.23,417.1,,,,,,Roam,0.76860386
E4_2_1,46.2,25.31,382.59,8.26,166.5,,,,,,Clay,5.80382255
E4_2_2,61.6,11.49,254.4,8.12,202.2,,,,,,Clay,15.6538095
E4_2_3,77.0,34.78,562.03,8.14,249.8,,,,,,Clay,1.38006103
E4_2_4,60.06,20.17,325.4,8.24,156.0,,,,,,Clay,1.40292726
E4_2_5,64.68,29.45,405.67,8.23,162.8,,,,,,Clay,8.5226493
E4_2_6,52.36,19.78,310.91,8.18,196.5,,,,,,Clay,3.62808599
E4_2_7,50.82,20.96,294.52,8.27,141.9,,,,,,Clay,4.00244019
E4_2_8,51.59,27.97,457.07,8.28,177.1,,,,,,Clay,3.83780196
E4_2_9,41.58,17.9,334.57,8.31,160.5,,,,,,Clay,2.0471743
E4_2_10,67.76,26.89,450.41,8.05,223.1,,,,,,Clay,3.33295367
E4_2_11,33.88,15.73,360.41,8.33,168.9,,,,,,Clay,0.85418091
E4_2_12,58.52,27.87,348.64,8.24,172.7,,,,,,Clay,2.50460064
E4_2_13,54.67,27.08,203.93,8.24,182.2,,,,,,Clay,2.16205436
E4_2_14,,27.18,357.8284672,8.31,192.6,,,,,,Clay,2.32246065
E4_2_15,81.62,18.99,333.3,8.16,170.6,,,,,,Clay,3.18853951
E5_1_1,58.52,8.63,178.72,8.29,190.9,,,,,,Clay,3.25271243
E5_1_2,29.26,19.38,130.64,8.41,173.2,,,,,,Clay,7.04415637
E5_1_3,64.68,7.74,149.78,8.35,202.1,,,,,,Clay,4.24215058
E5_1_4,77.0,11.59,253.86,8.23,214.7,,,,,,Clay,2.70970801
E5_1_5,52.36,8.53,112.54,8.35,191.2,,,,,,Clay,11.2028313
E5_1_6,77.0,14.84,207.81,8.47,240.4,,,,,,Clay,2.24636839
E5_1_7,47.74,6.85,153.56,8.21,200.8,,,,,,Clay,9.36123363
E5_1_8,69.3,14.75,208.25,8.25,222.2,,,,,,Clay,4.48405712
E5_1_9,104.72,11.98,196.7,7.98,272.1,,,,,,Clay,4.47168245
E5_1_10,92.4,18.5,182.19,8.15,241.7,,,,,,Clay,1.72144927
E5_1_11,70.84,15.53,158.44,8.18,218.3,,,,,,Clay,1.23493703
E5_1_12,60.06,9.32,196.2,8.21,235.0,,,,,,Clay,9.07289648
E5_1_13,107.8,9.61,190.28,8.01,227.4,,,,,,Clay,7.2401311
E5_1_14,89.32,9.42,180.28,8.14,288.4,,,,,,Clay,4.04144274
E5_1_15,56.98,11.49,157.22,8.18,195.7,,,,,,Clay,8.14679163
E5_1_16,64.68,9.91,170.8,8.25,206.2,,,,,,Clay,5.42978468
E6_1_5,322.8764,33.13108734,109.44,7.91,99.9,10.43,5.24,15.67,1331.3146,21.42143765,Clay,2.27213762
E6_1_6,154.154,22.33567326,80.2,7.99,94.4,8.42,3.96,12.38,1185.6306,17.79658577,Clay,2.54840314
E6_1_7,269.346,27.13812507,83.34,7.94,101.9,8.64,5.31,13.95,1331.3146,17.11741235,Clay,4.32821903
E6_1_8,186.34,24.55187832,83.62,7.93,95.2,5.35,4.79,10.14,1299.298,19.35876456,Clay,1.19641036
E6_1_9,322.8764,25.21628194,79.42,7.88,96.1,6.9,3.93,10.83,1239.8386,21.35646868,Clay,3.92951746
E6_1_10,249.018,34.13037404,120.66,7.82,113.6,7.52,5.07,12.59,1375.0198,24.66934457,Clay,6.02009035
E6_1_11,272.9034,28.27172827,88.84,7.79,137.1,9.61,5.84,15.45,1322.8446,20.49548677,Clay,3.35163018
E6_1_12,189.728,24.93218446,74.28,7.74,112.3,6.73,4.0,10.73,1228.6582,21.98337708,Clay,4.18089096
E6_1_13,271.2094,22.95867439,79.42,7.75,112.8,9.66,5.78,15.44,1610.8246,20.20163551,Clay,2.5704992
E6_1_14,189.728,29.69310482,83.56,7.73,99.0,8.13,4.46,12.59,1254.407,25.05490465,Clay,3.26890852
E6_1_15,267.652,20.08072251,116.46,7.73,98.1,6.62,3.65,10.27,1221.2046,17.75370064,Clay,3.91415984
E6_2_5,135.52,3.598560576,205.15,8.08,135.8,4.25,6.72,10.97,973.8806,10.84629755,Clay,19.0540675
E6_2_6,269.346,5.397409244,90.45,8.12,121.6,3.46,3.43,6.89,659.1354,15.64720017,Clay,14.4963765
E6_2_7,243.936,9.688373951,175.65,7.99,134.0,5.13,3.86,8.99,985.908,7.678020343,Clay,5.40881632
E6_2_8,214.291,10.58687228,117.2,8.0,119.8,2.97,4.72,7.69,680.8186,11.28308497,Clay,17.4383453
E6_2_9,127.05,4.388239518,152.25,8.04,134.8,4.49,2.74,7.23,770.6006,8.089986119,Clay,8.96830379
E6_2_10,217.8484,4.599080184,153.25,8.03,133.1,5.16,3.4,8.56,892.5686,11.25447493,Clay,5.1858526
E6_2_11,162.624,4.798080768,128.3,8.05,142.8,4.88,4.76,9.64,935.935,13.62182095,Clay,16.4319692
E6_2_12,267.652,7.298832187,206.5,8.07,100.0,5.26,2.9,8.16,856.9946,10.49527037,Clay,8.67977539
E6_2_13,189.728,1.862281977,135.15,8.05,136.7,4.78,3.57,8.35,727.573,13.36082988,Clay,13.9920023
E6_2_14,267.652,3.299340132,151.3,8.06,143.1,4.46,4.2,8.66,812.9506,7.798800924,Clay,17.3927396
E6_2_15,152.46,4.397889013,170.4,8.08,130.5,3.3,2.85,6.15,868.8526,10.97259796,Clay,15.3950345
E6_2_16,217.8484,3.993769719,148.35,8.25,102.6,4.62,4.23,8.85,807.8686,10.35304584,Clay,1.5181785
E7_1_5,310.002,17.75596521,133.6,7.3,85.2,7.74,4.15,11.89,1426.6868,15.71637732,Roam,5.72107581
E7_1_6,267.652,21.58100871,98.75,6.8,85.8,15.39,3.4,18.79,801.0926,20.39067877,Roam,5.43271814
E7_1_7,201.4166,18.25837091,94.0,6.31,61.7,5.95,2.86,8.81,655.2392,10.92941945,Roam,11.2438111
E7_1_8,271.2094,19.9505227,139.1,6.02,40.3,5.7,3.72,9.42,990.8206,9.898772566,Roam,14.1728544
E7_1_9,157.542,23.72975991,92.6,5.82,87.3,17.17,3.71,20.88,923.9076,14.99542751,Roam,6.73847658
E7_1_10,272.734,22.35261246,146.5,5.75,76.4,6.2,4.2,10.4,1100.9306,12.35933007,Roam,8.81256465
E7_1_11,189.728,17.89284286,131.0,5.72,77.9,10.6,3.0,13.6,827.1802,19.45069845,Roam,6.87017432
E7_1_12,271.2094,28.11791383,122.95,5.93,67.8,5.56,3.31,8.87,799.3986,9.843350268,Roam,4.56409357
E7_1_13,206.668,18.97040617,97.1,5.97,74.2,4.94,4.37,9.31,1044.5204,11.31109896,Roam,8.08756718
E7_1_14,322.8764,23.78763043,159.6,5.83,80.5,8.11,3.23,11.34,990.8206,13.64973314,Roam,2.29500721
E7_1_15,431.97,17.78079674,80.45,5.85,213.0,12.33,6.21,18.54,3298.218,14.1268125,Roam,16.4390904
E8_1_5,277.9854,26.74864261,332.15,7.24,96.3,5.96,4.38,10.34,1565.0866,19.18611157,Clay,2.96926041
E8_1_6,306.2752,24.15844747,219.2,7.25,93.7,4.49,4.99,9.48,1791.5744,19.95640153,Clay,1.51328592
E8_1_7,329.6524,29.75120802,257.4,7.26,92.7,4.69,4.35,9.04,1644.7046,22.4594823,Clay,10.9567105
E8_1_8,247.324,25.67637773,202.7,7.34,103.2,8.75,6.46,15.21,1590.1578,24.54546837,Clay,4.66316004
E8_1_9,326.2644,30.90358083,196.1,7.36,154.1,7.56,8.87,16.43,1631.1526,20.31934071,Clay,1.58708779
E8_1_10,369.292,29.96883241,232.3,7.34,91.8,8.73,6.7,15.43,1678.0764,18.8958053,Clay,2.45889122
E8_1_11,269.346,28.73333865,333.15,7.36,128.5,1.89,14.62,16.51,1392.2986,21.9854825,Clay,7.06227158
E8_1_12,242.242,20.8716146,206.9,7.36,117.5,5.99,9.2,15.19,1468.0204,16.9260651,Clay,2.96737829
E8_1_13,271.2094,25.84211367,248.9,7.4,122.8,6.22,7.2,13.42,1519.3486,17.64359882,Clay,3.12595191
E8_1_14,323.554,22.06822176,223.25,7.4,143.1,6.83,9.24,16.07,1667.743,18.0642785,Clay,3.96478647
E8_1_15,326.2644,25.5489022,282.7,7.49,122.1,3.56,5.46,9.02,1624.3766,19.64767779,Clay,3.55238622
F1_1_6,323.554,26.90851106,119.6,7.49,329.0,5.76,7.91,13.67,2454.4366,20.05263984,Clay,5.58425242
F1_1_7,326.2644,42.54044338,175.65,7.55,395.0,5.66,17.81,23.47,2378.7148,29.04872532,Clay,0.37251712
F1_1_8,245.63,32.23552894,183.1,7.67,284.0,4.74,11.62,16.36,2185.0906,20.38913706,Clay,2.919461
F1_1_9,271.2094,14.6,121.65,7.77,172.6,4.08,7.8,11.88,1831.214,20.25423466,Clay,10.4654534
F1_1_10,225.302,11.16516469,108.95,7.78,241.0,5.52,13.6,19.12,1793.7766,21.41868134,Clay,6.8343158
F1_1_11,322.8764,23.68957659,101.3,7.71,234.0,8.39,8.81,17.2,2024.1606,20.12213495,Clay,2.67242294
F1_1_12,282.898,34.86513487,120.4,8.01,229.0,7.18,13.75,20.93,2259.6266,13.09383344,Clay,3.94672949
F1_1_13,303.9036,19.85473121,127.35,8.23,194.0,4.13,7.46,11.59,2289.2716,19.91831999,Clay,2.31724857
F1_1_14,369.292,17.5831202,143.55,7.87,196.2,4.29,10.17,14.46,2293.5066,20.63924258,Clay,4.58188453
F1_1_15,324.5704,19.33811802,189.3,7.88,248.0,4.53,9.35,13.88,2104.9644,17.56848049,Clay,3.55414971
F1_2_5,193.116,7.288629738,106.35,7.83,53.5,5.37,2.75,8.12,518.1946,11.78788404,Clay,5.46914739
F1_2_6,267.652,9.395865819,110.7,7.85,43.0,5.73,3.27,9.0,902.7326,12.74811653,Clay,2.91730113
F1_2_7,189.728,8.09255485,94.95,7.86,48.5,11.54,2.75,14.29,784.1526,10.26873685,Clay,6.51534097
F1_2_8,299.838,6.776958342,90.25,7.78,37.3,6.8,3.12,9.92,658.7966,11.92738562,Clay,4.61811753
F1_2_9,215.985,8.091908092,88.75,7.74,48.1,14.76,3.62,18.38,790.9286,11.12265879,Clay,5.35252904
F1_2_10,188.034,6.190095847,140.55,7.24,64.4,5.42,3.4,8.82,910.1862,9.794693672,Clay,4.52771354
F1_2_11,181.5968,10.28601103,123.5,7.33,50.4,7.19,4.15,11.34,851.9126,21.33362977,Clay,3.44456462
F1_2_12,189.728,9.073505364,120.5,7.09,82.5,6.52,3.08,9.6,908.3228,13.85909914,Clay,8.89802932
F1_2_13,215.985,6.388245628,116.25,7.35,84.9,7.28,5.36,12.64,946.7766,15.0945036,Clay,5.69708347
F1_2_14,189.728,8.477619086,106.25,7.41,125.5,6.57,4.79,11.36,853.6066,20.00511842,Clay,4.25619949
F1_2_15,214.291,11.99328376,111.95,7.42,70.3,2.91,5.89,8.8,1087.548,9.782519462,Clay,4.47511946
F1_3_5,248.6792,7.976708013,155.05,7.75,121.4,0.4,5.7,6.1,967.1046,11.33579833,Clay,3.49588824
F1_3_6,269.346,9.079661558,157.65,7.62,125.8,9.11,6.63,15.74,1044.351,7.839439052,Clay,0.77031341
F1_3_8,215.985,9.571286142,149.1,7.6,119.9,9.74,6.59,16.33,977.2686,7.01009677,Clay,5.16608004
F1_3_9,271.2094,6.699732011,149.35,7.48,128.8,8.11,4.61,12.72,1039.269,12.36586042,Clay,2.52852792
F1_3_10,267.652,9.292565947,141.0,7.52,133.4,5.08,5.98,11.06,984.0446,12.83356886,Clay,3.58456848
F1_3_11,271.2094,6.982125758,136.5,7.9,127.3,3.25,6.7,9.95,1009.9628,9.148594713,Clay,1.27443951
F1_3_12,265.958,8.981318857,177.7,7.92,142.0,2.93,9.82,12.75,1036.5586,7.572311062,Clay,3.52095429
F1_3_13,322.8764,6.993006993,148.4,7.95,125.2,11.06,8.61,19.67,868.8526,9.73204726,Clay,1.10890514
F1_3_15,267.652,7.089507529,136.75,7.98,151.2,5.01,6.6,11.61,853.6066,8.767434967,Clay,4.31210979
F1_4_5,284.9308,15.36067667,172.1,8.03,143.4,4.01,13.53,17.54,1832.7386,8.774499816,Clay,0.03287184
F1_4_6,326.2644,15.79115695,261.45,7.96,161.0,6.83,6.81,13.64,1879.493,16.71033203,Clay,1.12070081
F1_4_7,326.2644,17.54805775,159.8,7.05,148.1,10.34,8.86,19.2,1976.7286,20.22031623,Clay,0.0778711
F1_4_8,324.5704,21.46994208,197.2,8.02,151.2,5.28,18.29,23.57,2018.9092,22.96283641,Clay,0.96500381
F1_4_9,326.2644,18.85249172,169.65,7.92,140.8,8.52,11.3,19.82,1988.5866,22.85575236,Clay,1.15279307
F1_4_10,272.9034,18.36693951,157.15,8.01,262.0,7.58,6.89,14.47,1853.5748,22.78199421,Clay,0.75182725
F1_4_11,324.5704,18.38088388,200.05,8.03,155.2,8.53,8.92,17.45,1824.2686,13.73628257,Clay,2.0575597
F1_4_12,274.5974,16.99048533,173.85,7.99,199.4,5.91,8.18,14.09,1925.9086,18.73322228,Clay,1.94481763
F1_4_13,271.2094,17.57539445,150.65,8.03,141.4,9.04,7.85,16.89,1871.7006,21.73737738,Clay,0.06863557
F1_4_14,274.5974,17.67454865,178.1,7.97,152.6,4.1,8.15,12.25,1857.1322,21.4183144,Clay,0.10296875
F1_4_15,326.2644,19.07710747,161.25,8.02,161.5,10.12,7.85,17.97,1983.5046,16.50564474,Clay,3.77758759
F1_5_5,217.8484,7.594228386,143.65,8.23,143.7,6.11,5.22,11.33,940.0006,8.471472558,Clay,1.21353812
F1_5_6,94.864,6.882930333,154.45,8.24,132.7,4.71,4.85,9.56,743.4966,14.61125295,Clay,3.55637864
F1_5_7,199.892,6.480558325,143.4,8.11,152.2,5.45,5.07,10.52,801.6008,10.84687596,Clay,3.22682961
F1_5_8,186.34,5.787730012,133.35,8.17,134.0,1.86,4.38,6.24,745.1906,6.887348405,Clay,4.34331092
F1_5_9,217.8484,8.096761295,111.25,8.17,184.3,2.26,9.33,11.59,791.4368,7.883318778,Clay,4.14791374
F1_5_10,121.968,7.385229541,149.6,8.05,144.7,7.32,4.73,12.05,729.9446,6.492218611,Clay,1.60019752
F1_5_11,267.652,6.090498822,152.05,8.21,139.4,4.02,4.39,8.41,896.2954,6.125047528,Clay,2.5223805
F1_5_12,313.39,17.36249701,158.6,8.19,136.0,2.78,16.42,19.2,1968.2586,8.266350641,Clay,4.05911244
F1_5_13,267.652,5.893634874,116.95,8.2,140.0,0.5,3.07,3.57,734.5184,22.76870287,Clay,1.60911948
F1_5_14,121.968,7.696921232,160.65,8.16,137.2,11.29,17.38,28.67,848.5246,5.896817694,Clay,2.80896524
F1_5_15,269.346,5.687033563,134.8,8.19,88.5,0.4,3.45,3.85,720.797,7.237378694,Clay,4.53753096
F2_1_1,52.36,11.98,222.66,8.13,146.8,,,,,,Clay,1.15822226
F2_1_2,73.92,21.46,245.97,7.99,170.9,,,,,,Clay,0.31699041
F2_1_3,56.98,22.74,202.46,8.17,155.1,,,,,,Clay,0.58068853
F2_1_4,95.48,9.02,206.59,7.82,158.4,,,,,,Clay,1.21502361
F2_1_5,69.3,10.5,280.42,7.65,201.9,,,,,,Clay,1.04061422
F2_1_6,78.54,10.99,231.18,8.21,158.2,,,,,,Clay,1.38413235
F2_1_7,81.62,17.61,371.63,8.01,207.9,,,,,,Clay,1.26157138
F2_1_9,60.06,14.15,273.91,8.01,130.2,,,,,,Clay,1.06534349
F2_1_10,55.44,12.28,248.53,7.36,175.8,,,,,,Clay,0.96941772
F2_1_11,60.06,16.62,261.06,7.59,182.3,,,,,,Clay,0.62665565
F2_1_12,87.78,18.5,249.36,8.08,198.2,,,,,,Clay,0.97909089
F2_1_13,73.92,10.8,249.58,8.13,164.4,,,,,,Clay,0.79429077
F2_1_14,61.6,13.86,280.2,7.74,186.9,,,,,,Clay,0.53259075
F2_1_15,72.38,9.61,214.32,8.25,161.8,,,,,,Clay,1.11614516
F2_2_1,75.46,37.94,145.59,6.54,80.2,,,,,,Clay,0.24418115
F2_2_2,63.14,19.29,218.79,7.85,215.4,,,,,,Clay,0.41063438
F2_2_3,70.84,14.15,178.57,7.88,203.3,,,,,,Clay,0.91336053
F2_2_4,60.06,19.68,238.44,7.91,214.4,,,,,,Clay,0.68842933
F2_2_5,55.44,41.29,214.76,7.75,205.0,,,,,,Clay,0.31659446
F2_2_6,67.76,18.5,203.14,7.85,216.5,,,,,,Clay,0.34725309
F2_2_7,80.08,28.17,200.46,7.82,235.5,,,,,,Clay,0.24002017
F2_2_8,69.3,10.4,200.81,7.86,233.1,,,,,,Clay,0.26030367
F2_2_9,75.46,7.24,166.99,8.46,346.7,,,,,,Clay,0.28407186
F2_2_10,80.08,10.01,266.82,7.74,279.6,,,,,,Clay,0.17065082
F2_2_11,80.08,22.94,203.13,7.84,223.9,,,,,,Clay,0.27594621
F2_2_12,43.12,22.05,160.23,7.83,187.9,,,,,,Clay,0.76254405
F2_2_13,58.52,21.75,167.69,7.91,158.5,,,,,,Clay,1.38188463
F2_2_14,90.86,21.16,212.3,7.86,202.3,,,,,,Clay,0.22675427
F2_2_15,52.36,24.71,156.97,7.87,187.5,,,,,,Clay,0.22300009
F2_2,58.52,20.77,166.13,8.13,176.8,,,,,,Clay,0.38701702
F3_1_1,64.68,4.28,271.04,8.55,330.0,,,,,,Clay,2.79903081
F3_1_3,66.22,5.47,236.74,8.55,255.3,,,,,,Clay,2.83157092
F3_1_4,69.3,4.58,235.61,8.63,310.2,,,,,,Clay,1.83802981
F3_1_5,69.3,2.31,268.94,8.6,245.9,,,,,,Clay,3.08526052
F3_1_6,72.38,11.69,241.7,8.74,250.4,,,,,,Clay,3.13560921
F3_1_7,77.0,21.0,258.21,8.36,234.7,,,,,,Clay,1.30642734
F3_1_8,69.3,9.61,232.35,8.61,251.1,,,,,,Clay,2.76826235
F3_1_9,64.68,9.81,275.01,8.63,267.6,,,,,,Clay,1.93863401
F3_1_10,49.28,7.74,278.02,8.63,279.3,,,,,,Clay,2.03827289
F3_1_11,64.68,8.63,303.21,8.66,242.0,,,,,,Clay,2.37441388
F3_1_12,38.5,10.01,304.25,8.66,237.4,,,,,,Clay,3.06643302
F3_1_13,55.44,11.39,310.88,8.62,257.0,,,,,,Clay,3.58628838
F3_1_14,89.32,11.69,260.07,8.67,261.1,,,,,,Clay,2.12582359
F3_1_15,70.84,6.55,279.88,8.66,264.5,,,,,,Clay,3.09878616
F3_2_1,73.92,25.21,219.4,7.5,158.4,,,,,,Roam,0.32694968
F3_2_2,58.52,22.15,183.02,7.77,183.3,,,,,,Roam,0.77883597
F3_2_3,100.1,46.03,199.22,5.9,240.9,,,,,,Roam,1.32611427
F3_2_4,61.6,47.51,161.66,6.94,193.8,,,,,,Roam,0.68683292
F3_2_5,64.68,21.26,122.87,6.77,198.3,,,,,,Roam,0.82421603
F3_2_6,77.0,26.39,161.31,6.34,106.0,,,,,,Roam,0.39913993
F3_2_7,106.26,14.75,176.65,6.81,180.3,,,,,,Roam,0.72582831
F3_2_8,60.06,29.55,115.83,7.86,89.7,,,,,,Roam,1.19959218
F3_2_9,207.9,40.7,138.92,7.72,451.1,,,,,,Roam,0.19181638
F3_2_11,123.2,74.16,166.01,7.8,250.4,,,,,,Roam,0.42642752
F3_2_12,50.82,33.99,104.23,7.49,145.6,,,,,,Roam,0.79715535
F3_2_14,81.62,34.09,146.25,8.08,151.3,,,,,,Roam,0.56533891
F3_2_15,97.02,38.73,198.62,8.01,142.1,,,,,,Roam,0.08896571
F4_1_5,272.9034,7.692307692,128.05,6.87,66.6,8.54,3.16,11.7,1245.937,15.92741216,Roam,1.34620929
F4_1_6,249.018,5.38986705,274.0,6.8,99.2,9.4,12.89,22.29,1375.3586,14.47410363,Roam,1.15578807
F4_1_7,271.2094,7.776980139,220.8,6.46,79.4,11.05,9.88,20.93,1457.687,19.11743499,Roam,0.15492265
F4_1_8,186.34,5.0,159.1,6.21,69.3,9.0,12.7,21.7,1302.5166,16.87132349,Roam,1.24257502
F4_1_9,272.9034,6.49740104,121.1,6.41,66.7,7.89,4.46,12.35,1257.9644,14.97209862,Roam,1.23118989
F4_1_10,254.1,4.8,143.3,6.34,92.4,5.01,10.51,15.52,1277.1066,13.31495033,Roam,1.24302666
F4_1_11,322.8764,6.5828845,118.45,6.33,64.3,11.18,5.23,16.41,1123.6302,12.33440205,Roam,1.15685076
F4_1_12,242.242,3.095171532,126.6,6.4,93.3,3.06,21.45,24.51,863.7706,11.64217957,Roam,3.80345308
F4_1_13,326.2644,4.793863854,241.9,6.38,64.4,9.23,3.31,12.54,1566.103,10.14804311,Roam,0.95282115
F4_1_14,260.876,5.495383878,243.45,6.41,109.7,6.09,25.2,31.29,1353.3366,15.50284924,Roam,1.10200971
F4_1_15,269.346,10.08749151,242.05,6.46,84.8,8.6,7.45,16.05,1414.6594,15.09703668,Roam,0.57206052
F4_2_1,189.728,12.29115037,215.55,6.36,174.0,1.48,6.9,8.38,1322.8446,17.4558258,Roam,1.93645899
F4_2_5,179.564,9.182003274,234.8,7.38,188.3,5.91,32.48,38.39,1338.0906,19.61250094,Roam,1.22373487
F4_2_6,326.2644,7.389064185,198.1,7.65,173.8,0.48,10.11,10.59,1243.2266,24.11098421,Roam,0.92634659
F4_2_7,186.34,13.96480868,291.95,7.7,149.7,6.23,7.54,13.77,1365.1946,20.66194277,Roam,0.7998467
F4_2_8,303.226,5.887518461,194.5,7.85,167.4,5.05,8.72,13.77,1146.1604,28.4882313,Roam,0.83589292
F4_2_9,267.652,28.0427927,260.15,7.94,155.2,5.37,4.23,9.6,1233.0626,23.33354336,Roam,2.6395929
F4_2_10,249.018,7.778841551,200.85,7.96,155.2,6.79,9.89,16.68,1204.6034,19.15109821,Roam,1.05706905
F4_2_11,271.2094,11.97174668,222.3,8.03,183.6,6.93,86.14,93.07,1139.8926,14.31569412,Roam,0.89443681
F4_2_12,269.1766,7.583619382,228.7,8.04,181.7,6.84,5.85,12.69,1164.9638,27.83384615,Roam,1.02997322
F4_2_13,188.034,6.579734418,198.9,8.07,152.3,5.07,6.01,11.08,1244.9206,17.89541071,Roam,1.1408148
F4_2_14,322.8764,17.67525464,247.25,8.04,136.3,7.86,10.6,18.46,1478.862,19.60148465,Roam,0.64833324
F4_2_15,189.728,8.587976832,224.35,8.02,186.5,8.63,8.89,17.52,1280.4946,17.16101828,Roam,0.80313876
F5_1_1,58.52,19.98,224.19,7.81,194.1,,,,,,Clay,3.2548662
F5_1_2,50.82,18.99,226.32,7.57,259.5,,,,,,Clay,3.9336417
F5_1_3,66.22,15.63,253.04,7.39,233.9,,,,,,Clay,3.99739359
F5_1_4,30.8,33.79,195.7,7.48,107.4,,,,,,Clay,2.68835069
F5_1_5,78.54,29.75,290.31,6.84,308.3,,,,,,Clay,1.77071839
F5_1_7,69.3,31.52,318.92,7.8,291.2,,,,,,Clay,1.70532101
F5_1_8,75.46,21.56,252.81,7.71,202.7,,,,,,Clay,2.43857391
F5_1_9,35.42,33.7,188.61,7.74,97.8,,,,,,Clay,3.783397
F5_1_10,23.1,43.96,160.88,7.74,213.0,,,,,,Clay,5.12343352
F5_1_11,58.52,53.63,212.82,7.29,275.9,,,,,,Clay,6.29487138
F5_1_12,53.9,25.31,190.43,7.79,133.4,,,,,,Clay,2.22585837
F5_1_13,50.82,23.63,199.49,7.55,122.2,,,,,,Clay,4.6313798
F5_1_14,66.22,26.1,207.95,7.52,109.5,,,,,,Clay,1.75665674
F5_1_15,58.52,11.78,216.68,7.5,106.8,,,,,,Clay,4.65193397
F5_2_1,40.04,39.62,157.66,6.98,206.9,,,,,,Clay,1.36996597
F5_2_2,77.0,38.24,147.48,6.09,82.3,,,,,,Clay,1.52726623
F5_2_3,92.4,40.9,223.68,7.51,243.8,,,,,,Clay,1.37714565
F5_2_5,141.68,53.83,141.31,6.55,130.0,,,,,,Clay,1.48435879
F5_2_6,84.7,33.7,209.9,7.78,180.6,,,,,,Clay,1.34088368
F5_2_7,130.9,19.98,207.34,7.71,238.9,,,,,,Clay,3.50396672
F5_2_8,113.96,45.83,229.59,7.56,232.4,,,,,,Clay,1.99401213
F5_2_9,107.8,61.73,204.17,5.89,358.8,,,,,,Clay,3.29688957
F5_2_10,146.3,43.56,170.1,5.01,210.2,,,,,,Clay,1.92668551
F5_2_11,12.32,24.42,122.47,4.98,171.9,,,,,,Clay,0.54937416
F5_2_12,58.52,18.0,120.92,5.81,55.0,,,,,,Clay,0.81659843
F5_2_13,50.82,3.99,147.67,8.15,112.3,,,,,,Clay,1.23965206
F5_2_14,47.74,8.82,229.7,7.18,122.8,,,,,,Clay,0.77244784
F5_2_15,104.72,32.12,188.36,7.33,178.2,,,,,,Clay,2.57503698
F5_3_1,83.16,12.48,253.29,7.16,249.5,,,,,,Clay,1.45946923
F5_3_2,133.98,12.28,170.27,7.01,301.2,,,,,,Clay,1.1787195
F5_3_3,61.6,6.65,149.24,6.87,175.8,,,,,,Clay,0.792637
F5_3_4,83.16,19.48,252.28,7.36,196.2,,,,,,Clay,0.95999203
F5_3_5,77.0,14.65,237.05,6.15,221.6,,,,,,Clay,0.75855956
F5_3_6,117.04,15.53,243.38,7.68,230.4,,,,,,Clay,1.83846591
F5_3_7,100.1,8.43,256.83,6.86,257.8,,,,,,Clay,1.03012658
F5_3_8,72.38,6.26,178.06,7.18,186.1,,,,,,Clay,1.31395388
F5_3_9,93.94,14.35,213.44,7.27,226.7,,,,,,Clay,1.33649103
F5_3_10,123.2,18.69,227.05,7.18,321.2,,,,,,Clay,0.8363071
F5_3_11,169.4,40.8,261.17,7.08,409.6,,,,,,Clay,1.66914979
F5_3_12,132.44,28.66,233.97,7.12,359.6,,,,,,Clay,1.21967141
F5_3_13,58.52,7.84,195.75,7.23,189.8,,,,,,Clay,3.60910528
F5_3_14,66.22,4.48,146.23,7.27,64.0,,,,,,Clay,1.39494103
F5_3_15,101.64,24.32,226.92,7.28,216.3,,,,,,Clay,0.63941215
F6_1_1,44.66,13.26,242.09,7.77,138.0,,,,,,Clay,4.92524006
F6_1_2,30.8,13.36,242.19,7.53,164.4,,,,,,Clay,2.48386359
F6_1_3,27.72,7.74,264.65,7.89,180.4,,,,,,Clay,3.04334446
F6_1_4,24.64,10.5,300.16,8.14,133.1,,,,,,Clay,3.013275
F6_1_5,61.6,13.46,201.19,8.44,141.4,,,,,,Clay,2.91520684
F6_1_6,35.42,8.63,265.15,7.08,137.7,,,,,,Clay,1.51109573
F6_1_7,35.42,8.82,203.55,8.11,140.0,,,,,,Clay,4.63084877
F6_1_8,33.88,7.05,357.66,8.61,148.4,,,,,,Clay,3.20522347
F6_1_9,52.36,16.92,361.99,6.69,356.3,,,,,,Clay,4.65176224
F6_1_10,51.59,22.98,260.91,7.66,138.0,,,,,,Clay,1.42070151
F6_1_11,50.82,9.81,265.53,6.81,369.3,,,,,,Clay,1.4892505
F6_1_12,53.9,9.91,251.81,6.84,147.1,,,,,,Clay,2.20822973
F6_1_13,84.7,14.15,300.81,8.52,209.6,,,,,,Clay,3.72312783
F6_1_14,56.98,8.63,269.6,7.07,176.8,,,,,,Clay,4.27225963
F6_1_15,43.12,8.82,251.24,6.45,168.2,,,,,,Clay,3.86092665
Z1_1_5,271.2094,4.884564775,630.35,8.35,211.0,6.79,3.68,10.47,1609.1306,17.35702007,Clay,3.77168863
Z1_1_6,259.182,4.386314698,708.75,8.37,248.0,5.93,4.68,10.61,2313.8346,12.49282317,Clay,5.03223922
Z1_1_7,150.766,6.593933581,275.65,8.42,150.3,9.08,4.41,13.49,2938.0736,31.26298605,Clay,0.76094019
Z1_1_9,267.652,4.090836526,344.4,8.53,138.5,4.58,3.26,7.84,1190.5432,16.56395299,Clay,4.43764244
Z1_1_11,303.9036,2.698488846,653.3,8.4,240.0,7.35,6.43,13.78,1913.8812,13.68448,Clay,3.0814277
Z1_1_12,187.5258,3.69792916,285.75,8.48,155.2,7.17,5.37,12.54,1036.5586,28.65331065,Clay,2.33566698
Z1_1_13,327.9584,3.192083633,605.05,8.35,236.0,9.99,4.93,14.92,1913.8812,13.91681314,Clay,1.91269051
Z1_1_14,245.63,4.387014437,249.55,8.46,149.0,5.66,3.84,9.5,1075.5206,21.90071425,Clay,2.92627147
Z1_1_15,271.2094,7.191657677,299.4,8.43,150.3,3.83,5.18,9.01,1183.9366,12.97814335,Clay,2.9354537
Z1_2_6,167.0284,3.89672675,260.45,8.37,141.8,5.82,5.51,11.33,1197.4886,18.07746327,Clay,2.75958693
Z1_2_7,267.652,3.623844899,216.1,8.19,148.1,6.79,3.96,10.75,1414.6594,18.92454342,Clay,5.6682473
Z1_2_8,186.34,2.796308872,258.1,8.2,148.5,2.8,5.77,8.57,1617.6006,18.21609145,Clay,1.02735104
Z1_2_9,259.182,2.790846025,360.25,8.22,153.6,6.31,9.31,15.62,1564.409,18.72637671,Clay,2.1969899
Z1_2_10,186.34,2.896292745,280.2,8.23,147.6,6.28,6.53,12.81,1497.3266,1.437934318,Clay,0.80757404
Z1_2_11,250.712,2.99198149,256.8,8.33,152.4,6.57,6.11,12.68,1411.102,16.31453895,Clay,6.07724915
Z1_2_12,189.728,2.598337064,238.7,8.38,156.3,6.89,17.97,24.86,1427.8726,17.92276205,Clay,2.85721262
Z1_2_13,193.116,2.693535515,224.6,8.39,155.4,5.96,6.57,12.53,1378.4078,17.14272251,Clay,2.41929069
Z1_2_14,271.2094,3.497761433,303.5,8.21,161.3,9.87,8.08,17.95,1490.5506,17.4216404,Clay,3.22872605
Z1_2_15,276.2914,7.091490212,374.4,8.16,181.4,2.43,7.68,10.11,1721.104,20.02654386,Clay,4.90295357
Z1_3_1,217.8484,1.597763132,196.3,8.27,167.4,1.68,14.52,16.2,557.1566,19.37272599,Clay,3.4702404
Z1_3_2,255.794,1.794401467,200.85,8.24,143.2,5.33,3.86,9.19,512.435,8.130945385,Clay,4.13733194
Z1_3_3,269.346,28.97450244,905.3,8.19,175.4,5.58,7.9,13.48,1107.7066,7.874000551,Clay,1.26805424
Z1_3_4,272.734,16.06786427,498.5,8.29,163.9,4.31,6.8,11.11,1046.2144,17.21825096,Clay,1.7833545
Z1_3_5,326.2644,33.76893258,559.9,8.33,184.9,5.33,7.48,12.81,1294.0466,15.0922976,Clay,2.24106387
Z1_3_6,267.652,11.46788991,343.1,8.34,181.6,4.63,9.02,13.65,1040.963,17.58667904,Clay,1.73955472
Z1_3_7,271.2094,20.43460925,627.4,8.33,172.4,6.26,5.56,11.82,1077.2146,14.09503315,Clay,1.31875441
Z1_3_8,135.52,13.75762651,595.35,8.38,162.7,1.64,4.16,5.8,1128.7122,14.09086933,Clay,9.19573539
Z1_3_9,271.2094,8.298340332,543.4,8.47,170.6,5.41,3.65,9.06,989.1266,10.61814609,Clay,3.23435605
Z1_3_10,189.8974,13.09842819,740.85,8.32,169.4,4.06,4.06,8.12,1027.2416,13.96904236,Clay,4.99914053
Z1_3_11,162.624,14.87916916,427.6,8.34,162.4,5.25,4.49,9.74,1023.0066,15.61879202,Clay,4.34578113
Z1_3_12,206.668,20.06869284,479.65,8.26,179.8,4.68,5.52,10.2,1316.4074,15.50190041,Clay,1.33003317
Z1_3_13,321.013,8.381560567,217.45,8.29,163.3,7.37,5.31,12.68,1255.0846,21.79431674,Clay,0.88871221
Z1_3_14,189.728,23.95018362,730.9,8.17,186.3,5.98,5.21,11.19,1195.7946,15.90812458,Clay,4.43006247
Z1_3_15,162.624,24.57542458,343.9,8.18,168.8,6.22,4.58,10.8,943.3886,20.13932322,Clay,1.68499488
Z1_4_5,186.34,16.75710182,217.15,8.23,156.9,4.25,3.48,7.73,974.05,12.80265864,Clay,7.97781793
Z1_4_6,267.652,11.99904008,227.35,8.27,148.1,5.99,3.53,9.52,1004.3726,13.83756468,Clay,12.7339757
Z1_4_7,133.826,16.17605943,235.5,8.33,157.0,6.19,3.61,9.8,1125.3242,12.90354478,Clay,6.8835105
Z1_4_8,221.2364,17.94902477,231.05,8.35,153.7,1.04,3.78,4.82,1033.1706,12.67239311,Clay,10.7015336
Z1_4_9,326.2644,9.183836448,187.3,7.43,152.8,4.91,3.68,8.59,1086.1928,13.91975447,Clay,10.283748
Z1_4_10,267.652,11.2891624,191.5,7.33,142.1,5.39,3.39,8.78,978.9626,11.27751984,Clay,6.90396357
Z1_4_11,217.8484,10.88476133,185.75,7.73,131.9,5.41,3.7,9.11,972.1866,12.35185767,Clay,7.26325114
Z1_4_12,214.291,10.89477051,189.7,7.8,137.5,5.04,3.84,8.88,921.3666,10.89975843,Clay,10.0816608
Z1_4_13,271.2094,11.57915752,228.6,7.92,141.3,5.18,3.35,8.53,1065.0178,11.4922862,Clay,8.33662316
Z1_4_14,267.652,6.389266033,371.55,7.68,135.4,5.86,3.65,9.51,904.4266,11.96997516,Clay,6.40584489
Z1_4_15,326.2644,12.47953356,221.1,8.07,137.5,5.0,3.71,8.71,977.2686,12.13460662,Clay,5.79162483
Z2_1_1,92.4,32.31,224.76,5.93,105.0,,,,,,Roam,2.64029263
Z2_1_2,101.64,31.43,189.92,6.31,125.6,,,,,,Roam,2.55695422
Z2_1_3,70.84,51.86,178.69,6.23,81.0,,,,,,Roam,7.277125
Z2_1_4,92.4,28.27,192.77,6.43,44.3,,,,,,Roam,2.3879476
Z2_1_5,52.36,42.87,189.25,7.03,89.8,,,,,,Roam,4.49168083
Z2_1_6,80.08,54.03,166.71,6.31,87.8,,,,,,Roam,9.31398302
Z2_1_7,69.3,59.89,177.86,6.36,74.0,,,,,,Roam,3.77270793
Z2_1_8,73.92,46.33,161.92,6.46,45.6,,,,,,Roam,3.92452716
Z2_1_9,72.38,44.75,167.55,6.31,55.1,,,,,,Roam,6.69884866
Z2_1_11,100.1,110.23,147.86,6.31,128.7,,,,,,Roam,4.87256559
Z2_1_12,64.68,28.27,155.87,6.25,53.8,,,,,,Roam,6.05389804
Z2_1_13,78.54,31.23,188.17,6.04,82.8,,,,,,Roam,6.48388236
Z2_1_14,80.08,75.29,196.92,6.01,61.7,,,,,,Roam,2.56001131
Z2_1_15,93.94,30.93,230.66,6.26,75.1,,,,,,Roam,2.40498741
Z2_2_1,78.54,42.78,260.76,7.88,205.1,,,,,,Clay,5.63495169
Z2_2_2,85.47,37.64,226.39,6.98,98.0,,,,,,Clay,1.76170416
Z2_2_3,123.2,36.75,241.74,7.03,156.2,,,,,,Clay,4.56397242
Z2_2_4,78.54,28.66,215.9,7.82,88.3,,,,,,Clay,6.43509256
Z2_2_5,56.98,23.92,166.78,7.72,122.8,,,,,,Clay,1.85754761
Z2_2_6,115.5,54.03,263.88,7.21,120.0,,,,,,Clay,3.58190384
Z2_2_7,90.86,49.29,225.35,7.64,59.8,,,,,,Clay,0.9807831
Z2_2_8,85.47,46.03,197.68,6.81,46.5,,,,,,Clay,3.61625811
Z2_2_9,89.32,41.89,189.21,8.02,64.5,,,,,,Clay,2.33399683
Z2_2_10,56.98,26.1,194.28,7.29,109.7,,,,,,Clay,4.79724562
Z2_2_11,87.78,40.11,206.25,7.39,56.1,,,,,,Clay,2.4589621
Z2_2_12,77.0,33.89,199.68,7.23,71.5,,,,,,Clay,17.2384501
Z2_2_13,80.08,30.24,185.97,7.92,78.9,,,,,,Clay,4.82400501
Z2_2_14,74.69,26.79,270.54,7.64,138.7,,,,,,Clay,3.64202562
Z2_2_15,86.24,33.6,190.7,7.35,62.2,,,,,,Clay,5.29607306
Z2_2_6d,73.92,11.88,262.55,7.46,118.5,,,,,,Clay,4.47882912
Z3_1_2,73.92,36.06,257.18,6.59,85.7,,,,,,Clay,2.16890205
Z3_1_3,41.58,41.89,209.73,6.64,56.5,,,,,,Clay,0.28204086
Z3_1_4,81.62,31.52,201.18,6.81,59.4,,,,,,Clay,5.55467997
Z3_1_6,87.78,32.02,202.19,6.21,55.8,,,,,,Clay,8.44901465
Z3_1_7,50.82,35.87,217.35,6.34,65.7,,,,,,Clay,0.93154375
Z3_1_8,69.3,32.61,226.71,6.51,64.6,,,,,,Clay,2.2964122
Z3_1_9,63.14,36.26,214.95,7.13,100.3,,,,,,Clay,4.32220766
Z3_1_10,43.12,34.09,198.75,6.48,60.7,,,,,,Clay,2.42808477
Z3_1_11,72.38,42.18,259.35,6.46,83.3,,,,,,Clay,0.67625082
Z3_1_12,92.4,38.73,230.2,6.53,64.5,,,,,,Clay,4.16623362
Z3_1_13,67.76,34.68,203.92,6.37,63.2,,,,,,Clay,3.81847994
Z3_1_14,80.08,35.27,245.35,6.34,61.2,,,,,,Clay,0.40412149
Z3_1_15,83.16,28.56,255.77,6.61,82.4,,,,,,Clay,1.13317022
Z4_1_1,47.74,18.4,186.33,7.42,46.6,,,,,,Clay,3.48835599
Z4_1_2,50.82,19.19,198.74,8.26,63.3,,,,,,Clay,2.58192239
Z4_1_3,55.44,18.4,208.92,6.85,62.7,,,,,,Clay,2.12363249
Z4_1_4,47.74,20.08,197.01,6.62,67.8,,,,,,Clay,2.90168475
Z4_1_5,58.52,29.16,252.7,7.01,81.8,,,,,,Clay,1.40017472
Z4_1_6,109.34,39.72,265.93,6.71,193.5,,,,,,Clay,1.33575237
Z4_1_7,70.84,26.0,227.54,7.09,105.2,,,,,,Clay,1.59424114
Z4_1_8,73.92,24.22,240.11,7.19,69.6,,,,,,Clay,3.03017868
Z4_1_9,109.34,20.47,235.12,6.95,62.6,,,,,,Clay,3.38708705
Z4_1_10,64.68,21.75,254.59,7.26,95.9,,,,,,Clay,3.35651713
Z4_1_11,55.44,28.86,276.79,6.86,70.4,,,,,,Clay,3.1457217
Z4_1_12,63.14,28.56,326.41,6.91,78.2,,,,,,Clay,3.32929454
Z4_1_13,64.68,26.19,345.99,7.36,156.1,,,,,,Clay,3.35077816
Z4_1_14,77.0,39.32,360.92,7.05,88.1,,,,,,Clay,1.76770967
Z4_1_15,63.14,23.04,236.03,7.72,56.9,,,,,,Clay,2.30053466
Z4_2_1,113.96,48.01,244.11,7.03,84.4,,,,,,Clay,8.83438572
Z4_2_2,132.44,46.03,256.04,5.99,89.0,,,,,,Clay,7.57861514
Z4_2_3,117.04,22.25,234.38,5.95,60.7,,,,,,Clay,9.50189452
Z4_2_4,154.0,43.37,406.88,5.87,119.8,,,,,,Clay,8.90982755
Z4_2_5,95.48,44.45,238.57,6.37,77.2,,,,,,Clay,7.86681404
Z4_2_7,130.9,37.54,276.22,6.64,98.6,,,,,,Clay,4.65992306
Z4_2_8,83.16,29.75,229.04,6.56,51.1,,,,,,Clay,4.8743872
Z4_2_9,123.2,26.49,196.56,5.91,58.6,,,,,,Clay,4.06466604
Z4_2_10,107.8,27.28,202.28,7.02,88.5,,,,,,Clay,5.86137101
Z4_2_11,152.46,26.29,200.24,5.68,196.9,,,,,,Clay,4.28750387
Z4_2_12,124.74,25.21,233.61,5.68,80.3,,,,,,Clay,6.58626243
Z4_2_13,118.58,16.92,205.41,5.82,79.1,,,,,,Clay,6.6878715
Z4_2_14,220.22,33.2,302.01,6.13,334.3,,,,,,Clay,6.27146262
Z4_2_15,195.58,24.02,249.79,5.69,234.3,,,,,,Clay,4.97515499
Z4_3_1,80.08,61.23,178.02,6.42,85.0,,,,,,Clay,5.44516964
Z4_3_2,73.92,60.54,294.07,6.31,78.8,,,,,,Clay,3.57716573
Z4_3_3,72.38,49.39,210.33,6.32,67.6,,,,,,Clay,2.05164089
Z4_3_4,81.62,54.32,185.39,6.45,100.8,,,,,,Clay,5.24770949
Z4_3_5,60.06,63.7,328.08,5.94,69.4,,,,,,Clay,3.47571454
Z4_3_6,89.32,61.43,186.55,6.22,61.0,,,,,,Clay,5.53866163
Z4_3_7,100.1,65.18,185.0,5.84,88.6,,,,,,Clay,4.03692243
Z4_3_8,98.56,65.97,260.8,5.98,81.9,,,,,,Clay,1.62501424
Z4_3_9,83.16,68.73,249.71,6.01,69.9,,,,,,Clay,1.50392927
Z4_3_10,92.4,64.29,44.88,5.99,58.0,,,,,,Clay,2.44388853
Z4_3_11,70.84,36.66,186.39,6.11,59.8,,,,,,Clay,4.6709736
Z4_3_12,69.3,47.02,184.72,6.01,64.6,,,,,,Clay,2.35781673
Z4_3_13,67.76,41.59,340.5,6.43,65.2,,,,,,Clay,2.61926825
Z4_3_14,67.76,34.68,181.64,6.02,56.1,,,,,,Clay,5.11287029
Z4_3_15,35.42,39.72,249.97,6.15,52.1,,,,,,Clay,4.20922259
