SampleN,pH,EC,NH4_N,NO3_N,N.N,TN,OM,SoilTypenum,AN_x,AP_x,AK_x
A1_1_5,7.41,40.8,12.7,6.27,18.97,518.0252,24.04463387,1,213.444,3.998880314,6.85
A1_1_6,7.49,32.4,19.11,10.14,29.25,511.7574,11.7435038,1,147.378,4.997800968,39.0
A1_1_7,7.29,39.7,15.34,4.91,20.25,770.9394,12.94439194,1,214.291,1.699932003,47.2
A1_1_8,7.29,58.5,13.64,2.64,16.28,550.7194,15.10423057,1,149.072,3.1,45.35
A1_1_9,7.2,36.7,13.77,7.64,21.41,466.0194,20.22424341,1,214.291,2.5,15.65
A1_1_10,7.29,33.6,14.85,4.13,18.98,466.0194,16.14685532,1,145.684,0.99980004,5.15
A1_1_11,7.43,36.7,16.11,10.09,26.2,1013.1814,14.57079863,1,162.624,3.788936306,15.2
A1_1_12,7.45,40.4,7.9,30.92,38.82,401.6474,19.50590767,1,145.684,1.295388417,32.25
A1_1_13,7.19,34.7,10.85,4.59,15.44,537.1674,7.50428229,1,214.291,1.196172249,3.45
A1_1_14,7.55,34.3,9.66,6.0,15.66,469.4074,14.23104576,1,198.198,4.587155963,17.05
A1_1_15,7.41,67.9,10.48,7.62,18.1,660.8294,10.98089172,1,162.624,13.19894408,18.4
A1_2_5,7.64,126.1,11.59,3.67,15.26,1108.0454,16.2129361,1,204.974,2.595742982,91.35
A1_2_7,7.56,117.5,6.37,7.32,13.69,1365.5334,15.65251127,1,238.5152,2.395783421,102.05
A1_2_8,7.35,110.4,12.67,4.75,17.42,1407.8834,16.69288612,1,199.892,2.896755634,107.2
A1_2_9,6.43,113.9,11.79,4.54,16.33,1285.9154,19.77992177,1,243.5972,4.28867789,105.75
A1_2_10,6.61,108.3,9.92,4.57,14.49,1202.9094,14.68620925,1,199.892,1.59987201,71.6
A1_2_11,7.79,101.7,10.34,4.54,14.88,1407.8834,16.93315078,1,269.346,3.093935886,119.75
A1_2_12,7.74,99.4,9.04,10.03,19.07,1202.9094,19.8529862,1,188.034,4.18810578,88.7
A1_2_13,7.68,115.6,19.24,36.68,55.92,1362.1454,18.09457885,1,248.6792,3.494548504,99.85
A1_2_14,7.52,103.4,10.82,19.28,30.1,1174.6196,13.78232563,1,198.198,3.197442046,91.2
A1_2_15,7.53,106.7,11.25,5.24,16.49,1255.4234,15.24709245,1,322.8764,4.495324862,110.85
A1_3_3,7.16,163.7,14.28,9.38,23.66,1645.0434,20.3549195,2,296.45,69.93286445,304.85
A1_3_5,7.72,127.1,10.74,3.55,14.29,1895.7554,17.60837472,2,289.674,90.7061122,337.5
A1_3_6,7.85,171.9,9.77,2.4,12.17,1401.1074,22.85919555,2,267.652,66.71194024,167.3
A1_3_7,7.58,133.1,10.0,3.0,13.0,39.1314,21.06854335,2,201.586,76.78157242,287.55
A1_3_8,7.72,258.0,13.35,6.55,19.9,1929.6354,18.52905843,2,291.8762,68.21445668,288.0
A1_3_9,7.45,143.5,9.61,3.8,13.41,1939.7994,30.19613615,2,389.62,62.36507556,313.45
A1_3_10,7.2,105.4,7.56,2.17,9.73,1506.1354,28.71426599,2,269.346,45.59635229,166.05
A1_3_11,7.55,93.8,6.99,2.14,9.13,56.0714,19.81139936,2,338.8,74.59104907,187.35
A1_3_12,7.25,82.5,9.89,4.33,14.22,1563.7314,23.91538836,2,271.2094,47.08699122,156.35
A1_3_13,7.35,106.5,7.72,3.58,11.3,1628.1034,18.12926257,2,335.412,64.12817644,234.4
A1_3_14,7.32,102.4,4.92,2.75,7.67,1919.4714,19.23032221,2,339.9858,31.25374446,308.3
A1_3_15,7.32,108.7,5.84,2.11,7.95,1927.9414,21.74025856,2,291.368,82.91376968,280.45
A1_4_1,7.62,209.0,10.09,2.36,12.45,1616.2454,0.000132594,1,271.2094,6.584460673,600.65
A1_4_2,7.75,160.6,11.5,4.07,15.57,1392.6374,17.63887421,1,233.9414,4.991813426,96.0
A1_4_3,8.45,103.9,9.49,5.09,14.58,1476.321,15.11195437,1,267.652,17.4657671,237.5
A1_4_5,8.18,173.8,8.51,4.58,13.09,1356.5552,17.42160706,1,253.0836,6.882930333,127.6
A1_4_6,8.13,173.8,10.26,3.66,13.92,1353.6754,13.96065728,1,188.034,7.986901482,89.8
A1_4_7,8.13,193.7,11.62,5.16,16.78,1576.9446,17.57099279,1,267.652,14.66656024,142.7
A1_4_8,8.12,290.0,12.52,4.39,16.91,1492.5834,19.25879471,1,201.586,11.99616123,153.45
A1_4_9,8.09,162.4,10.78,6.94,17.72,1456.3318,10.3516305,1,269.346,17.87926006,115.95
A1_4_10,8.04,183.1,11.17,6.28,17.45,1643.3494,20.45310694,1,201.586,21.26003114,189.35
A1_4_11,8.06,166.7,10.89,10.64,21.53,139.4162,20.41606922,1,271.2094,31.48866408,269.05
A1_4_12,8.02,170.3,12.27,9.18,21.45,2052.9586,23.88336692,1,337.106,38.09333865,362.75
A1_4_13,7.98,134.7,10.53,4.98,15.51,1521.7202,23.05771903,1,257.3186,10.57884232,159.0
A1_4_14,7.96,195.1,12.33,7.45,19.78,1487.5014,22.0191582,1,198.198,20.07029596,174.4
A1_4_15,7.95,164.6,19.73,5.11,24.84,1421.9436,21.46341989,1,267.652,12.77904237,202.1
A2_1_1,7.91,70.4,18.18,3.65,21.83,845.4754,19.32002012,1,138.908,15.07226703,89.55
A2_1_3,6.47,78.3,16.06,3.21,19.27,750.6114,43.38137108,1,191.422,5.489241087,48.95
A2_1_4,6.93,52.7,12.02,2.59,14.61,637.1134,19.69522294,1,137.214,4.583682092,36.45
A2_1_5,6.85,81.8,17.27,3.32,20.59,711.6494,14.48701617,1,186.34,11.19015267,45.0
A2_1_6,6.88,60.1,14.26,3.06,17.32,833.1092,11.06666858,1,267.652,7.691078349,51.8
A2_1_7,6.83,67.3,12.8,3.0,15.8,806.5134,11.49531616,1,245.63,14.36380322,24.5
A2_1_8,6.8,75.4,13.88,5.75,19.63,857.164,13.98410743,1,214.291,5.09144637,57.95
A2_1_9,6.8,69.6,15.13,4.82,19.95,1016.5694,12.75181537,1,298.144,6.98379759,78.35
A2_1_10,6.27,132.7,22.12,7.43,29.55,1093.1382,15.86054634,1,271.2094,59.38574742,87.45
A2_1_11,6.13,68.1,15.37,3.23,18.6,850.5574,17.40661612,1,162.624,8.27682489,46.6
A2_1_12,5.75,237.0,19.11,4.71,23.82,1051.8046,14.58856067,1,267.652,13.75982132,46.3
A2_1_14,6.44,69.3,16.45,3.94,20.39,1092.7994,11.54757844,1,186.34,15.8695305,64.4
A2_1_15,6.56,68.0,13.94,6.0,19.94,1106.8596,15.36635683,1,267.652,8.074162679,68.65
A2_2_5,6.53,40.2,14.3,3.86,18.16,1108.0454,8.535753887,1,214.291,7.985944737,145.15
A2_2_6,6.4,50.5,14.99,3.75,18.74,1304.8882,16.87691165,1,189.728,6.78913738,69.55
A2_2_7,6.47,39.5,17.43,3.2,20.63,901.3774,17.9749401,1,215.985,5.083529365,111.55
A2_2_8,6.71,40.5,14.12,4.96,19.08,994.8862,13.14539441,1,140.602,7.972256547,49.75
A2_2_9,6.46,54.1,10.51,4.16,14.67,1272.3634,13.09895267,1,214.291,18.38823153,100.95
A2_2_10,6.5,55.4,11.11,3.26,14.37,1544.081,19.21836539,1,186.34,20.56709265,78.9
A2_2_11,6.53,46.7,11.69,4.24,15.93,1141.9254,19.21327004,1,217.8484,6.989097009,77.05
A2_2_12,6.55,45.3,9.03,4.07,13.1,981.1648,19.72822132,1,121.968,6.592352871,107.5
A2_2_13,5.93,44.6,12.19,4.38,16.57,1165.6414,14.26015713,1,162.624,5.387286005,153.55
A2_2_14,5.41,52.2,11.34,4.91,16.25,1213.5816,17.10848448,1,259.182,16.56025539,93.0
A2_2_15,6.03,53.7,9.18,6.65,15.83,1131.7614,18.83665147,1,217.8484,12.09032774,88.1
A2_3_1,5.72,83.5,7.69,3.31,11.0,1289.3034,14.89564517,2,249.018,27.02433187,193.2
A2_3_4,6.14,86.6,7.64,6.96,14.6,1034.5258,22.18889714,2,226.996,31.29360175,93.25
A2_3_5,6.43,72.7,5.85,5.34,11.19,786.5242,11.81728636,2,137.214,15.08129919,86.05
A2_3_6,6.49,161.2,6.35,3.92,10.27,543.9434,17.88801228,2,214.291,19.27378765,86.75
A2_3_7,6.44,108.0,8.08,6.36,14.44,1225.609,28.42837072,2,186.34,28.94558231,171.4
A2_3_8,6.4,75.7,7.95,3.11,11.06,808.2074,29.42315858,2,267.652,30.13370585,66.15
A2_3_9,7.04,104.9,9.94,6.3,16.24,1117.193,23.98251014,2,250.712,32.8934253,134.15
A2_3_10,7.12,136.5,8.82,16.02,24.84,1284.2214,16.39467303,2,326.2644,36.8763991,216.55
A2_3_11,6.96,97.3,5.79,4.94,10.73,960.498,22.77921955,2,118.4106,31.86431197,66.95
A2_3_12,6.61,72.6,8.05,3.32,11.37,972.5254,19.58504446,2,254.1,25.34019713,103.9
A2_3_13,7.15,112.4,3.79,4.04,7.83,963.886,18.0954457,2,257.488,25.61597959,109.45
A2_3_14,6.88,77.8,6.83,2.28,9.11,716.7314,11.73857435,2,265.958,20.94219953,92.15
A2_3_15,7.48,71.9,6.76,4.15,10.91,1263.5546,14.43862685,2,306.614,24.8136485,169.9
A3_1_4,7.51,87.7,8.59,4.52,13.11,482.9594,6.427038458,1,214.291,9.880239521,44.85
A3_1_5,7.4,64.3,8.99,3.49,12.48,1136.8434,5.89449533,1,264.264,15.87586868,100.85
A3_1_6,7.29,61.5,12.54,5.36,17.9,969.1374,20.20698812,1,250.712,18.99088438,27.7
A3_1_7,6.54,67.4,12.23,8.83,21.06,893.4156,12.25137784,1,214.291,32.91048348,47.55
A3_1_8,6.7,97.2,9.11,9.21,18.32,984.5528,15.96725198,1,137.214,26.78607124,51.0
A3_1_9,6.81,51.0,10.19,3.06,13.25,899.6834,13.66507303,1,267.652,15.77035174,79.3
A3_1_10,6.83,45.7,8.45,3.05,11.5,1039.6078,15.70167215,1,186.34,22.2386214,42.55
A3_1_11,6.77,73.2,8.06,20.26,28.32,1031.8154,13.86666835,1,400.8004,14.8554337,54.25
A3_1_12,6.78,45.9,8.14,2.55,10.69,1082.8048,18.95200876,1,304.92,28.41815571,64.55
A3_1_13,6.73,51.5,7.78,3.55,11.33,964.0554,14.80065732,1,274.5974,12.95956615,97.65
A3_1_14,6.68,48.3,10.87,2.98,13.85,1034.5258,15.49655811,1,237.16,19.95450373,55.3
A3_1_15,6.68,47.3,9.26,4.56,13.82,962.3614,18.17965286,1,271.2094,14.36323013,77.85
A3_2_1,7.6,98.7,6.62,3.28,9.9,843.4426,12.71744873,1,186.34,13.35512677,49.35
A3_2_2,7.72,78.0,5.36,3.59,8.95,594.7634,10.73553763,1,267.652,8.295354601,27.95
A3_2_5,7.11,124.0,7.01,3.03,10.04,853.776,17.54027515,1,264.6028,14.27316645,112.65
A3_2_6,7.18,53.7,7.88,3.07,10.95,770.9394,13.79929272,1,150.766,16.77115362,54.25
A3_2_7,7.76,71.6,7.24,3.29,10.53,975.9134,12.95630804,1,265.958,13.06863528,42.05
A3_2_8,7.57,76.5,6.58,3.9,10.48,1379.0854,11.98005742,1,138.908,23.02907046,45.25
A3_2_9,7.58,77.9,8.2,2.81,11.01,1031.1378,17.41581722,1,267.652,17.64635508,193.5
A3_2_10,7.58,77.8,9.78,2.79,12.57,1246.9534,14.20336944,1,189.728,33.15888299,193.8
A3_2_11,7.51,68.9,7.35,2.74,10.09,1068.914,20.49919834,1,207.515,10.96272673,46.25
A3_2_12,7.59,98.2,8.09,3.35,11.44,1008.0994,15.17410437,1,189.728,21.47251518,130.0
A3_2_13,7.47,99.3,7.68,3.29,10.97,788.3876,17.49210245,1,250.712,19.09923603,33.35
A3_2_14,7.38,92.6,5.83,2.78,8.61,786.1854,12.77247216,1,264.264,20.18223963,52.55
A3_2_15,7.46,119.1,7.28,5.39,12.67,1411.6102,11.71169815,1,182.952,38.36010549,174.4
A3_3_2,7.34,95.7,6.95,3.1,10.05,306.7834,7.703385124,2,212.597,7.394084732,26.25
A3_3_5,7.11,61.9,7.42,6.39,13.81,837.0054,6.704714157,2,267.652,9.384984026,14.45
A3_3_6,7.05,59.4,8.11,3.9,12.01,1105.1656,12.45459568,2,138.908,8.673632158,33.85
A3_3_7,6.95,63.7,9.36,3.62,12.98,840.3934,12.95890665,2,267.652,8.484727491,25.85
A3_3_8,6.8,55.6,8.18,3.93,12.11,893.4156,14.03915285,2,264.264,9.790992287,125.85
A3_3_9,6.88,50.5,7.86,4.48,12.34,800.415,15.72222004,2,186.34,10.47527834,51.9
A3_3_10,6.55,46.0,10.04,4.24,14.28,726.8954,10.46210943,2,215.985,8.178409,27.7
A3_3_11,6.58,72.2,6.84,6.71,13.55,1032.8318,10.69262655,2,121.968,12.1649649,26.25
A3_3_12,6.98,82.0,8.92,10.91,19.83,1157.1714,14.3857066,2,250.712,16.35225143,164.8
A3_3_13,6.94,63.1,8.65,8.16,16.81,853.776,16.72474277,2,259.182,13.66501756,95.75
A3_3_14,7.66,52.0,8.69,9.28,17.97,786.1854,13.42417165,2,215.985,11.96458483,31.2
A3_3_15,7.63,54.8,7.51,5.76,13.27,607.4684,10.51522544,2,206.668,8.692003357,23.25
A5_1_1,7.22,140.6,7.47,7.18,14.65,537.1674,8.497559839,1,267.652,3.396331961,150.0
A5_1_2,8.56,143.1,8.86,4.67,13.53,713.3434,7.202042343,1,204.974,4.192453584,272.0
A5_1_3,8.61,139.3,4.22,5.75,9.97,586.2934,6.808230642,1,137.214,5.886343683,59.95
A5_1_4,8.56,137.7,6.33,2.78,9.11,604.9274,8.565623469,1,189.728,3.295518095,121.3
A5_1_5,8.55,141.3,5.11,2.73,7.84,698.775,9.428654349,1,159.236,4.58752194,123.55
A5_1_6,8.53,159.3,6.28,2.7,8.98,477.8774,7.125658535,1,242.242,6.183921803,76.9
A5_1_7,8.42,170.5,5.41,4.29,9.7,705.7204,7.340348422,1,224.6244,8.684368137,181.85
A5_1_8,8.5,313.0,8.67,3.59,12.26,464.3254,11.07705951,1,93.17,4.997001799,122.4
A5_1_9,8.58,163.2,6.46,3.12,9.58,585.1076,8.580995475,1,211.75,2.798432878,96.3
A5_1_10,8.59,152.8,10.82,4.12,14.94,655.7474,7.329031794,1,135.52,4.487793202,144.6
A5_1_11,8.51,144.9,7.07,2.81,9.88,621.698,11.3489326,1,264.264,3.998240774,92.0
A5_1_12,8.15,136.4,6.66,2.44,9.1,469.4074,8.505673494,1,186.34,5.69703754,121.1
A5_1_13,7.99,136.0,7.65,2.88,10.53,549.0254,7.82519954,1,214.291,4.99660231,107.8
A5_1_14,8.4,147.2,9.1,4.17,13.27,728.0812,9.826781409,1,215.985,7.086677047,112.05
A5_1_15,8.37,146.3,6.41,2.18,8.59,547.3314,8.663718103,1,214.291,5.194597618,88.0
A5_1_16,8.44,148.1,12.44,3.3,15.74,581.2114,8.861857924,1,1609.3,8.177756502,118.4
A5_1_13d,8.5,141.4,8.14,3.54,11.68,352.5214,9.486922015,1,189.728,5.193767479,105.5
A5_1_14d,8.36,148.5,8.9,2.47,11.37,494.8174,8.42058443,1,186.34,6.288680375,111.15
A5_2_1,8.6,137.8,6.83,3.42,10.25,519.7192,8.572617545,1,215.985,7.689542223,110.1
A5_2_2,8.69,144.6,6.41,2.49,8.9,580.0256,6.654230434,1,214.291,0.074306875,129.4
A5_2_3,8.59,149.8,8.43,4.84,13.27,1552.7204,7.871402589,1,271.2094,4.29313099,137.65
A5_2_4,8.65,130.8,4.11,2.1,6.21,536.998,8.910171991,1,210.903,3.390912355,100.9
A5_2_5,8.67,137.3,6.03,2.28,8.31,488.0414,6.698436949,1,86.394,4.893736018,85.3
A5_2_6,8.65,163.0,7.79,5.18,12.97,631.6926,8.827839276,1,210.903,3.99664282,112.15
A5_2_7,8.62,150.4,5.7,3.3,9.0,521.9214,7.934138105,1,137.214,6.78507284,135.75
A5_2_8,8.72,144.8,7.94,5.18,13.12,623.0532,8.853461848,1,267.652,9.083286752,177.65
A5_2_9,8.24,135.6,5.19,2.51,7.7,430.4454,8.52568814,1,265.958,4.090346782,76.7
A5_2_10,8.28,139.6,6.66,2.33,8.99,511.0798,7.379355104,1,186.34,7.278455771,114.35
A5_2_11,8.44,139.3,7.09,3.08,10.17,547.3314,6.375273235,1,264.264,9.29925606,106.5
A5_2_12,8.38,194.9,6.84,2.59,9.43,660.8294,8.392344044,1,121.968,7.483834917,215.75
A5_2_13,8.21,128.2,5.98,2.58,8.56,515.1454,15.88932467,1,214.291,11.57037983,125.15
A5_2_14,8.44,144.5,5.94,2.68,8.62,710.8024,6.862655859,1,72.842,5.588153115,159.35
A5_2_15,8.46,141.9,5.73,2.45,8.18,543.9434,9.273551763,1,214.291,8.076416863,164.2
A5_2_16,8.43,158.2,6.35,2.9,9.25,710.8024,3.908998703,1,79.618,5.982769623,151.95
A5_3_4,8.21,151.8,8.44,3.26,11.7,349.1334,5.650161739,1,214.291,6.389776358,111.9
A5_3_5,8.32,138.5,6.44,2.81,9.25,459.4128,11.4797051,1,137.214,4.883591134,68.7
A5_3_6,8.36,134.6,6.95,2.05,9.0,571.0474,7.880014987,1,215.985,3.798784389,56.0
A5_3_7,7.54,148.4,6.86,2.33,9.19,380.303,4.45459656,1,133.826,4.286625728,71.6
A5_3_8,7.76,145.8,6.39,2.42,8.81,391.4834,5.431900454,1,162.624,3.985969388,103.35
A5_3_9,8.05,145.8,9.42,3.21,12.63,505.9978,11.11113303,1,188.034,3.895481242,83.95
A5_3_10,8.24,163.3,8.3,3.02,11.32,410.1174,9.885187243,1,210.903,6.287676155,116.55
A5_3_11,8.31,193.6,6.55,2.57,9.12,456.0248,9.931931084,1,199.892,6.989934494,117.75
A5_3_12,8.25,166.7,6.03,3.23,9.26,491.4294,9.443460629,1,212.597,9.393236869,99.55
A5_3_13,8.24,174.6,4.83,2.3,7.13,521.4132,10.56041027,1,121.968,4.991215461,98.65
A5_3_14,8.07,176.7,5.58,2.37,7.95,443.9974,7.14859887,1,264.264,6.78751098,92.25
A5_3_15,8.38,166.7,8.46,3.24,11.7,438.746,10.62587961,1,76.23,6.59287969,104.6
B3_1_6,8.05,169.1,5.41,16.15,21.56,962.192,13.97975887,0,160.93,15.95405233,71.95
B3_1_7,8.07,170.6,5.84,6.55,12.39,842.0874,15.25277996,0,215.985,14.28571429,93.5
B3_1_8,8.22,174.9,7.02,3.88,10.9,896.8036,13.29796061,0,186.34,15.48699093,77.45
B3_1_9,8.24,170.0,6.26,4.96,11.22,835.3114,14.43097696,0,267.652,13.6835797,74.75
B3_1_10,8.29,168.0,6.89,7.77,14.66,988.1102,15.00234779,0,137.214,12.49600128,104.45
B3_1_11,8.26,162.7,8.81,8.62,17.43,908.1534,12.07103942,0,267.652,15.28838083,90.5
B3_1_12,8.3,170.4,6.67,5.27,11.94,981.1648,15.46039677,0,189.728,14.6642193,222.0
B3_1_13,8.15,182.1,8.21,15.35,23.56,1023.3454,13.85695547,0,269.346,21.67225951,89.35
B3_1_14,8.3,172.1,8.04,10.35,18.39,1062.138,14.1096346,0,191.422,14.58133589,80.85
B3_2_5,8.54,139.2,4.67,3.74,8.41,387.079,8.044870189,2,66.066,10.28149331,90.35
B3_2_6,8.57,162.3,5.21,3.78,8.99,350.8274,6.241831991,2,231.231,4.709274387,100.05
B3_2_7,8.43,140.2,4.53,5.01,9.54,450.7734,6.12941889,2,191.422,13.59564939,131.25
B3_2_8,8.41,134.3,5.62,3.68,9.3,352.5214,6.79613555,2,164.318,15.36987504,133.65
B3_2_9,8.43,129.9,4.61,5.6,10.21,461.1068,7.618124956,2,186.34,7.291250499,73.3
B3_2_10,8.49,137.4,3.99,2.18,6.17,260.029,9.026573724,2,214.291,8.289389581,106.15
B3_2_11,8.44,153.6,3.41,2.96,6.37,409.4398,5.961716074,2,121.968,13.97261368,116.45
B3_2_13,8.59,150.6,4.63,3.18,7.81,354.2154,7.166447692,2,72.842,12.39107842,195.75
B3_2_14,8.22,164.4,5.75,8.17,13.92,524.8012,9.448563601,2,264.264,11.77409699,158.55
B3_2_15,8.26,154.1,6.55,5.66,12.21,410.1174,7.242499848,2,147.378,11.6813099,138.05
B3_3_5,8.41,140.9,6.96,4.57,11.53,869.1914,11.97083727,0,267.652,11.46468876,86.25
B3_3_6,8.41,135.1,5.32,5.65,10.97,794.6554,13.24207662,0,189.728,8.777879743,80.75
B3_3_7,8.42,151.5,6.45,7.28,13.73,913.913,9.714067926,0,215.985,9.291823196,96.4
B3_3_8,8.43,135.7,6.85,3.6,10.45,784.4914,16.52444645,0,189.728,7.280778744,91.5
B3_3_9,8.43,138.3,6.26,4.07,10.33,901.8856,9.993027018,0,217.8484,8.699652014,80.5
B3_3_10,8.4,131.8,6.95,4.65,11.6,731.9774,11.64173271,0,135.52,7.279036375,88.25
B3_3_11,8.51,153.4,6.43,9.22,15.65,907.137,10.93437289,0,269.6848,10.58729525,80.0
B3_3_13,8.5,138.0,5.97,7.2,13.17,905.443,13.55490032,0,245.2912,13.76860757,114.6
B3_3_15,8.4,143.7,4.92,9.15,14.07,853.9454,13.93032048,0,269.346,8.887912439,78.36
C1_1_1,8.34,81.1,6.78,3.75,10.53,958.804,17.02983758,1,189.728,10.07903561,40.9
C1_1_2,8.3,67.5,6.86,2.21,9.07,547.3314,21.93226378,1,269.346,9.287369178,75.62
C1_1_3,8.05,92.1,8.52,5.64,14.16,67.9294,12.94467896,1,217.8484,7.278455771,45.04
C1_1_4,7.95,67.6,8.01,2.2,10.21,875.6286,23.75945399,1,189.728,13.28405913,54.4
C1_1_5,6.93,97.1,6.81,3.1,9.91,1295.7406,18.17195528,1,242.242,13.65684437,143.74
C1_1_6,6.62,90.0,7.4,11.89,19.29,1114.4826,27.46349352,1,221.2364,17.64072716,75.52
C1_1_7,5.63,95.6,7.31,3.61,10.92,975.5746,17.72789844,1,127.05,9.394363382,46.34
C1_1_8,6.67,119.2,6.34,19.51,25.85,1270.3306,15.5185608,1,269.346,5.18817097,33.94
C1_1_9,7.03,95.4,11.42,5.12,16.54,1437.0202,16.85063835,1,293.062,11.96983601,47.92
C1_1_10,7.04,94.0,11.23,9.39,20.62,1217.8166,22.41530504,1,217.3402,6.183428412,48.82
C1_1_11,7.1,63.6,9.38,2.38,11.76,460.768,18.47470819,1,242.242,9.286627257,40.54
C1_1_12,6.98,78.5,8.35,2.87,11.22,917.9786,10.57943146,1,215.985,10.18207954,38.62
C1_1_13,7.04,79.8,9.6,5.71,15.31,918.6562,17.20417501,1,203.28,7.399408047,56.1
C1_1_14,7.04,82.7,9.77,3.2,12.97,746.8846,14.01921613,1,212.597,5.28878777,33.52
C1_1_15,7.08,94.9,9.74,3.25,12.99,1523.0754,15.08569296,1,193.116,11.16872756,48.02
C1_2_1,7.35,57.7,11.39,2.65,14.04,555.4626,8.645324271,2,215.985,12.77955272,58.66
C1_2_2,7.46,48.3,10.14,2.34,12.48,259.0126,10.43225103,2,250.712,10.59788042,68.88
C1_2_3,7.05,55.9,9.98,2.87,12.85,729.267,9.992453437,2,267.652,16.04992424,68.94
C1_2_4,6.97,53.5,13.89,3.32,17.21,659.3048,7.287894915,2,189.728,19.64891283,56.68
C1_2_5,7.03,54.1,10.21,2.83,13.04,419.4344,8.470173596,2,265.958,9.795298257,56.78
C1_2_6,7.04,112.2,10.89,3.07,13.96,387.7566,8.921219652,2,186.34,8.6909614,53.38
C1_2_7,7.13,55.3,10.34,3.61,13.95,514.129,8.620452845,2,214.291,17.88998161,54.98
C1_2_8,6.97,65.5,15.07,4.98,20.05,364.0406,7.541469773,2,121.968,11.17987622,59.94
C1_2_9,6.91,57.5,8.72,4.11,12.83,734.5184,9.9500539,2,277.9854,28.22661081,57.52
C1_2_10,6.79,53.9,12.26,3.94,16.2,491.0906,12.60559248,2,137.214,8.675015954,55.62
C1_2_11,6.75,78.3,11.23,2.89,14.12,536.4898,8.845692743,2,222.9304,13.45801101,59.36
C1_2_12,6.77,44.7,8.34,4.03,12.37,665.5726,8.903386794,2,271.04,7.885490697,59.46
C1_2_13,6.92,125.6,15.3,3.78,19.08,577.8234,8.962350995,2,271.2094,17.47483624,55.28
C1_2_14,6.71,50.1,9.75,6.43,16.18,499.5606,7.060577424,2,242.242,17.46506986,44.64
C1_2_15,6.81,48.1,10.44,2.25,12.69,581.2114,8.876562507,2,217.3402,3.191828918,57.18
C1_3_1,6.78,39.8,9.9,6.06,15.96,1101.2694,11.35207818,1,243.936,16.3496431,37.7
C1_3_2,6.88,29.1,7.96,2.04,10.0,868.8526,6.214813539,1,271.2094,5.447908911,46.2
C1_3_3,6.09,39.1,10.64,6.83,17.47,1373.3258,9.018804733,1,301.532,8.174495574,64.82
C1_3_4,6.01,46.2,8.93,4.06,12.99,1029.7826,18.92910924,1,271.2094,12.45714741,47.84
C1_3_5,5.88,39.2,10.54,6.56,17.1,1082.2966,8.028049867,1,196.504,20.33249611,36.72
C1_3_6,5.7,52.3,10.27,4.95,15.22,973.8806,18.47997216,1,271.2094,9.477632787,47.6
C1_3_7,5.72,36.7,12.07,14.66,26.73,1033.1706,15.06727186,1,186.5094,16.58341658,61.6
C1_3_8,5.57,49.8,10.16,8.66,18.82,687.5946,17.56417669,1,271.2094,9.893272575,47.0
C1_3_9,5.57,45.5,11.61,4.99,16.6,978.9626,22.28930055,1,247.324,9.080386365,42.72
C1_3_10,5.56,47.5,9.17,7.2,16.37,1027.2416,13.47079554,1,271.04,16.37118671,50.42
C1_3_11,5.53,49.2,9.88,8.59,18.47,1343.1726,16.6600621,1,242.242,15.38523018,48.2
C1_3_12,5.48,43.2,11.65,4.49,16.14,1118.3788,23.89051346,1,267.652,2.095724722,45.74
C1_3_13,5.47,39.3,10.41,4.09,14.5,1097.5426,17.63785651,1,320.166,8.088998961,40.94
C1_3_14,5.56,55.0,11.72,5.74,17.46,1502.4086,19.27045848,1,272.9034,14.76574348,67.96
C1_3_15,5.5,54.6,9.97,5.87,15.84,1399.0746,20.11437133,1,304.92,13.0822082,40.54
C3_1_1,6.42,112.2,6.13,12.82,18.95,1306.074,13.35510535,1,252.406,12.27740957,157.2
C3_1_2,6.66,109.5,7.26,4.6,11.86,989.296,17.77425111,1,217.8484,4.091326388,69.78
C3_1_3,6.79,93.0,6.46,4.71,11.17,1087.3786,18.12481799,1,186.34,6.485990261,67.8
C3_1_4,7.28,113.9,6.52,4.17,10.69,1154.6304,24.45526484,1,219.5424,4.591734877,63.86
C3_1_5,7.25,96.8,6.36,3.54,9.9,897.6506,23.2580247,1,303.226,4.697369473,60.3
C3_1_6,7.31,113.0,5.7,3.91,9.61,1114.9908,21.33816644,1,267.652,6.380094106,70.6
C3_1_7,7.34,111.9,8.31,7.17,15.48,1373.6646,20.0905699,1,252.406,15.57507987,112.56
C3_1_8,7.35,103.7,6.6,4.21,10.81,1199.352,27.49123678,1,267.652,6.090498822,81.84
C3_1_9,7.44,94.9,8.64,5.3,13.94,1243.2266,19.669179,1,72.842,7.382871738,98.14
C3_1_10,7.49,95.4,7.54,4.6,12.14,1137.3516,21.10001634,1,269.346,8.177756502,73.34
C3_1_11,7.46,99.9,5.92,3.71,9.63,1024.7006,21.25499205,1,127.05,6.187130768,70.82
C3_1_12,7.11,102.4,7.56,5.81,13.37,1144.297,20.13551848,1,267.652,7.294456213,89.38
C3_1_13,7.19,109.9,6.94,3.67,10.61,995.9026,18.57291796,1,279.51,1.694442229,69.1
C3_1_14,7.3,100.9,6.98,3.5,10.48,996.2414,19.08401512,1,322.8764,2.194732642,69.72
C3_1_15,7.38,89.3,6.81,4.34,11.15,906.1206,17.9331492,1,167.706,4.695304695,76.42
C3_2_1,7.55,136.8,10.27,6.09,16.36,1056.5478,14.96630417,1,267.652,13.96313732,100.06
C3_2_2,7.83,130.5,10.61,7.56,18.17,1292.3526,18.18476679,1,242.242,5.096941835,91.6
C3_2_3,7.88,141.5,6.46,4.35,10.81,1168.3518,9.42296214,1,267.652,3.892681758,84.48
C3_2_4,7.86,140.0,6.81,3.71,10.52,1024.7006,15.92876189,1,252.406,5.288998882,83.54
C3_2_5,7.85,127.1,4.13,4.74,8.87,1192.576,16.03775819,1,271.2094,1.897722733,94.04
C3_2_6,7.86,128.1,7.89,4.36,12.25,1095.8486,18.74472576,1,188.034,5.086368532,90.96
C3_2_7,7.83,132.8,6.69,4.42,11.11,1285.4072,18.90244196,1,269.346,8.795426378,102.9
C3_2_8,7.84,118.1,10.77,5.26,16.03,1023.0066,17.18678938,1,135.52,3.191065018,72.86
C3_2_9,7.83,102.8,7.73,3.64,11.37,1099.5754,15.3729133,1,274.5974,6.79076456,113.72
C3_2_10,7.82,117.3,8.2,5.5,13.7,967.1046,13.2886917,1,137.214,4.293302448,93.98
C3_2_11,7.9,120.2,7.47,3.42,10.89,990.99,17.39877096,1,271.2094,22.94310111,102.54
C3_2_12,7.92,139.9,6.62,12.22,18.84,1028.0886,16.62349978,1,242.242,9.887344199,86.36
C3_2_13,7.78,152.0,10.09,7.78,17.87,1307.768,16.53844832,1,219.5424,12.76731567,109.7
C3_2_14,7.78,119.1,6.76,3.84,10.6,1077.2146,18.08377293,1,208.362,3.49678296,90.68
C3_2_15,7.76,149.3,9.55,11.69,21.24,975.5746,16.11943085,1,217.3402,9.094906852,107.66
C3_3_1,7.84,175.3,6.83,4.18,11.01,851.9126,17.92419051,2,214.291,1.096884847,54.12
C3_3_2,7.88,176.3,7.75,3.9,11.65,1049.6024,13.45862326,2,189.728,1.597635499,52.66
C3_3_3,7.88,157.4,6.31,3.94,10.25,658.7966,13.39089576,2,267.652,0.598276962,56.5
C3_3_4,7.92,158.8,7.08,4.01,11.09,815.4916,12.72283797,2,189.728,0.698909701,59.02
C3_3_5,7.98,171.4,4.76,4.48,9.24,757.0486,9.310216388,2,214.291,0.99980004,47.1
C3_3_6,8.0,171.2,5.64,6.19,11.83,1102.9634,12.02858488,2,242.242,0.996611521,47.24
C3_3_7,8.02,191.8,6.95,9.43,16.38,1290.6586,16.46154202,2,267.652,2.49670435,65.82
C3_3_8,8.03,166.2,5.53,5.22,10.75,973.8806,19.66177628,2,252.406,1.196888091,48.28
C3_3_9,8.07,171.1,4.5,6.72,11.22,962.0226,12.53290595,2,271.2094,0.99952023,48.42
C3_3_10,8.18,160.4,7.22,6.96,14.18,791.2674,15.69516841,2,186.34,0.799392462,34.34
C3_3_12,8.19,173.7,5.24,9.89,15.13,923.0606,9.117660762,2,267.652,0.698965531,50.28
C3_3_13,8.13,156.3,3.17,5.17,8.34,725.879,11.46175824,2,245.63,1.396926761,53.32
C3_3_14,8.17,159.6,3.93,4.22,8.15,714.6986,9.006590602,2,267.652,0.797638989,50.7
C3_3_15,8.13,171.6,4.61,9.71,14.32,1150.0566,12.44191839,2,242.242,1.694644922,67.96
D1_1_1,8.37,158.1,4.66,5.3,9.96,838.3606,11.02479972,1,267.652,2.298437063,78.6
D1_1_8,8.39,157.0,5.7,4.62,10.32,841.5792,14.15172238,1,121.968,0.698881789,49.22
D1_1_9,8.37,159.4,4.88,5.09,9.97,860.3826,12.52998958,1,267.652,1.497783281,56.4
D1_1_11,8.33,159.5,5.84,5.07,10.91,794.8248,5.122559797,1,137.214,4.187771707,44.86
D2_1_1,8.21,165.3,5.84,3.93,9.77,906.6288,13.961885,1,143.99,8.881880963,113.6
D2_1_2,8.18,178.6,4.91,7.98,12.89,1033.1706,12.00378003,1,271.2094,10.97497705,130.26
D2_1_3,8.18,176.3,3.8,3.76,7.56,899.3446,14.03988506,1,431.97,5.997121382,73.76
D2_1_4,8.19,171.8,5.13,6.64,11.77,1288.9646,14.7105802,1,269.346,18.44319496,91.58
D2_1_5,8.29,168.5,6.02,5.61,11.63,1223.4068,17.55923166,1,147.378,19.15403033,98.0
D2_1_6,8.26,160.3,5.11,3.65,8.76,914.5906,17.09467825,1,267.652,7.389654484,101.32
D2_1_7,8.29,163.7,4.53,4.54,9.07,830.907,12.27941467,1,140.602,8.889687962,91.68
D2_1_8,8.24,173.0,4.8,5.76,10.56,877.3226,10.84608122,1,322.8764,7.392902813,131.24
D2_1_9,8.17,160.3,5.62,4.85,10.47,812.9506,13.58667086,1,188.034,5.883526127,199.98
D2_1_10,8.19,160.2,5.02,6.07,11.09,1176.9912,12.64751587,1,321.013,15.65054428,123.14
D2_1_11,8.16,161.7,5.36,6.24,11.6,782.4586,17.14221907,1,188.034,5.782882667,88.62
D2_1_12,8.18,157.0,4.31,4.75,9.06,904.0878,10.70954052,1,210.903,6.88567779,104.6
D2_1_13,8.2,157.4,5.94,3.26,9.2,697.7586,13.01529746,1,188.034,5.586592179,88.78
D2_1_14,8.22,191.4,4.39,4.51,8.9,811.9342,13.2968607,1,267.652,6.193558699,92.6
D2_1_15,8.24,163.1,4.98,3.68,8.66,924.7546,13.49385873,1,138.908,6.198760248,87.26
D2_2_1,8.34,170.9,6.18,3.59,9.77,846.4918,9.652130543,1,221.2364,6.095367521,58.42
D2_2_2,8.34,204.0,9.47,3.91,13.38,731.6386,9.240613577,1,186.34,7.583014049,90.38
D2_2_3,8.28,209.0,6.73,12.42,19.15,817.1856,11.37629745,1,214.291,5.781960284,91.86
D2_2_4,8.28,193.8,6.96,5.71,12.67,719.7806,10.58335672,1,121.968,4.297593348,68.16
D2_2_5,8.27,173.8,5.32,8.54,13.86,848.1858,11.63702567,1,214.291,6.681558897,94.92
D2_2_6,8.25,183.0,6.6,4.71,11.31,831.5846,12.21307004,1,137.214,4.984249771,71.78
D2_2_7,8.25,178.4,5.43,3.81,9.24,949.6564,14.02024802,1,217.8484,5.483549352,79.48
D2_2_8,8.27,178.7,5.36,4.66,10.02,784.1526,13.71842972,1,227.843,5.985395635,88.56
D2_2_9,8.19,203.0,7.23,7.23,14.46,973.8806,11.42288466,1,269.346,5.889634244,113.48
D2_2_10,8.17,199.2,5.59,6.63,12.22,907.8146,14.43607853,1,189.728,3.69261477,99.96
D2_2_11,8.22,180.3,6.22,4.73,10.95,1056.5478,12.85547855,1,322.8764,6.181702162,94.86
D2_2_12,8.23,179.0,4.95,5.43,10.38,853.6066,12.59559489,1,242.242,5.192315373,72.04
D2_2_13,8.28,189.6,7.9,4.98,12.88,999.6294,11.54152135,1,272.734,6.589456869,96.54
D2_2_15,8.25,184.6,5.04,6.29,11.33,1004.8808,11.92013056,1,217.8484,6.685025543,104.6
D2_3_1,8.27,171.2,4.17,3.96,8.13,682.5126,11.67574773,1,121.968,5.084745763,58.48
D2_3_2,8.26,181.3,4.73,5.42,10.15,779.24,11.40145492,1,116.886,7.179323548,59.98
D2_3_3,8.25,158.8,5.25,4.16,9.41,743.4966,11.53855617,1,215.985,7.274104189,117.2
D2_3_5,8.27,166.2,5.27,3.86,9.13,748.2398,9.458471464,1,186.34,9.38161204,68.36
D2_3_6,8.26,177.1,3.95,3.82,7.77,660.4906,9.844297074,1,322.8764,9.19154378,67.9
D2_3_7,8.14,182.2,5.34,3.85,9.19,738.4146,9.986222746,1,271.2094,20.78005115,84.12
D2_3_8,8.4,161.8,4.26,3.05,7.31,741.4638,9.171633134,1,111.804,6.699732011,66.44
D2_3_9,8.24,172.6,5.08,3.88,8.96,794.8248,10.44210789,1,214.291,7.784431138,81.9
D2_3_10,8.18,175.1,4.72,4.27,8.99,674.0426,11.1438941,1,137.214,7.383461047,72.42
D2_3_11,8.28,178.7,4.51,5.55,10.06,789.5734,11.39931392,1,267.652,7.787539936,65.52
D2_3_12,8.38,169.8,1.82,3.4,5.22,655.4086,10.97021653,1,242.242,6.684225228,77.46
D2_3_13,6.69,178.0,5.82,3.18,9.0,779.24,9.902919592,1,137.214,5.883526127,102.26
D2_3_14,6.89,165.5,6.28,3.75,10.03,735.0266,9.351902287,1,212.597,6.088067388,71.52
D2_3_15,6.73,163.5,5.79,4.02,9.81,682.8514,10.73172073,1,204.974,7.290376703,77.24
E6_1_5,7.91,99.9,10.43,5.24,15.67,1331.3146,21.42143765,0,322.8764,33.13108734,109.44
E6_1_6,7.99,94.4,8.42,3.96,12.38,1185.6306,17.79658577,0,154.154,22.33567326,80.2
E6_1_7,7.94,101.9,8.64,5.31,13.95,1331.3146,17.11741235,0,269.346,27.13812507,83.34
E6_1_8,7.93,95.2,5.35,4.79,10.14,1299.298,19.35876456,0,186.34,24.55187832,83.62
E6_1_9,7.88,96.1,6.9,3.93,10.83,1239.8386,21.35646868,0,322.8764,25.21628194,79.42
E6_1_10,7.82,113.6,7.52,5.07,12.59,1375.0198,24.66934457,0,249.018,34.13037404,120.66
E6_1_11,7.79,137.1,9.61,5.84,15.45,1322.8446,20.49548677,0,272.9034,28.27172827,88.84
E6_1_12,7.74,112.3,6.73,4.0,10.73,1228.6582,21.98337708,0,189.728,24.93218446,74.28
E6_1_13,7.75,112.8,9.66,5.78,15.44,1610.8246,20.20163551,0,271.2094,22.95867439,79.42
E6_1_14,7.73,99.0,8.13,4.46,12.59,1254.407,25.05490465,0,189.728,29.69310482,83.56
E6_1_15,7.73,98.1,6.62,3.65,10.27,1221.2046,17.75370064,0,267.652,20.08072251,116.46
E6_2_5,8.08,135.8,4.25,6.72,10.97,973.8806,10.84629755,0,135.52,3.598560576,205.15
E6_2_6,8.12,121.6,3.46,3.43,6.89,659.1354,15.64720017,0,269.346,5.397409244,90.45
E6_2_7,7.99,134.0,5.13,3.86,8.99,985.908,7.678020343,0,243.936,9.688373951,175.65
E6_2_8,8.0,119.8,2.97,4.72,7.69,680.8186,11.28308497,0,214.291,10.58687228,117.2
E6_2_9,8.04,134.8,4.49,2.74,7.23,770.6006,8.089986119,0,127.05,4.388239518,152.25
E6_2_10,8.03,133.1,5.16,3.4,8.56,892.5686,11.25447493,0,217.8484,4.599080184,153.25
E6_2_11,8.05,142.8,4.88,4.76,9.64,935.935,13.62182095,0,162.624,4.798080768,128.3
E6_2_12,8.07,100.0,5.26,2.9,8.16,856.9946,10.49527037,0,267.652,7.298832187,206.5
E6_2_13,8.05,136.7,4.78,3.57,8.35,727.573,13.36082988,0,189.728,1.862281977,135.15
E6_2_14,8.06,143.1,4.46,4.2,8.66,812.9506,7.798800924,0,267.652,3.299340132,151.3
E6_2_15,8.08,130.5,3.3,2.85,6.15,868.8526,10.97259796,0,152.46,4.397889013,170.4
E6_2_16,8.25,102.6,4.62,4.23,8.85,807.8686,10.35304584,0,217.8484,3.993769719,148.35
E7_1_5,7.3,85.2,7.74,4.15,11.89,1426.6868,15.71637732,1,310.002,17.75596521,133.6
E7_1_6,6.8,85.8,15.39,3.4,18.79,801.0926,20.39067877,1,267.652,21.58100871,98.75
E7_1_7,6.31,61.7,5.95,2.86,8.81,655.2392,10.92941945,1,201.4166,18.25837091,94.0
E7_1_8,6.02,40.3,5.7,3.72,9.42,990.8206,9.898772566,1,271.2094,19.9505227,139.1
E7_1_9,5.82,87.3,17.17,3.71,20.88,923.9076,14.99542751,1,157.542,23.72975991,92.6
E7_1_10,5.75,76.4,6.2,4.2,10.4,1100.9306,12.35933007,1,272.734,22.35261246,146.5
E7_1_11,5.72,77.9,10.6,3.0,13.6,827.1802,19.45069845,1,189.728,17.89284286,131.0
E7_1_12,5.93,67.8,5.56,3.31,8.87,799.3986,9.843350268,1,271.2094,28.11791383,122.95
E7_1_13,5.97,74.2,4.94,4.37,9.31,1044.5204,11.31109896,1,206.668,18.97040617,97.1
E7_1_14,5.83,80.5,8.11,3.23,11.34,990.8206,13.64973314,1,322.8764,23.78763043,159.6
E7_1_15,5.85,213.0,12.33,6.21,18.54,3298.218,14.1268125,1,431.97,17.78079674,80.45
E8_1_5,7.24,96.3,5.96,4.38,10.34,1565.0866,19.18611157,0,277.9854,26.74864261,332.15
E8_1_6,7.25,93.7,4.49,4.99,9.48,1791.5744,19.95640153,0,306.2752,24.15844747,219.2
E8_1_7,7.26,92.7,4.69,4.35,9.04,1644.7046,22.4594823,0,329.6524,29.75120802,257.4
E8_1_8,7.34,103.2,8.75,6.46,15.21,1590.1578,24.54546837,0,247.324,25.67637773,202.7
E8_1_9,7.36,154.1,7.56,8.87,16.43,1631.1526,20.31934071,0,326.2644,30.90358083,196.1
E8_1_10,7.34,91.8,8.73,6.7,15.43,1678.0764,18.8958053,0,369.292,29.96883241,232.3
E8_1_11,7.36,128.5,1.89,14.62,16.51,1392.2986,21.9854825,0,269.346,28.73333865,333.15
E8_1_12,7.36,117.5,5.99,9.2,15.19,1468.0204,16.9260651,0,242.242,20.8716146,206.9
E8_1_13,7.4,122.8,6.22,7.2,13.42,1519.3486,17.64359882,0,271.2094,25.84211367,248.9
E8_1_14,7.4,143.1,6.83,9.24,16.07,1667.743,18.0642785,0,323.554,22.06822176,223.25
E8_1_15,7.49,122.1,3.56,5.46,9.02,1624.3766,19.64767779,0,326.2644,25.5489022,282.7
F1_1_6,7.49,329.0,5.76,7.91,13.67,2454.4366,20.05263984,0,323.554,26.90851106,119.6
F1_1_7,7.55,395.0,5.66,17.81,23.47,2378.7148,29.04872532,0,326.2644,42.54044338,175.65
F1_1_8,7.67,284.0,4.74,11.62,16.36,2185.0906,20.38913706,0,245.63,32.23552894,183.1
F1_1_9,7.77,172.6,4.08,7.8,11.88,1831.214,20.25423466,0,271.2094,14.6,121.65
F1_1_10,7.78,241.0,5.52,13.6,19.12,1793.7766,21.41868134,0,225.302,11.16516469,108.95
F1_1_11,7.71,234.0,8.39,8.81,17.2,2024.1606,20.12213495,0,322.8764,23.68957659,101.3
F1_1_12,8.01,229.0,7.18,13.75,20.93,2259.6266,13.09383344,0,282.898,34.86513487,120.4
F1_1_13,8.23,194.0,4.13,7.46,11.59,2289.2716,19.91831999,0,303.9036,19.85473121,127.35
F1_1_14,7.87,196.2,4.29,10.17,14.46,2293.5066,20.63924258,0,369.292,17.5831202,143.55
F1_1_15,7.88,248.0,4.53,9.35,13.88,2104.9644,17.56848049,0,324.5704,19.33811802,189.3
F1_2_5,7.83,53.5,5.37,2.75,8.12,518.1946,11.78788404,0,193.116,7.288629738,106.35
F1_2_6,7.85,43.0,5.73,3.27,9.0,902.7326,12.74811653,0,267.652,9.395865819,110.7
F1_2_7,7.86,48.5,11.54,2.75,14.29,784.1526,10.26873685,0,189.728,8.09255485,94.95
F1_2_8,7.78,37.3,6.8,3.12,9.92,658.7966,11.92738562,0,299.838,6.776958342,90.25
F1_2_9,7.74,48.1,14.76,3.62,18.38,790.9286,11.12265879,0,215.985,8.091908092,88.75
F1_2_10,7.24,64.4,5.42,3.4,8.82,910.1862,9.794693672,0,188.034,6.190095847,140.55
F1_2_11,7.33,50.4,7.19,4.15,11.34,851.9126,21.33362977,0,181.5968,10.28601103,123.5
F1_2_12,7.09,82.5,6.52,3.08,9.6,908.3228,13.85909914,0,189.728,9.073505364,120.5
F1_2_13,7.35,84.9,7.28,5.36,12.64,946.7766,15.0945036,0,215.985,6.388245628,116.25
F1_2_14,7.41,125.5,6.57,4.79,11.36,853.6066,20.00511842,0,189.728,8.477619086,106.25
F1_2_15,7.42,70.3,2.91,5.89,8.8,1087.548,9.782519462,0,214.291,11.99328376,111.95
F1_3_5,7.75,121.4,0.4,5.7,6.1,967.1046,11.33579833,0,248.6792,7.976708013,155.05
F1_3_6,7.62,125.8,9.11,6.63,15.74,1044.351,7.839439052,0,269.346,9.079661558,157.65
F1_3_8,7.6,119.9,9.74,6.59,16.33,977.2686,7.01009677,0,215.985,9.571286142,149.1
F1_3_9,7.48,128.8,8.11,4.61,12.72,1039.269,12.36586042,0,271.2094,6.699732011,149.35
F1_3_10,7.52,133.4,5.08,5.98,11.06,984.0446,12.83356886,0,267.652,9.292565947,141.0
F1_3_11,7.9,127.3,3.25,6.7,9.95,1009.9628,9.148594713,0,271.2094,6.982125758,136.5
F1_3_12,7.92,142.0,2.93,9.82,12.75,1036.5586,7.572311062,0,265.958,8.981318857,177.7
F1_3_13,7.95,125.2,11.06,8.61,19.67,868.8526,9.73204726,0,322.8764,6.993006993,148.4
F1_3_15,7.98,151.2,5.01,6.6,11.61,853.6066,8.767434967,0,267.652,7.089507529,136.75
F1_4_5,8.03,143.4,4.01,13.53,17.54,1832.7386,8.774499816,0,284.9308,15.36067667,172.1
F1_4_6,7.96,161.0,6.83,6.81,13.64,1879.493,16.71033203,0,326.2644,15.79115695,261.45
F1_4_7,7.05,148.1,10.34,8.86,19.2,1976.7286,20.22031623,0,326.2644,17.54805775,159.8
F1_4_8,8.02,151.2,5.28,18.29,23.57,2018.9092,22.96283641,0,324.5704,21.46994208,197.2
F1_4_9,7.92,140.8,8.52,11.3,19.82,1988.5866,22.85575236,0,326.2644,18.85249172,169.65
F1_4_10,8.01,262.0,7.58,6.89,14.47,1853.5748,22.78199421,0,272.9034,18.36693951,157.15
F1_4_11,8.03,155.2,8.53,8.92,17.45,1824.2686,13.73628257,0,324.5704,18.38088388,200.05
F1_4_12,7.99,199.4,5.91,8.18,14.09,1925.9086,18.73322228,0,274.5974,16.99048533,173.85
F1_4_13,8.03,141.4,9.04,7.85,16.89,1871.7006,21.73737738,0,271.2094,17.57539445,150.65
F1_4_14,7.97,152.6,4.1,8.15,12.25,1857.1322,21.4183144,0,274.5974,17.67454865,178.1
F1_4_15,8.02,161.5,10.12,7.85,17.97,1983.5046,16.50564474,0,326.2644,19.07710747,161.25
F1_5_5,8.23,143.7,6.11,5.22,11.33,940.0006,8.471472558,0,217.8484,7.594228386,143.65
F1_5_6,8.24,132.7,4.71,4.85,9.56,743.4966,14.61125295,0,94.864,6.882930333,154.45
F1_5_7,8.11,152.2,5.45,5.07,10.52,801.6008,10.84687596,0,199.892,6.480558325,143.4
F1_5_8,8.17,134.0,1.86,4.38,6.24,745.1906,6.887348405,0,186.34,5.787730012,133.35
F1_5_9,8.17,184.3,2.26,9.33,11.59,791.4368,7.883318778,0,217.8484,8.096761295,111.25
F1_5_10,8.05,144.7,7.32,4.73,12.05,729.9446,6.492218611,0,121.968,7.385229541,149.6
F1_5_11,8.21,139.4,4.02,4.39,8.41,896.2954,6.125047528,0,267.652,6.090498822,152.05
F1_5_12,8.19,136.0,2.78,16.42,19.2,1968.2586,8.266350641,0,313.39,17.36249701,158.6
F1_5_13,8.2,140.0,0.5,3.07,3.57,734.5184,22.76870287,0,267.652,5.893634874,116.95
F1_5_14,8.16,137.2,11.29,17.38,28.67,848.5246,5.896817694,0,121.968,7.696921232,160.65
F1_5_15,8.19,88.5,0.4,3.45,3.85,720.797,7.237378694,0,269.346,5.687033563,134.8
F4_1_5,6.87,66.6,8.54,3.16,11.7,1245.937,15.92741216,1,272.9034,7.692307692,128.05
F4_1_6,6.8,99.2,9.4,12.89,22.29,1375.3586,14.47410363,1,249.018,5.38986705,274.0
F4_1_7,6.46,79.4,11.05,9.88,20.93,1457.687,19.11743499,1,271.2094,7.776980139,220.8
F4_1_8,6.21,69.3,9.0,12.7,21.7,1302.5166,16.87132349,1,186.34,5.0,159.1
F4_1_9,6.41,66.7,7.89,4.46,12.35,1257.9644,14.97209862,1,272.9034,6.49740104,121.1
F4_1_10,6.34,92.4,5.01,10.51,15.52,1277.1066,13.31495033,1,254.1,4.8,143.3
F4_1_11,6.33,64.3,11.18,5.23,16.41,1123.6302,12.33440205,1,322.8764,6.5828845,118.45
F4_1_12,6.4,93.3,3.06,21.45,24.51,863.7706,11.64217957,1,242.242,3.095171532,126.6
F4_1_13,6.38,64.4,9.23,3.31,12.54,1566.103,10.14804311,1,326.2644,4.793863854,241.9
F4_1_14,6.41,109.7,6.09,25.2,31.29,1353.3366,15.50284924,1,260.876,5.495383878,243.45
F4_1_15,6.46,84.8,8.6,7.45,16.05,1414.6594,15.09703668,1,269.346,10.08749151,242.05
F4_2_1,6.36,174.0,1.48,6.9,8.38,1322.8446,17.4558258,1,189.728,12.29115037,215.55
F4_2_5,7.38,188.3,5.91,32.48,38.39,1338.0906,19.61250094,1,179.564,9.182003274,234.8
F4_2_6,7.65,173.8,0.48,10.11,10.59,1243.2266,24.11098421,1,326.2644,7.389064185,198.1
F4_2_7,7.7,149.7,6.23,7.54,13.77,1365.1946,20.66194277,1,186.34,13.96480868,291.95
F4_2_8,7.85,167.4,5.05,8.72,13.77,1146.1604,28.4882313,1,303.226,5.887518461,194.5
F4_2_9,7.94,155.2,5.37,4.23,9.6,1233.0626,23.33354336,1,267.652,28.0427927,260.15
F4_2_10,7.96,155.2,6.79,9.89,16.68,1204.6034,19.15109821,1,249.018,7.778841551,200.85
F4_2_11,8.03,183.6,6.93,86.14,93.07,1139.8926,14.31569412,1,271.2094,11.97174668,222.3
F4_2_12,8.04,181.7,6.84,5.85,12.69,1164.9638,27.83384615,1,269.1766,7.583619382,228.7
F4_2_13,8.07,152.3,5.07,6.01,11.08,1244.9206,17.89541071,1,188.034,6.579734418,198.9
F4_2_14,8.04,136.3,7.86,10.6,18.46,1478.862,19.60148465,1,322.8764,17.67525464,247.25
F4_2_15,8.02,186.5,8.63,8.89,17.52,1280.4946,17.16101828,1,189.728,8.587976832,224.35
Z1_1_5,8.35,211.0,6.79,3.68,10.47,1609.1306,17.35702007,0,271.2094,4.884564775,630.35
Z1_1_6,8.37,248.0,5.93,4.68,10.61,2313.8346,12.49282317,0,259.182,4.386314698,708.75
Z1_1_7,8.42,150.3,9.08,4.41,13.49,2938.0736,31.26298605,0,150.766,6.593933581,275.65
Z1_1_9,8.53,138.5,4.58,3.26,7.84,1190.5432,16.56395299,0,267.652,4.090836526,344.4
Z1_1_11,8.4,240.0,7.35,6.43,13.78,1913.8812,13.68448,0,303.9036,2.698488846,653.3
Z1_1_12,8.48,155.2,7.17,5.37,12.54,1036.5586,28.65331065,0,187.5258,3.69792916,285.75
Z1_1_13,8.35,236.0,9.99,4.93,14.92,1913.8812,13.91681314,0,327.9584,3.192083633,605.05
Z1_1_14,8.46,149.0,5.66,3.84,9.5,1075.5206,21.90071425,0,245.63,4.387014437,249.55
Z1_1_15,8.43,150.3,3.83,5.18,9.01,1183.9366,12.97814335,0,271.2094,7.191657677,299.4
Z1_2_6,8.37,141.8,5.82,5.51,11.33,1197.4886,18.07746327,0,167.0284,3.89672675,260.45
Z1_2_7,8.19,148.1,6.79,3.96,10.75,1414.6594,18.92454342,0,267.652,3.623844899,216.1
Z1_2_8,8.2,148.5,2.8,5.77,8.57,1617.6006,18.21609145,0,186.34,2.796308872,258.1
Z1_2_9,8.22,153.6,6.31,9.31,15.62,1564.409,18.72637671,0,259.182,2.790846025,360.25
Z1_2_10,8.23,147.6,6.28,6.53,12.81,1497.3266,1.437934318,0,186.34,2.896292745,280.2
Z1_2_11,8.33,152.4,6.57,6.11,12.68,1411.102,16.31453895,0,250.712,2.99198149,256.8
Z1_2_12,8.38,156.3,6.89,17.97,24.86,1427.8726,17.92276205,0,189.728,2.598337064,238.7
Z1_2_13,8.39,155.4,5.96,6.57,12.53,1378.4078,17.14272251,0,193.116,2.693535515,224.6
Z1_2_14,8.21,161.3,9.87,8.08,17.95,1490.5506,17.4216404,0,271.2094,3.497761433,303.5
Z1_2_15,8.16,181.4,2.43,7.68,10.11,1721.104,20.02654386,0,276.2914,7.091490212,374.4
Z1_3_1,8.27,167.4,1.68,14.52,16.2,557.1566,19.37272599,0,217.8484,1.597763132,196.3
Z1_3_2,8.24,143.2,5.33,3.86,9.19,512.435,8.130945385,0,255.794,1.794401467,200.85
Z1_3_3,8.19,175.4,5.58,7.9,13.48,1107.7066,7.874000551,0,269.346,28.97450244,905.3
Z1_3_4,8.29,163.9,4.31,6.8,11.11,1046.2144,17.21825096,0,272.734,16.06786427,498.5
Z1_3_5,8.33,184.9,5.33,7.48,12.81,1294.0466,15.0922976,0,326.2644,33.76893258,559.9
Z1_3_6,8.34,181.6,4.63,9.02,13.65,1040.963,17.58667904,0,267.652,11.46788991,343.1
Z1_3_7,8.33,172.4,6.26,5.56,11.82,1077.2146,14.09503315,0,271.2094,20.43460925,627.4
Z1_3_8,8.38,162.7,1.64,4.16,5.8,1128.7122,14.09086933,0,135.52,13.75762651,595.35
Z1_3_9,8.47,170.6,5.41,3.65,9.06,989.1266,10.61814609,0,271.2094,8.298340332,543.4
Z1_3_10,8.32,169.4,4.06,4.06,8.12,1027.2416,13.96904236,0,189.8974,13.09842819,740.85
Z1_3_11,8.34,162.4,5.25,4.49,9.74,1023.0066,15.61879202,0,162.624,14.87916916,427.6
Z1_3_12,8.26,179.8,4.68,5.52,10.2,1316.4074,15.50190041,0,206.668,20.06869284,479.65
Z1_3_13,8.29,163.3,7.37,5.31,12.68,1255.0846,21.79431674,0,321.013,8.381560567,217.45
Z1_3_14,8.17,186.3,5.98,5.21,11.19,1195.7946,15.90812458,0,189.728,23.95018362,730.9
Z1_3_15,8.18,168.8,6.22,4.58,10.8,943.3886,20.13932322,0,162.624,24.57542458,343.9
Z1_4_5,8.23,156.9,4.25,3.48,7.73,974.05,12.80265864,0,186.34,16.75710182,217.15
Z1_4_6,8.27,148.1,5.99,3.53,9.52,1004.3726,13.83756468,0,267.652,11.99904008,227.35
Z1_4_7,8.33,157.0,6.19,3.61,9.8,1125.3242,12.90354478,0,133.826,16.17605943,235.5
Z1_4_8,8.35,153.7,1.04,3.78,4.82,1033.1706,12.67239311,0,221.2364,17.94902477,231.05
Z1_4_9,7.43,152.8,4.91,3.68,8.59,1086.1928,13.91975447,0,326.2644,9.183836448,187.3
Z1_4_10,7.33,142.1,5.39,3.39,8.78,978.9626,11.27751984,0,267.652,11.2891624,191.5
Z1_4_11,7.73,131.9,5.41,3.7,9.11,972.1866,12.35185767,0,217.8484,10.88476133,185.75
Z1_4_12,7.8,137.5,5.04,3.84,8.88,921.3666,10.89975843,0,214.291,10.89477051,189.7
Z1_4_13,7.92,141.3,5.18,3.35,8.53,1065.0178,11.4922862,0,271.2094,11.57915752,228.6
Z1_4_14,7.68,135.4,5.86,3.65,9.51,904.4266,11.96997516,0,267.652,6.389266033,371.55
Z1_4_15,8.07,137.5,5.0,3.71,8.71,977.2686,12.13460662,0,326.2644,12.47953356,221.1
