SampleN,SumTS,Li_S,Be_S,Na_S,Mg_S,K_S,Ca_S,Sc_S,Ti_S,V_S,Cr_S,Mn_S,Fe_S,Co_S,Ni_S,Cu_S,Zn_S,Ga_S,Ge_S,As_S,Rb_S,Sr_S,Y_S,Zr_S,Nb_S,Mo_S,Cd_S,Sn_S,Sb_S,Cs_S,Ba_S,La_S,Ce_S,Pr_S,Nd_S,Sm_S,Eu_S,Gd_S,Tb_S,Dy_S,Ho_S,Er_S,Yb_S,Hf_S,Pb_S,Th_S,AN,AP,AK,pH,EC,NH4_N,NO3_N,N.N,TN,OM,SoilType,Longitude,Latitude,ALT_extract,Landscape,DI,GDD0,GDD5,GP,MI,MTCO,MTWA,Tmax,Tmin
C1_1_1,9.28917591,8.495331698,0.526635805,356.1392955,5600.341922,982.6366914,8233.637283,15.44136937,3241.129074,164.5677127,31.01228294,872.6281869,52654.94246,27.25502229,27.17701433,74.07915144,58.95034926,8.516862452,3.180247591,0.52041595,6.542618942,17.5117251,13.49603966,0.694979966,1.881964794,0.846954149,0.283087556,3.583612678,0.256534853,1.181959723,150.859467,5.145560971,11.83195806,1.485691436,6.457235284,1.613862104,0.53052821,2.062453133,0.360925144,2.387635669,0.533528759,1.598250414,1.510723356,0.057409034,5.80647687,1.058157888,189.728,10.07903561,40.9,8.34,81.1,6.78,3.75,10.53,958.804,17.02983758,Roam,112.915753,33.347481,231,Slope,0.221087992,5207.799805,3608.600098,835.4000244,0.619014978,0.5,26.29999924,40.04000092,-17.97999954
C1_1_2,18.1656021,7.775702111,0.545876012,425.7654585,6739.222533,969.9136296,9093.284523,18.37444117,3088.819465,193.3699651,45.42980624,844.0401679,59386.98537,28.62906166,34.8676171,88.99386086,61.40565462,9.955184809,3.368603115,0.464659894,5.555254694,20.20920343,14.11533077,1.064545494,1.176201495,0.413200431,2.76024905,3.692065464,0.181041012,0.945797516,134.7596037,4.094524832,9.188994974,1.219185806,5.481715699,1.468042522,0.479354318,1.931255711,0.342971694,2.427624977,0.548268983,1.662664508,1.541145722,0.064728359,3.860214303,0.912330475,269.346,9.287369178,75.62,8.3,67.5,6.86,2.21,9.07,547.3314,21.93226378,Roam,112.915753,33.347481,231,Slope,0.221087992,5207.799805,3608.600098,835.4000244,0.619014978,0.5,26.29999924,40.04000092,-17.97999954
C1_1_3,13.3148562,7.732381897,0.542684339,362.1435436,6518.359743,1066.779463,9597.256221,17.31499867,3168.490906,186.3142409,43.958841,930.3845681,58160.12675,29.2968591,36.39939863,88.612923,60.96088475,10.00033287,3.280878496,0.40156621,7.850367268,23.45282275,16.42254645,0.791360412,1.539321334,0.320560008,0.673943983,3.605182447,0.163748,1.396491049,181.6361351,6.065279568,13.39802689,1.730522436,7.723248975,1.95117753,0.637451718,2.489833453,0.41744441,2.796314783,0.611782157,1.844270567,1.653478592,0.042491738,5.393430232,1.891813539,217.8484,7.278455771,45.04,8.05,92.1,8.52,5.64,14.16,67.9294,12.94467896,Roam,112.915753,33.347481,231,Slope,0.221087992,5207.799805,3608.600098,835.4000244,0.619014978,0.5,26.29999924,40.04000092,-17.97999954
C1_1_4,5.48009605,9.071161365,0.574211669,424.2175896,7616.592037,1033.564683,9213.875996,19.38036516,3175.685775,198.5758213,51.55008262,1024.354365,63043.89225,33.16076265,39.76057067,117.924208,58.14447884,10.27692426,3.488907434,0.676326243,7.338114774,23.14270629,15.86607849,0.821720543,1.549830778,0.45370307,0.262889675,3.939608598,0.22053248,1.223490205,173.8740012,5.56775378,12.41053273,1.646706734,7.0943696,1.902320299,0.654993701,2.466172453,0.460884097,2.842225568,0.667284306,1.949304865,1.876874287,0.080774108,5.369179804,1.249203354,189.728,13.28405913,54.4,7.95,67.6,8.01,2.2,10.21,875.6286,23.75945399,Roam,112.915753,33.347481,231,Slope,0.221087992,5207.799805,3608.600098,835.4000244,0.619014978,0.5,26.29999924,40.04000092,-17.97999954
C1_1_5,14.2906471,10.16427703,0.60886655,424.2686442,10299.242,1629.957414,11411.27425,19.29474119,3809.485736,176.9436723,65.43808905,890.7882925,60188.62452,32.15927868,49.3338574,135.2423293,58.07396552,8.984038408,3.817355873,0.631698892,6.624972698,23.81704217,12.45128354,0.899824152,1.780166957,0.501067838,0.626116122,4.056383594,0.293383879,0.895696258,116.8429187,5.153822045,10.63559713,1.467926361,6.202104773,1.57362556,0.508018793,1.971920625,0.340652375,2.227658869,0.489574422,1.441143956,1.387332404,0.056945817,5.593145974,1.531240738,242.242,13.65684437,143.74,6.93,97.1,6.81,3.1,9.91,1295.7406,18.17195528,Roam,112.915753,33.347481,231,Slope,0.221087992,5207.799805,3608.600098,835.4000244,0.619014978,0.5,26.29999924,40.04000092,-17.97999954
C1_1_6,6.55533934,10.08120041,0.597998313,401.3834096,9392.078613,1294.483782,10911.14781,17.19268893,4232.16005,147.724979,69.64984667,1094.451785,56960.17283,40.39664323,55.02437573,159.0348259,59.30152455,8.671483216,3.523201039,1.136587618,8.669479866,26.96560869,12.01137281,1.837127687,1.931368288,0.340954622,0.390491305,4.209781118,0.36910218,1.367216851,130.8342061,9.219531265,17.03325794,2.296646488,9.168223187,2.030405549,0.546441867,2.2886681,0.355008707,2.228698898,0.4663768,1.412429537,1.396159841,0.092277733,6.906136947,2.111032998,221.2364,17.64072716,75.52,6.62,90.0,7.4,11.89,19.29,1114.4826,27.46349352,Roam,112.915753,33.347481,231,Slope,0.221087992,5207.799805,3608.600098,835.4000244,0.619014978,0.5,26.29999924,40.04000092,-17.97999954
C1_1_7,7.73165642,10.25287874,0.630207873,418.3947465,7794.177212,1219.909802,10416.52096,20.87659507,3663.296709,215.6846739,50.67121539,1191.236626,66740.70871,36.38334767,43.19481167,113.7605025,73.39588525,11.09987777,4.035193442,0.786404904,8.915851936,25.95451631,18.07547587,1.260302159,2.00358055,0.4288311,0.604587917,4.186748525,0.276598818,1.573967319,210.5884889,6.161160858,14.24267176,1.794152038,7.782585082,2.00942869,0.683882888,2.623550393,0.456886158,3.021101628,0.667635532,2.017772511,1.869638038,0.072109744,6.124346572,1.384467482,127.05,9.394363382,46.34,5.63,95.6,7.31,3.61,10.92,975.5746,17.72789844,Roam,112.915753,33.347481,231,Slope,0.221087992,5207.799805,3608.600098,835.4000244,0.619014978,0.5,26.29999924,40.04000092,-17.97999954
C1_1_8,3.16567685,10.89453641,0.607365566,305.2697896,7930.582071,1316.876617,9940.273804,19.94701659,3329.354785,218.810587,52.19023252,1243.292867,66381.17483,38.00830018,46.3553294,101.819023,70.70435348,11.20695886,4.03066921,0.514535868,11.04400167,23.36855057,21.45828109,0.499381924,1.399758944,0.387003843,0.351369518,2.717325684,0.156182002,1.874620802,303.8231704,7.768229563,18.20704033,2.181334374,9.660088746,2.434195053,0.8311723,3.173571157,0.520409816,3.455024397,0.765234188,2.305022547,2.041615625,0.035320583,6.585395535,1.419347313,269.346,5.18817097,33.94,6.67,119.2,6.34,19.51,25.85,1270.3306,15.5185608,Roam,112.915753,33.347481,231,Slope,0.221087992,5207.799805,3608.600098,835.4000244,0.619014978,0.5,26.29999924,40.04000092,-17.97999954
C1_1_9,3.88428563,7.617756207,0.505602785,403.5696756,6538.342096,1054.146685,8924.429514,16.62255356,2835.628215,165.5808783,45.13317516,882.2962723,54189.07355,27.63625526,33.99890247,101.9613333,59.82403415,8.559382979,3.168741576,0.579433168,6.686855487,19.39422846,12.68879495,0.819735137,2.011400791,0.312087558,0.362912394,3.490025345,0.231322468,1.066952503,148.254011,4.579973739,9.942330249,1.285050322,5.571680809,1.405084906,0.45823672,1.818362968,0.319464266,2.155407532,0.484882344,1.488981556,1.418138976,0.044693671,4.929336419,1.081341161,293.062,11.96983601,47.92,7.03,95.4,11.42,5.12,16.54,1437.0202,16.85063835,Roam,112.915753,33.347481,231,Slope,0.221087992,5207.799805,3608.600098,835.4000244,0.619014978,0.5,26.29999924,40.04000092,-17.97999954
C1_1_10,9.92776122,10.60495341,0.760186447,409.8682017,8126.08648,2104.849251,10202.41899,19.46338016,3634.274256,207.9520174,33.40705183,1154.837133,68788.76173,33.34393912,33.78824184,95.77750955,90.91775088,11.43790828,4.04907185,0.44710414,18.73773112,24.94371363,21.97792768,0.784259515,2.729787606,0.832269977,0.683342356,4.016688966,0.244054175,3.494584828,250.3970492,8.643592604,19.70814636,2.54395967,11.29682266,2.809425514,0.903485187,3.530164213,0.578957346,3.784993146,0.821777423,2.468525513,2.223076599,0.051130984,6.611024182,1.583061208,217.3402,6.183428412,48.82,7.04,94.0,11.23,9.39,20.62,1217.8166,22.41530504,Roam,112.915753,33.347481,231,Slope,0.221087992,5207.799805,3608.600098,835.4000244,0.619014978,0.5,26.29999924,40.04000092,-17.97999954
C1_1_11,15.1166877,10.58876105,0.687831818,646.7363564,8669.264889,903.2565628,12583.96516,23.13746911,6148.096737,247.4453326,60.5008141,1186.631491,76673.66761,36.84371355,44.88962928,118.3969961,79.56148635,12.24493343,4.332310303,0.691471726,5.617608992,26.34938441,17.17420642,1.965051388,1.755760068,0.566035778,0.451897405,4.644491609,0.206004671,1.092844176,152.1520705,4.829554515,11.44847117,1.487802072,6.730050089,1.827840519,0.641491192,2.429742129,0.447749968,3.148752392,0.695595687,2.133141102,1.9948794,0.131010953,4.173216392,1.083044598,242.242,9.286627257,40.54,7.1,63.6,9.38,2.38,11.76,460.768,18.47470819,Roam,112.915753,33.347481,231,Slope,0.221087992,5207.799805,3608.600098,835.4000244,0.619014978,0.5,26.29999924,40.04000092,-17.97999954
C1_1_12,11.6129034,9.525180692,0.653413385,443.0277203,7159.579473,1292.208393,10198.81985,19.32612858,3632.379192,208.3325918,39.12566197,1058.979286,64994.19377,33.69468563,34.40040389,92.87428678,75.45483347,10.43972251,3.724103801,0.504282858,8.024717051,22.02588546,16.81603997,0.974036309,2.037708657,0.409370522,0.328304999,3.971032711,0.253221201,1.411379966,181.5938476,5.942015126,13.73083724,1.720822509,7.587504275,1.952109977,0.638344273,2.502853528,0.423279448,2.890292536,0.644087528,1.979712651,1.855361974,0.057582287,6.198257692,1.238724055,215.985,10.18207954,38.62,6.98,78.5,8.35,2.87,11.22,917.9786,10.57943146,Roam,112.915753,33.347481,231,Slope,0.221087992,5207.799805,3608.600098,835.4000244,0.619014978,0.5,26.29999924,40.04000092,-17.97999954
C1_1_13,8.44888142,10.87763992,0.797064049,383.0655866,9438.16061,2036.890085,11400.16745,23.79595609,2961.889377,241.4191973,78.38660255,1370.059446,82541.32116,44.42262921,51.99718297,127.8437257,82.23762375,12.74645026,4.983449995,1.718939981,16.28394211,29.72356061,21.11727162,1.472555761,1.890260669,1.351682235,2.405071837,6.039237716,0.222968005,3.095327447,321.6809653,7.012734637,16.76134438,2.156179794,9.758818751,2.519152522,0.84368914,3.240396084,0.555530918,3.698220664,0.806938463,2.446484914,2.221274569,0.084553984,5.817553242,1.475869904,203.28,7.399408047,56.1,7.04,79.8,9.6,5.71,15.31,918.6562,17.20417501,Roam,112.915753,33.347481,231,Slope,0.221087992,5207.799805,3608.600098,835.4000244,0.619014978,0.5,26.29999924,40.04000092,-17.97999954
C1_1_14,5.17560108,12.40510286,0.711011409,330.0941302,9511.499186,1446.341954,11190.90909,23.49764121,2491.77989,262.1299069,79.9953993,1537.341628,82345.96779,50.70906906,62.31401184,130.693558,80.77769162,13.22203683,4.785860476,2.385908165,12.8829471,27.18790616,23.04523915,1.488266784,1.400617144,0.570600356,1.189950597,6.023725631,0.322366884,2.319401325,360.7849197,8.151543677,20.20286851,2.335006415,10.30938898,2.614871533,0.884926806,3.362243042,0.5682345,3.805965953,0.842215393,2.583509278,2.299228547,0.081753467,7.770930896,1.711721771,212.597,5.28878777,33.52,7.04,82.7,9.77,3.2,12.97,746.8846,14.01921613,Roam,112.915753,33.347481,231,Slope,0.221087992,5207.799805,3608.600098,835.4000244,0.619014978,0.5,26.29999924,40.04000092,-17.97999954
C1_1_15,9.26339787,10.70862526,0.605496044,327.170737,8258.455681,1474.147193,10313.66856,21.15738204,2241.902774,226.1946603,65.38097478,1284.165236,71577.38996,41.41924884,51.9013332,114.6137014,69.67249492,11.46131705,4.141693789,2.380779002,10.93466148,26.18558153,18.84426097,1.352162509,1.692259564,0.505867972,0.59833659,5.602435877,0.296007298,1.907286212,254.2256951,7.600989801,17.43072749,2.105816558,9.257673228,2.289789347,0.723281105,2.889562207,0.477975659,3.194362278,0.702459573,2.154623453,1.942561301,0.072387116,7.404524093,1.733965026,193.116,11.16872756,48.02,7.08,94.9,9.74,3.25,12.99,1523.0754,15.08569296,Roam,112.915753,33.347481,231,Slope,0.221087992,5207.799805,3608.600098,835.4000244,0.619014978,0.5,26.29999924,40.04000092,-17.97999954
C1_2_1,10.7044857,18.18920718,0.893292539,182.8989055,5071.632048,2673.10874,3116.893051,4.853786854,770.6365774,39.28528323,34.65726194,468.4906454,25796.87569,10.62827093,24.88624183,26.84183264,39.61277977,6.784091111,2.064214875,9.496277177,25.73690418,17.86848003,11.77971926,2.771290948,1.89977556,0.602793543,0.765869167,5.465838983,0.644311509,3.510465906,127.6042514,25.89344656,52.51636685,5.981329694,22.3797861,4.369706027,0.819899564,4.085088078,0.516985251,2.672272022,0.471995699,1.269715343,1.053910656,0.064267283,15.89545768,7.688823734,215.985,12.77955272,58.66,7.35,57.7,11.39,2.65,14.04,555.4626,8.645324271,Sandy,113.155346,33.177072,197,Mountain,0.121887982,4979.0,3423.0,821.5999756,0.697808981,0.100000001,25.60000038,39.22999954,-18.78000069
C1_2_2,6.13841237,20.67890386,1.273173479,194.8244252,5669.031556,3040.854879,3343.093359,5.086514976,834.0366571,39.25230384,34.94555305,493.8885657,26796.8454,11.14238827,26.00228908,30.39580737,41.81387989,7.323394812,2.13728516,10.21173313,28.15528621,20.05762651,12.60140939,5.196104063,2.114894423,0.688424687,0.468903869,5.87931103,0.726294435,3.920775193,132.6615011,28.70812707,58.46789955,6.587712099,24.59370706,4.632697714,0.883055601,4.413094344,0.553095301,2.842026814,0.508509463,1.364808134,1.123213216,0.115377883,16.80608895,9.282674745,250.712,10.59788042,68.88,7.46,48.3,10.14,2.34,12.48,259.0126,10.43225103,Sandy,113.155346,33.177072,197,Mountain,0.121887982,4979.0,3423.0,821.5999756,0.697808981,0.100000001,25.60000038,39.22999954,-18.78000069
C1_2_3,3.73709508,12.36159162,0.844034542,163.7450517,3202.627355,2216.906945,1861.516555,3.313129795,709.9528124,27.59133152,23.93893059,352.8052025,18869.9128,8.313005135,15.44305905,25.55669764,31.3759579,5.383654853,1.632288479,6.156960193,21.81999584,10.86185578,9.968940074,1.66977699,3.176001008,0.556040572,0.290023017,5.684728562,0.530215103,2.588413646,85.65569634,26.88945862,57.95564155,6.117251773,22.34870109,4.126151507,0.729600175,3.768539425,0.457844258,2.301777297,0.412713308,1.089785488,0.911122594,0.040540033,12.85404442,7.942635962,267.652,16.04992424,68.94,7.05,55.9,9.98,2.87,12.85,729.267,9.992453437,Sandy,113.155346,33.177072,197,Mountain,0.121887982,4979.0,3423.0,821.5999756,0.697808981,0.100000001,25.60000038,39.22999954,-18.78000069
C1_2_4,5.51472793,20.35550834,1.202995645,198.3294885,5559.219872,3131.090178,3312.621506,4.992991352,898.5253509,40.65969957,33.02714429,511.9104053,28126.77892,10.97590675,25.05561555,31.44214743,52.57625159,7.555966759,2.281195602,9.99300689,29.38631345,19.90376881,13.16491221,4.175653044,3.372682286,0.67894478,0.329424669,5.850915768,0.734322471,4.094242307,135.3722716,33.87773225,66.93288341,7.399640584,26.74247002,4.981948077,0.912657993,4.636798494,0.582945259,2.980863806,0.531864352,1.443902428,1.197781662,0.104691029,17.75325464,22.37279457,189.728,19.64891283,56.68,6.97,53.5,13.89,3.32,17.21,659.3048,7.287894915,Sandy,113.155346,33.177072,197,Mountain,0.121887982,4979.0,3423.0,821.5999756,0.697808981,0.100000001,25.60000038,39.22999954,-18.78000069
C1_2_5,3.46969329,16.92657894,1.177385997,177.3428041,4660.365977,2712.738994,3007.847536,4.136250169,777.0482924,33.30467528,31.64147589,438.1331179,22983.13702,9.420097296,22.96975844,27.40328777,42.76420373,6.319599012,1.903102939,8.297442387,25.48231141,16.71705536,11.99931727,3.217215159,2.755208186,0.585593991,0.221342207,5.711772913,0.633653416,3.358459076,109.7961267,27.63456417,55.62061984,6.375337164,23.48149839,4.455645287,0.818087212,4.218478745,0.530908013,2.7404879,0.485343131,1.342561514,1.085493886,0.071316641,14.98291712,8.5502111,265.958,9.795298257,56.78,7.03,54.1,10.21,2.83,13.04,419.4344,8.470173596,Sandy,113.155346,33.177072,197,Mountain,0.121887982,4979.0,3423.0,821.5999756,0.697808981,0.100000001,25.60000038,39.22999954,-18.78000069
C1_2_6,1.32017311,18.86041161,1.126171708,192.8107392,5088.58558,2962.578969,3212.870694,4.616529255,844.6708014,36.91545254,32.39554724,464.409395,25379.39721,10.20121564,23.99253766,30.00760812,43.17968396,6.833886628,2.083909078,9.34416958,28.19638582,18.26299291,12.3770911,4.45499088,2.798850732,0.628834279,0.78516219,5.852474132,0.741932954,3.733342226,124.9923127,29.11573582,59.89813886,6.633995879,24.45435715,4.581152457,0.846157393,4.322145632,0.541482317,2.810735536,0.496551252,1.362318746,1.126904229,0.11295637,16.54311994,9.838027534,186.34,8.6909614,53.38,7.04,112.2,10.89,3.07,13.96,387.7566,8.921219652,Sandy,113.155346,33.177072,197,Mountain,0.121887982,4979.0,3423.0,821.5999756,0.697808981,0.100000001,25.60000038,39.22999954,-18.78000069
C1_2_7,8.9922877,19.41757501,1.158095729,176.1760592,5054.869628,2700.162735,3127.904669,4.683757257,796.8054526,36.58912937,31.57245637,475.3657184,24661.39206,10.31718332,23.49656549,28.18661332,40.61595669,6.834930352,2.073328055,9.487331547,26.45292184,18.24671828,13.30772457,4.750477714,3.646095744,0.665043838,0.535688091,5.614962288,0.767196496,3.695029565,126.9726712,27.77820724,57.76132837,6.420471174,23.68690836,4.617850307,0.867830295,4.434546858,0.579628017,2.993526062,0.541453171,1.486903968,1.260199012,0.112714134,16.07959247,9.229348916,214.291,17.88998161,54.98,7.13,55.3,10.34,3.61,13.95,514.129,8.620452845,Sandy,113.155346,33.177072,197,Mountain,0.121887982,4979.0,3423.0,821.5999756,0.697808981,0.100000001,25.60000038,39.22999954,-18.78000069
C1_2_8,4.31284145,15.69444288,1.020925321,180.5678659,4286.550378,2612.46392,2876.63915,3.910293114,746.5375649,32.54018535,26.87958638,415.7929715,22148.22489,9.078016754,20.43796369,26.41191945,37.9893873,6.004613507,1.838855672,8.264071776,24.41509935,15.84101426,11.96400954,2.758331369,2.773735693,0.663050387,0.360689131,5.76257788,0.628070554,3.108914614,108.4220115,26.62370273,58.59906209,6.212314572,23.08779023,4.403399304,0.808092484,4.216551904,0.538055648,2.751610628,0.484898959,1.31927643,1.088838811,0.059787339,14.55170639,8.905358585,121.968,11.17987622,59.94,6.97,65.5,15.07,4.98,20.05,364.0406,7.541469773,Sandy,113.155346,33.177072,197,Mountain,0.121887982,4979.0,3423.0,821.5999756,0.697808981,0.100000001,25.60000038,39.22999954,-18.78000069
C1_2_9,7.39142619,17.2775069,1.026698234,182.2780317,4615.384743,2732.257134,2852.891342,4.217624783,760.2452555,34.44374716,28.66858876,430.9106722,23569.0844,9.477469356,21.74687892,28.45544936,40.20901226,6.540306065,1.948437394,8.710396771,26.76251214,16.34230027,11.77801472,2.058827514,2.377511889,0.630078532,0.258395043,5.88148532,0.668052022,3.433440196,113.0976888,28.07738447,58.8561183,6.445655481,23.94701741,4.556805039,0.830833449,4.313279919,0.533221622,2.714935619,0.477115429,1.282688578,1.051200795,0.045706589,15.85656945,8.178119729,277.9854,28.22661081,57.52,6.91,57.5,8.72,4.11,12.83,734.5184,9.9500539,Sandy,113.155346,33.177072,197,Mountain,0.121887982,4979.0,3423.0,821.5999756,0.697808981,0.100000001,25.60000038,39.22999954,-18.78000069
C1_2_10,4.46507626,12.97423728,0.796330366,152.4583869,3540.118952,2227.633926,2269.828692,3.319650332,662.2859242,27.90817884,22.65085763,340.2319183,19524.20467,7.599437497,16.48759255,23.73802051,33.66841785,5.330529127,1.638698181,6.72901801,21.68369417,12.6321327,10.09746449,1.490309502,2.563182407,0.543843392,0.444436085,5.518939172,0.559342286,2.694543237,89.6222993,27.44194171,54.96582995,6.081655024,21.87521145,3.982323695,0.682598008,3.696412332,0.463528847,2.355212694,0.411542172,1.113811644,0.918743245,0.043525358,12.82984361,8.861061311,137.214,8.675015954,55.62,6.79,53.9,12.26,3.94,16.2,491.0906,12.60559248,Sandy,113.155346,33.177072,197,Mountain,0.121887982,4979.0,3423.0,821.5999756,0.697808981,0.100000001,25.60000038,39.22999954,-18.78000069
C1_2_11,5.66848097,17.59340548,1.107429304,179.5648818,4713.276119,2889.15912,2822.617486,4.345313028,806.4483751,35.44504707,28.05368468,472.4134847,25152.80791,9.814590725,21.15309111,28.92033253,42.79579748,6.819309288,2.070880493,9.040491702,26.96504223,16.5992226,12.27060702,3.469363448,3.421705962,0.687039902,0.23072134,5.973497468,0.667061642,3.616588059,119.6864046,31.05402753,62.93262977,6.939271134,25.23121413,4.664488394,0.842506167,4.345733038,0.549912086,2.810050096,0.495832594,1.328768457,1.090530719,0.085185049,19.18203921,10.72483794,222.9304,13.45801101,59.36,6.75,78.3,11.23,2.89,14.12,536.4898,8.845692743,Sandy,113.155346,33.177072,197,Mountain,0.121887982,4979.0,3423.0,821.5999756,0.697808981,0.100000001,25.60000038,39.22999954,-18.78000069
C1_2_12,3.20702526,18.36675244,1.235209208,175.1073728,5055.165012,2838.935512,2968.900294,4.619822024,825.3737472,37.15109808,29.96153269,473.3026299,25579.23243,10.39346319,23.50184421,28.07030245,43.17526671,7.059578077,2.077515949,9.603510214,27.5626692,18.11961701,12.43956195,3.816414947,2.893442404,0.68448945,0.359885078,5.953346207,0.730196701,3.818586556,129.0251179,30.10946781,62.35475697,6.879909488,25.37054239,4.807677356,0.889712949,4.556251616,0.571951438,2.853282338,0.517582442,1.362417044,1.128458234,0.091938886,17.1269919,9.996897091,271.04,7.885490697,59.46,6.77,44.7,8.34,4.03,12.37,665.5726,8.903386794,Sandy,113.155346,33.177072,197,Mountain,0.121887982,4979.0,3423.0,821.5999756,0.697808981,0.100000001,25.60000038,39.22999954,-18.78000069
C1_2_13,10.3059194,18.81334812,1.049891006,213.161641,5282.649203,2774.663982,3569.493575,4.78995501,812.8149679,37.92030959,36.34138123,483.0586027,26134.30049,10.94026063,26.46860204,32.70481949,52.81814111,7.085165939,2.056921038,10.54449186,27.69282996,20.60320715,13.14849711,4.378623167,2.509914428,0.833253326,2.036270121,6.021314629,0.798403871,3.837737774,140.5078358,30.11802491,60.15670006,6.821234001,25.16257361,4.850228328,0.89586889,4.646645189,0.572996332,2.953515246,0.52886045,1.41814487,1.156063377,0.102176637,17.44959029,10.47587916,271.2094,17.47483624,55.28,6.92,125.6,15.3,3.78,19.08,577.8234,8.962350995,Sandy,113.155346,33.177072,197,Mountain,0.121887982,4979.0,3423.0,821.5999756,0.697808981,0.100000001,25.60000038,39.22999954,-18.78000069
C1_2_14,0.56000093,16.36424619,1.035733491,194.1889345,4017.368229,2566.153528,2268.889393,4.065953215,832.9701288,32.62709271,27.81538687,406.2266334,21938.6819,9.446138979,19.03825119,24.59739252,39.52766931,6.131176761,3.587148126,7.831837114,24.90156539,12.05198905,10.55885031,2.43168843,4.037422999,1.308150816,0.322150821,5.894178926,0.660806854,2.834924515,91.68702796,27.29279639,57.08683917,6.138520156,22.4018789,4.023841009,0.704399552,3.990534294,0.469770118,2.25550406,0.403597252,1.061569966,0.871860734,0.074409979,13.06510364,8.203551016,242.242,17.46506986,44.64,6.71,50.1,9.75,6.43,16.18,499.5606,7.060577424,Sandy,113.155346,33.177072,197,Mountain,0.121887982,4979.0,3423.0,821.5999756,0.697808981,0.100000001,25.60000038,39.22999954,-18.78000069
C1_2_15,5.18236306,20.7669046,1.330805065,213.0997547,5962.663385,3425.074929,3583.116537,5.218687643,938.3087216,41.50690823,32.53514782,535.8741129,27812.05244,11.3137484,24.87294983,29.02897694,51.01191082,7.422890274,4.004656131,10.09531878,28.60493103,18.73691361,13.36460199,3.402087743,3.420876571,0.873780417,0.279676057,6.076640705,0.759257057,3.585699902,118.5208242,28.08428824,59.22801373,6.476601667,24.03314658,4.485091979,0.827085635,4.488329329,0.554998113,2.742152579,0.486188009,1.316036182,1.104973173,0.076764602,15.3468538,8.101867625,217.3402,3.191828918,57.18,6.81,48.1,10.44,2.25,12.69,581.2114,8.876562507,Sandy,113.155346,33.177072,197,Mountain,0.121887982,4979.0,3423.0,821.5999756,0.697808981,0.100000001,25.60000038,39.22999954,-18.78000069
C1_3_1,0.29673571,11.56972229,0.785047934,182.5876202,2935.41501,1824.859385,1950.256509,3.155893294,484.8194222,24.09110239,22.38384488,302.9424311,15580.33672,6.649260398,14.79991501,25.54767247,31.00172133,4.555244657,1.545396268,5.574542225,18.26167092,10.80580572,8.044340886,1.296974457,1.350065068,0.258952034,0.339388566,5.533239678,0.460843045,2.142072188,79.83604875,19.42746409,40.07743431,4.440860404,16.44903001,3.091750847,0.564423672,2.871195635,0.351552676,1.72647131,0.300538249,0.788382894,0.649251451,0.030357088,10.89000924,7.253605604,243.936,16.3496431,37.7,6.78,39.8,9.9,6.06,15.96,1101.2694,11.35207818,Roam,113.302273,33.140067,136,Flat,0.160263002,5353.0,3718.800049,854.4000244,0.66732198,0.899999976,26.79999924,40.56999969,-17.42000008
C1_3_2,1.84663183,11.76190314,0.758341448,180.0747209,3008.874913,1882.121604,1910.059713,3.194168449,495.1082824,24.9466513,23.35929244,319.2691892,15879.87817,6.83973517,15.77161708,24.67395483,32.01323041,4.705799853,1.557990606,5.804413429,19.10582678,10.89680924,8.242257586,1.693885696,1.354070534,0.262337274,0.191462464,5.465236874,0.497470674,2.240513778,80.02024415,20.89122059,42.88160732,4.710325546,17.57672261,3.286829494,0.594890676,3.01380034,0.363335576,1.767665784,0.309405827,0.806969233,0.655077431,0.040465476,10.95525226,5.457459832,271.2094,5.447908911,46.2,6.88,29.1,7.96,2.04,10.0,868.8526,6.214813539,Roam,113.302273,33.140067,136,Flat,0.160263002,5353.0,3718.800049,854.4000244,0.66732198,0.899999976,26.79999924,40.56999969,-17.42000008
C1_3_3,0.93398731,12.50554068,0.786621064,183.6593502,3090.503699,1849.598033,2141.643749,3.101483772,747.3766027,25.51159122,22.85222162,386.3270923,16151.12645,7.094438531,15.96135068,28.04163024,32.28926405,4.781561552,1.417867856,5.935475565,18.16907306,12.66008603,9.104612405,1.147316521,2.204526643,0.298599139,0.326034685,4.737277785,0.514666275,2.056542993,82.26176421,21.80879553,44.7630205,4.953961048,18.57476417,3.524550241,0.636855772,3.248969297,0.396319592,1.96016796,0.338457818,0.892448859,0.718119734,0.027406529,11.26954442,5.437424407,301.532,8.174495574,64.82,6.09,39.1,10.64,6.83,17.47,1373.3258,9.018804733,Roam,113.302273,33.140067,136,Flat,0.160263002,5353.0,3718.800049,854.4000244,0.66732198,0.899999976,26.79999924,40.56999969,-17.42000008
C1_3_4,0.59626432,13.02957878,0.713323827,223.6640952,3227.477181,2114.24524,2196.315868,3.432240638,525.0673675,26.32307827,23.02910633,346.8602022,17029.86099,7.208891264,16.10911893,35.3165707,30.55009349,4.942434295,1.39950863,6.292474213,20.07129912,12.14260869,9.047197828,1.595728071,1.62545896,0.281027209,0.273861806,5.792185667,0.550919892,2.323105521,92.43712355,21.46040179,44.06409395,4.879233418,18.23427934,3.438668808,0.630271559,3.156606971,0.389792159,1.943471969,0.338563135,0.880998112,0.720403573,0.052678466,12.68843533,5.931935571,271.2094,12.45714741,47.84,6.01,46.2,8.93,4.06,12.99,1029.7826,18.92910924,Roam,113.302273,33.140067,136,Flat,0.160263002,5353.0,3718.800049,854.4000244,0.66732198,0.899999976,26.79999924,40.56999969,-17.42000008
C1_3_5,0.41726575,11.15724778,0.658184325,190.7240196,2896.215346,1834.444038,1817.815868,3.073399954,473.9223102,24.36512749,22.31824368,332.9836158,15690.38702,6.907897947,14.96841078,33.53424731,28.15121039,4.489740371,1.230422712,5.619892345,18.29561866,10.77495891,8.246986455,1.064333541,1.240116811,0.25470101,0.293400036,11.36937174,0.510028616,2.143717818,87.94162889,19.6701328,40.80383859,4.494784665,16.76277616,3.178001468,0.576082022,2.90828984,0.361824193,1.767285137,0.312265751,0.813532522,0.659557871,0.025561511,12.89117334,4.938790441,196.504,20.33249611,36.72,5.88,39.2,10.54,6.56,17.1,1082.2966,8.028049867,Roam,113.302273,33.140067,136,Flat,0.160263002,5353.0,3718.800049,854.4000244,0.66732198,0.899999976,26.79999924,40.56999969,-17.42000008
C1_3_6,0.59047946,12.12726302,0.727263847,191.1049775,3129.250058,2039.162547,2008.870556,3.2322471,499.0824412,25.42601858,23.22045381,351.4340971,16421.37909,7.217620796,15.68020103,30.92766192,30.09311314,4.771169576,1.214977214,5.94900348,19.09797747,11.44266316,8.685159285,1.260156187,1.386964404,0.271510651,0.226608705,5.764218228,0.578671695,2.227118009,86.18530322,21.27889161,43.171434,4.762646045,17.85884033,3.427887445,0.609217423,3.076086354,0.36921122,1.840538261,0.325394689,0.847595504,0.686271474,0.030484272,11.93517674,7.234700952,271.2094,9.477632787,47.6,5.7,52.3,10.27,4.95,15.22,973.8806,18.47997216,Roam,113.302273,33.140067,136,Flat,0.160263002,5353.0,3718.800049,854.4000244,0.66732198,0.899999976,26.79999924,40.56999969,-17.42000008
C1_3_7,1.71318651,12.53185238,0.804286526,191.9397632,3264.298138,2033.817363,1947.556101,3.33198227,514.0998883,26.84487614,22.4743118,359.4330341,17179.2051,7.551571206,14.97707541,32.35912198,28.99194538,4.95323779,1.185275937,6.401465468,20.71581925,11.50765439,8.235174505,1.07960126,1.358620356,0.248385244,0.198937136,5.834864199,0.518958048,2.333008297,89.31131242,21.92741758,46.70577069,4.930283876,18.34228883,3.39432615,0.607352139,3.073566875,0.3769704,1.847330624,0.313758824,0.819000697,0.661031597,0.026616772,12.9070092,5.455169095,186.5094,16.58341658,61.6,5.72,36.7,12.07,14.66,26.73,1033.1706,15.06727186,Roam,113.302273,33.140067,136,Flat,0.160263002,5353.0,3718.800049,854.4000244,0.66732198,0.899999976,26.79999924,40.56999969,-17.42000008
C1_3_8,0.50795346,11.490069,0.706263418,224.5794618,2837.725053,1813.587594,1829.608907,2.990568305,477.2200823,24.09872751,19.91627991,327.4512985,15259.98025,6.612194438,13.92088526,35.43846617,27.12371809,4.539227826,1.090219533,5.732723923,18.02112828,10.5048597,7.973438494,1.310407357,1.334960328,0.231004806,0.214960492,5.682078123,0.510671421,2.092917545,80.73081055,20.48991404,42.95812223,4.621472343,17.33938471,3.236883046,0.588745371,2.939815367,0.365574258,1.748811676,0.306315585,0.792435982,0.643953277,0.032370106,11.79920327,5.565234067,271.2094,9.893272575,47.0,5.57,49.8,10.16,8.66,18.82,687.5946,17.56417669,Roam,113.302273,33.140067,136,Flat,0.160263002,5353.0,3718.800049,854.4000244,0.66732198,0.899999976,26.79999924,40.56999969,-17.42000008
C1_3_9,6.03187482,11.32344036,0.644852756,211.9681208,2815.593262,1795.483001,1838.838086,2.958212527,464.5995283,24.02437946,20.71051261,357.7406352,15269.90355,6.949792022,14.27283921,33.79772422,26.08559159,4.439375969,1.009632862,5.68049046,17.57788159,10.11173586,8.36895058,1.471860992,1.42430543,0.238535512,0.206591342,5.734218538,0.506964887,2.124228926,77.7480079,20.34960836,42.06462855,4.614039826,17.22522274,3.212156265,0.596242105,2.958993784,0.363769183,1.797176842,0.313967018,0.830506224,0.678828586,0.03564925,11.95775989,5.370322744,247.324,9.080386365,42.72,5.57,45.5,11.61,4.99,16.6,978.9626,22.28930055,Roam,113.302273,33.140067,136,Flat,0.160263002,5353.0,3718.800049,854.4000244,0.66732198,0.899999976,26.79999924,40.56999969,-17.42000008
C1_3_10,0.62284484,11.51490023,0.740873224,177.1272184,2678.979466,1604.301808,1847.789123,2.971020279,794.1985882,23.54532938,20.2844854,354.6357683,14546.36261,6.472046591,14.01296591,29.14153776,26.69831332,4.382615199,0.944341287,3.688304185,15.61285879,11.50807776,8.967320446,1.353584047,1.883078047,0.209415602,0.260781974,5.046205218,0.447139181,1.895613414,77.18508925,21.50566363,44.31596392,4.896737267,18.327256,3.441084627,0.629476679,3.132658712,0.391099884,1.930378975,0.340145127,0.900925845,0.734743739,0.034085501,11.39855039,5.441935275,271.04,16.37118671,50.42,5.56,47.5,9.17,7.2,16.37,1027.2416,13.47079554,Roam,113.302273,33.140067,136,Flat,0.160263002,5353.0,3718.800049,854.4000244,0.66732198,0.899999976,26.79999924,40.56999969,-17.42000008
C1_3_11,1.38036505,12.77736517,0.857292004,220.4419594,3288.866793,2066.194381,2170.359518,3.510885648,536.2215547,25.37224903,22.82810535,326.143248,15926.07582,6.708779062,15.48709424,48.62669556,27.08768234,4.772939621,2.544173151,5.695203266,18.65424291,11.00114867,8.292872941,1.497595887,1.971849866,1.056988153,0.431551396,5.906568658,0.511449095,2.076627795,74.51614901,18.87470623,38.82669981,4.352158767,16.28518986,3.038520067,0.579005909,3.016814322,0.36894827,1.671968089,0.317175483,0.785677604,0.629329681,0.071190615,10.47751121,4.680998293,242.242,15.38523018,48.2,5.53,49.2,9.88,8.59,18.47,1343.1726,16.6600621,Roam,113.302273,33.140067,136,Flat,0.160263002,5353.0,3718.800049,854.4000244,0.66732198,0.899999976,26.79999924,40.56999969,-17.42000008
C1_3_12,2.23891639,14.88259609,0.913007362,297.2436441,3863.572921,2401.457138,2265.173008,4.312265262,615.3109493,30.45204547,26.32700421,463.0729705,19151.76396,9.080672892,18.47693252,51.20799467,29.71083356,5.608002447,2.724622861,6.692857693,21.4671411,11.86433965,9.505398053,1.558068023,1.633277959,0.524771773,0.296853503,5.75813921,0.534953202,2.427343821,89.68559818,21.90835822,46.80215585,5.102118571,18.99319443,3.574746877,0.655893939,3.498306641,0.406028624,1.923183938,0.341298081,0.885391152,0.717669316,0.041616986,12.88924924,5.246126554,267.652,2.095724722,45.74,5.48,43.2,11.65,4.49,16.14,1118.3788,23.89051346,Roam,113.302273,33.140067,136,Flat,0.160263002,5353.0,3718.800049,854.4000244,0.66732198,0.899999976,26.79999924,40.56999969,-17.42000008
C1_3_13,2.61995987,12.45417775,0.703863115,244.0131987,2943.291612,1967.761373,2089.868816,2.969827627,490.4783247,24.85467928,24.68553234,373.2810613,16364.80781,7.18166741,16.89114638,37.81702824,29.03764373,4.654014756,0.957663964,6.102710293,18.53620105,11.32989955,8.82476975,1.450230356,1.549183254,0.276802408,0.422733603,6.247949585,0.524390941,2.150040759,86.91638157,21.82966331,47.59464726,4.918851497,18.40120507,3.435494711,0.623424775,3.117061691,0.39132459,1.93196517,0.334784025,0.881476727,0.730241277,0.040743279,12.79222389,5.313809315,320.166,8.088998961,40.94,5.47,39.3,10.41,4.09,14.5,1097.5426,17.63785651,Roam,113.302273,33.140067,136,Flat,0.160263002,5353.0,3718.800049,854.4000244,0.66732198,0.899999976,26.79999924,40.56999969,-17.42000008
C1_3_14,1.51622875,12.1703087,0.791924864,319.5848677,3033.578025,2092.153936,3541.277135,3.077993194,493.8739522,24.76969653,27.55826684,354.1664163,15984.96781,7.181868391,17.34397031,44.0868384,37.6268746,4.614736623,0.889129645,5.930845248,18.77866146,13.90757951,8.129753979,1.484183572,1.394400045,0.256840008,0.571433548,6.512971181,0.509435573,2.198289624,83.43331368,21.09569616,44.90602905,4.763588154,17.77911708,3.361470848,0.604952611,2.951264946,0.36446525,1.777848894,0.308418526,0.809666237,0.666241172,0.036974823,13.55856283,5.479383957,272.9034,14.76574348,67.96,5.56,55.0,11.72,5.74,17.46,1502.4086,19.27045848,Roam,113.302273,33.140067,136,Flat,0.160263002,5353.0,3718.800049,854.4000244,0.66732198,0.899999976,26.79999924,40.56999969,-17.42000008
C1_3_15,1.5520063,5.26460662,0.352176347,192.2782319,1334.916078,872.5594614,1446.401057,1.349320724,209.014069,11.24766535,70.32993056,276.5412591,7535.981027,4.624468869,22.32602111,21.43658084,25.04978649,2.122465099,0.415929547,2.717250976,8.350505933,5.878732118,4.072095059,0.778645525,0.926354887,0.278808858,0.154602225,4.823673442,0.291567456,0.963713667,41.35952636,9.70963897,20.24921603,2.251064324,8.417276669,1.607994169,0.305194023,1.421200266,0.188290179,0.874036123,0.158739423,0.410675462,0.337765091,0.041919785,14.33550973,2.288882999,304.92,13.0822082,40.54,5.5,54.6,9.97,5.87,15.84,1399.0746,20.11437133,Roam,113.302273,33.140067,136,Flat,0.160263002,5353.0,3718.800049,854.4000244,0.66732198,0.899999976,26.79999924,40.56999969,-17.42000008
C2_1_1,2.38389827,31.605,1.908,278.759,6950.5,2701.5,18279.5,6.4485,702.0,54.5565,44.4175,502.0,23963.5,10.5585,28.281,20.1565,259.889,11.9315,4.593,13.5525,33.2805,43.881,12.824,8.137,3.173,1.8765,0.2325,2.396,0.4705,3.84,133.4695,29.294,61.553,6.8605,25.7555,4.898,0.8975,4.118,0.6835,2.7555,0.6755,1.3945,1.1105,0.5195,15.5745,9.0275,77.0,23.43,318.32,7.98,148.1,,,,,,Roam,113.500423,34.059227,118,Flat,0.31208998,5388.100098,3757.399902,862.7999878,0.546810985,0.899999976,27.0,41.0,-17.59000015
C2_1_2,0.68918522,35.832,2.1135,302.0455,7851.0,3330.5,9042.5,7.8575,870.5,65.3805,49.2715,584.5,27235.0,12.026,32.0475,20.9815,78.097,14.1925,5.189,15.4705,39.7815,45.7205,14.2585,5.954,3.4565,0.57,0.186,2.4365,0.9275,4.2595,142.4465,30.553,64.0625,6.9845,26.1665,4.9985,0.9175,4.184,0.696,2.8175,0.69,1.4365,1.146,0.435,15.212,8.5525,62.37,18.5,246.53,8.02,127.0,,,,,,Roam,113.500423,34.059227,118,Flat,0.31208998,5388.100098,3757.399902,862.7999878,0.546810985,0.899999976,27.0,41.0,-17.59000015
C2_1_3,6.1817862,29.1195,2.059,209.898,7921.0,2314.0,9342.5,5.7895,612.5,49.481,38.1075,590.0,28083.5,10.545,29.002,20.0435,71.3935,11.1735,4.2775,13.6625,28.079,30.909,11.192,4.7435,1.951,0.4255,0.2675,2.0535,0.8865,3.372,117.5945,24.854,51.9625,5.7815,21.5565,4.122,0.756,3.447,0.5995,2.2995,0.5955,1.1695,0.909,0.4385,13.547,6.929,80.08,17.51,415.36,8.18,116.6,,,,,,Roam,113.500423,34.059227,118,Flat,0.31208998,5388.100098,3757.399902,862.7999878,0.546810985,0.899999976,27.0,41.0,-17.59000015
C2_1_4,3.38751591,34.3495,2.191,263.753,7336.5,2679.0,9087.5,6.885,656.5,55.718,43.96,547.0,25526.0,11.952,30.3335,20.8895,78.119,12.127,4.772,13.7995,31.1715,35.0145,12.3755,7.245,2.9165,1.621,0.406,2.1555,0.4485,3.564,121.3035,26.384,55.243,6.1085,23.0195,4.409,0.811,3.676,0.6305,2.4645,0.6295,1.2605,0.9895,0.4675,13.768,7.703,73.92,26.29,268.58,7.98,140.7,,,,,,Roam,113.500423,34.059227,118,Flat,0.31208998,5388.100098,3757.399902,862.7999878,0.546810985,0.899999976,27.0,41.0,-17.59000015
C2_1_5,1.44121211,37.826,2.61,328.3335,6937.0,3097.0,8289.5,7.9405,767.5,63.703,49.0565,516.0,25018.0,12.0375,32.2215,22.6595,81.5585,14.501,5.622,15.2045,35.704,38.7945,14.2955,8.77,3.6715,1.443,0.2185,2.5635,0.4735,4.035,137.4095,32.69,68.1265,7.5485,28.035,5.2465,0.945,4.333,0.7045,2.8255,0.69,1.4245,1.122,0.495,14.5305,9.36,84.7,31.82,178.47,8.12,129.3,,,,,,Roam,113.500423,34.059227,118,Flat,0.31208998,5388.100098,3757.399902,862.7999878,0.546810985,0.899999976,27.0,41.0,-17.59000015
C2_1_6,1.8547526,34.6415,2.2095,264.7485,8159.0,3425.0,10603.0,7.092,836.5,58.0405,44.633,687.5,29297.5,12.0625,30.425,20.1805,72.0725,13.0535,5.003,14.1185,32.0155,35.7285,13.0365,7.994,3.4965,0.614,0.0835,2.203,0.382,3.6225,124.1485,28.6565,61.4645,6.5575,24.3345,4.6335,0.8375,3.889,0.656,2.5895,0.6495,1.3225,1.045,0.476,13.589,8.382,49.28,12.77,276.68,8.14,123.2,,,,,,Roam,113.500423,34.059227,118,Flat,0.31208998,5388.100098,3757.399902,862.7999878,0.546810985,0.899999976,27.0,41.0,-17.59000015
C2_1_7,3.44259623,39.2565,2.4315,307.954,8560.5,3338.5,11375.5,8.406,859.0,68.5705,52.937,605.5,30428.5,12.9165,34.9605,23.2615,84.208,14.534,5.487,16.539,37.617,43.3505,14.733,8.8805,3.71,0.597,0.098,2.299,0.4505,4.3535,145.4835,31.3655,65.5025,7.2365,26.887,5.1065,0.9405,4.287,0.7035,2.8545,0.6945,1.453,1.1455,0.4895,15.195,9.0365,67.76,15.83,211.97,8.04,126.0,,,,,,Roam,113.500423,34.059227,118,Flat,0.31208998,5388.100098,3757.399902,862.7999878,0.546810985,0.899999976,27.0,41.0,-17.59000015
C2_1_8,2.03475667,37.4595,2.4425,362.698,7186.0,2623.5,9440.5,7.874,713.0,62.4565,46.771,568.5,25480.0,12.9865,32.0335,22.1085,73.38,13.9635,5.161,14.4515,34.4615,42.856,12.8295,8.309,3.228,0.409,0.2845,2.3485,0.4175,3.7755,143.3745,30.2085,64.8235,6.722,24.93,4.629,0.8625,3.8435,0.6425,2.522,0.6375,1.2835,1.0115,0.4855,14.317,8.0495,36.96,19.38,244.88,7.85,142.6,,,,,,Roam,113.500423,34.059227,118,Flat,0.31208998,5388.100098,3757.399902,862.7999878,0.546810985,0.899999976,27.0,41.0,-17.59000015
C2_1_9,1.94103142,33.2965,1.9875,304.2225,7108.5,3160.5,9641.5,7.4795,789.0,61.3725,46.378,509.5,24800.5,10.9055,29.8765,19.5145,79.1055,13.6335,4.89,14.5045,38.555,41.79,13.4745,5.491,3.2235,1.1815,0.104,2.4755,0.9125,4.093,136.3185,29.3395,61.568,6.835,25.3925,4.8395,0.8745,4.045,0.676,2.719,0.669,1.375,1.0855,0.426,13.6435,9.1215,72.38,13.86,366.18,8.15,128.8,,,,,,Roam,113.500423,34.059227,118,Flat,0.31208998,5388.100098,3757.399902,862.7999878,0.546810985,0.899999976,27.0,41.0,-17.59000015
C2_1_10,3.57848379,36.8045,2.1675,307.6515,9348.0,3104.0,27115.0,7.6195,688.0,60.237,47.1525,515.0,25324.5,11.693,31.3105,20.8155,72.269,13.216,4.9685,14.614,34.783,36.317,13.039,7.128,3.013,0.2865,0.094,2.312,0.6385,3.909,132.2745,28.18,58.0585,6.422,23.975,4.584,0.854,3.8435,0.645,2.5635,0.6455,1.309,1.032,0.458,13.5205,7.9345,87.78,20.77,245.68,8.02,138.4,,,,,,Roam,113.500423,34.059227,118,Flat,0.31208998,5388.100098,3757.399902,862.7999878,0.546810985,0.899999976,27.0,41.0,-17.59000015
C2_1_11,0.85772091,34.939,2.2895,258.2335,7829.0,2946.5,8313.5,7.274,723.5,58.168,45.2695,570.0,27675.5,11.592,30.8925,22.264,78.029,12.9845,5.0195,14.715,33.8805,34.6535,13.063,6.3255,2.9495,0.3625,0.118,2.2575,0.713,3.8365,127.4075,27.8675,58.042,6.425,23.9585,4.571,0.8415,3.815,0.647,2.564,0.645,1.308,1.0365,0.455,14.312,7.6935,88.55,27.87,251.26,7.97,122.1,,,,,,Roam,113.500423,34.059227,118,Flat,0.31208998,5388.100098,3757.399902,862.7999878,0.546810985,0.899999976,27.0,41.0,-17.59000015
C2_1_12,1.60478838,33.855,2.21,369.2205,8028.5,5957.0,10254.0,6.8645,743.0,54.908,43.5665,588.5,26318.0,10.8555,29.364,20.502,72.7505,12.361,4.858,13.622,31.5525,35.738,12.311,7.1225,2.955,0.3245,0.367,2.234,0.494,3.555,120.714,27.1055,56.377,6.2645,23.3495,4.442,0.7985,3.7075,0.629,2.4525,0.626,1.256,0.984,0.459,13.318,7.8,93.94,18.4,245.19,7.95,139.9,,,,,,Roam,113.500423,34.059227,118,Flat,0.31208998,5388.100098,3757.399902,862.7999878,0.546810985,0.899999976,27.0,41.0,-17.59000015
C2_1_13,1.32266646,34.997,2.2505,307.7665,9784.0,3616.0,12112.0,7.1365,935.5,59.633,47.05,711.5,34533.5,11.825,31.941,21.521,76.5455,13.4235,5.2735,14.875,32.4115,37.6955,13.2215,6.9,2.9735,0.414,0.094,2.2475,0.6855,3.747,130.707,29.497,61.5225,6.777,25.309,4.8,0.879,3.9805,0.663,2.621,0.6535,1.325,1.0455,0.468,14.7825,8.226,81.62,21.06,267.61,8.05,153.1,,,,,,Roam,113.500423,34.059227,118,Flat,0.31208998,5388.100098,3757.399902,862.7999878,0.546810985,0.899999976,27.0,41.0,-17.59000015
C2_1_14,1.60005689,37.889,2.311,285.9655,10647.5,3879.0,24008.5,7.341,785.0,58.808,46.5635,718.5,32905.0,12.514,32.472,20.34,74.488,12.8055,4.4775,15.043,37.2035,64.707,13.0915,6.7175,2.751,0.394,0.1695,2.356,1.0275,4.3835,164.264,28.7215,61.659,6.67,24.962,4.796,0.9065,4.0295,0.678,2.764,0.6845,1.4185,1.13,0.4865,17.271,9.5235,69.3,18.4,343.14,8.16,160.6,,,,,,Roam,113.500423,34.059227,118,Flat,0.31208998,5388.100098,3757.399902,862.7999878,0.546810985,0.899999976,27.0,41.0,-17.59000015
C2_1_15,2.44242539,36.3645,2.222,253.6025,7788.5,3399.0,10449.0,7.6495,787.0,61.766,48.647,524.0,29177.5,11.44,32.241,20.982,75.188,13.3275,4.9995,15.782,35.249,37.7505,13.4245,6.5745,2.968,0.427,0.057,2.304,0.8375,4.1965,132.9095,28.4815,57.7845,6.4815,24.218,4.6365,0.8765,3.858,0.6545,2.6265,0.6585,1.356,1.071,0.4345,12.8295,7.9345,52.36,21.26,242.0,8.21,112.3,,,,,,Roam,113.500423,34.059227,118,Flat,0.31208998,5388.100098,3757.399902,862.7999878,0.546810985,0.899999976,27.0,41.0,-17.59000015
C2_2_1,4.94815433,29.542,1.422,357.7825,8597.0,6504.5,49796.5,7.352,1222.5,58.6325,43.0525,564.0,27676.5,9.7315,23.9085,15.5795,62.356,12.982,3.649,11.6885,46.7465,72.7565,13.899,15.63,4.2455,0.5635,0.232,3.123,0.525,5.115,194.3015,35.5295,73.19,8.103,30.806,5.8935,1.07,4.9385,0.626,3.4,0.603,1.632,1.3695,0.5305,18.374,11.9995,,21.75,299.56,7.85,168.2,,,,,,Roam,113.451679,34.071177,110,Slope,0.320591986,5411.200195,3775.100098,865.5,0.54005003,0.899999976,27.0,41.09000015,-17.36000061
C2_2_2,7.99257962,31.5795,1.2575,311.897,8845.5,6876.0,26663.0,7.306,1366.5,60.2895,42.929,600.0,29962.5,10.001,25.356,16.1445,106.5435,13.467,4.065,12.289,46.6325,66.709,15.025,15.7425,5.59,0.633,0.229,3.2595,0.521,5.351,197.8015,38.5065,81.012,8.7375,33.1075,6.2935,1.151,5.358,0.689,3.766,0.668,1.841,1.5585,0.5275,19.552,13.5205,61.6,17.8,305.43,8.18,135.5,,,,,,Roam,113.451679,34.071177,110,Slope,0.320591986,5411.200195,3775.100098,865.5,0.54005003,0.899999976,27.0,41.09000015,-17.36000061
C2_2_3,2.41763553,39.3845,1.632,468.2715,14165.0,9084.0,42675.0,8.9295,1255.5,68.0375,52.622,660.5,33233.0,11.8675,30.896,24.063,87.041,14.448,4.099,13.182,62.8455,115.9945,15.1495,16.7115,4.2505,0.7885,0.2345,3.4665,0.584,6.8815,180.9455,36.0175,76.901,8.39,32.155,6.225,1.161,5.3205,0.6815,3.686,0.653,1.7615,1.4585,0.5825,21.8065,12.7295,63.14,14.84,268.86,7.8,154.8,,,,,,Roam,113.451679,34.071177,110,Slope,0.320591986,5411.200195,3775.100098,865.5,0.54005003,0.899999976,27.0,41.09000015,-17.36000061
C2_2_4,2.77650221,37.404,1.664,360.967,10130.0,6155.5,24753.5,8.4525,1467.5,66.7455,49.348,661.0,31747.0,12.7065,30.446,19.885,87.0845,14.922,4.1555,13.691,51.15,77.5495,14.7095,11.1505,4.8825,0.7465,0.2455,3.2595,0.47,5.6255,208.905,33.749,72.923,7.8975,29.6995,5.7005,1.0215,4.7265,0.5995,3.1865,0.5645,1.5235,1.2835,0.401,18.754,10.5765,,9.71,300.6410256,7.66,172.8,,,,,,Roam,113.451679,34.071177,110,Slope,0.320591986,5411.200195,3775.100098,865.5,0.54005003,0.899999976,27.0,41.09000015,-17.36000061
C2_2_5,6.96729446,24.9705,1.1145,253.2395,7881.5,5451.0,36371.5,5.997,1165.5,48.765,35.2735,556.5,30285.5,8.7625,21.279,14.3075,55.534,11.282,3.7035,10.841,37.6395,66.152,12.748,12.284,4.1115,0.6665,0.222,2.872,0.6015,4.379,169.315,33.658,71.656,7.8465,30.061,5.6755,1.007,4.7905,0.6,3.2305,0.575,1.5545,1.301,0.395,17.1475,11.637,84.7,31.72,333.63,7.73,186.6,,,,,,Roam,113.451679,34.071177,110,Slope,0.320591986,5411.200195,3775.100098,865.5,0.54005003,0.899999976,27.0,41.09000015,-17.36000061
C2_2_6,3.53108632,44.2905,1.5985,424.3685,11529.0,7230.5,94423.5,9.8445,1381.0,75.7215,57.7655,637.5,33216.0,13.1825,32.5545,21.306,69.098,15.0825,3.052,12.302,63.104,290.814,14.2935,16.0835,4.2035,0.793,0.3675,4.004,1.5655,6.7345,328.0905,32.13,68.0005,7.3665,28.009,5.403,1.0275,4.5995,0.593,3.2055,0.564,1.547,1.284,0.499,19.821,9.9295,61.6,12.57,320.55,8.12,259.1,,,,,,Roam,113.451679,34.071177,110,Slope,0.320591986,5411.200195,3775.100098,865.5,0.54005003,0.899999976,27.0,41.09000015,-17.36000061
C2_2_7,6.8556172,28.9105,1.392,330.0945,8848.0,7310.5,26372.0,7.1145,1404.5,58.804,42.7415,588.5,28582.0,9.666,24.3995,16.24,68.0615,13.4415,3.9735,11.9005,46.569,63.4405,14.767,16.1165,4.7945,0.632,0.231,3.2155,0.509,5.028,193.4375,37.8215,80.295,8.7295,33.244,6.284,1.1055,5.284,0.671,3.6205,0.644,1.743,1.477,0.552,19.0575,13.168,70.84,45.75,342.7604167,7.59,115.3,,,,,,Roam,113.451679,34.071177,110,Slope,0.320591986,5411.200195,3775.100098,865.5,0.54005003,0.899999976,27.0,41.09000015,-17.36000061
C2_2_8,9.29138855,27.293,1.398,282.4935,8220.0,5715.5,33141.0,6.3845,1200.5,52.651,38.2595,578.0,26875.0,9.4685,23.157,15.338,54.6815,11.897,3.485,11.8725,40.257,67.8955,13.25,12.989,4.294,0.5885,0.2005,2.9155,0.604,4.8405,187.2985,34.125,71.042,7.802,29.668,5.6725,1.0415,4.8365,0.6125,3.3115,0.5905,1.635,1.3645,0.4,17.972,11.8935,,10.3,299.1836735,8.22,134.4,,,,,,Roam,113.451679,34.071177,110,Slope,0.320591986,5411.200195,3775.100098,865.5,0.54005003,0.899999976,27.0,41.09000015,-17.36000061
C2_2_10,7.95873383,39.597,1.585,444.0265,14780.5,8810.0,45520.5,8.4845,1302.5,66.8755,50.9105,673.5,34109.5,11.9555,30.61,24.086,84.196,14.2195,4.0175,13.0945,60.373,116.405,15.237,16.068,4.2235,0.7005,0.2315,3.108,0.5435,6.868,171.4725,36.704,76.584,8.4625,32.274,6.2785,1.1755,5.32,0.6845,3.686,0.6545,1.7615,1.47,0.528,21.9345,12.494,,17.02,272.23,7.77,166.5,,,,,,Roam,113.451679,34.071177,110,Slope,0.320591986,5411.200195,3775.100098,865.5,0.54005003,0.899999976,27.0,41.09000015,-17.36000061
C2_2_11,6.35992176,29.4135,1.3525,321.8425,8002.0,5915.0,25618.5,6.683,1231.5,55.374,39.7795,522.5,25802.5,9.1395,23.0965,15.7455,78.32,12.6295,3.981,11.1435,42.981,65.6705,14.3135,16.0365,4.743,0.6155,0.212,3.5255,0.5295,4.797,184.284,36.648,77.2145,8.4855,32.293,6.18,1.089,5.258,0.667,3.599,0.645,1.746,1.4865,0.581,18.7855,12.9215,63.14,22.74,322.75,8.14,184.6,,,,,,Roam,113.451679,34.071177,110,Slope,0.320591986,5411.200195,3775.100098,865.5,0.54005003,0.899999976,27.0,41.09000015,-17.36000061
C2_2_12,4.15025084,31.318,1.3665,337.015,8362.5,6522.5,24110.5,7.429,1291.5,61.837,43.866,601.5,28149.0,10.293,25.4455,16.163,60.3605,13.6285,3.9435,12.891,47.6995,64.962,14.948,16.6795,4.7715,0.681,0.2295,3.242,0.488,5.284,206.4225,37.188,78.945,8.5725,32.7035,6.2965,1.1375,5.3015,0.6775,3.666,0.6605,1.793,1.5075,0.568,20.3445,13.505,69.3,15.63,303.58,7.78,133.1,,,,,,Roam,113.451679,34.071177,110,Slope,0.320591986,5411.200195,3775.100098,865.5,0.54005003,0.899999976,27.0,41.09000015,-17.36000061
C2_2_14,4.00473282,25.865,1.1965,253.371,8345.5,5926.5,32480.5,6.078,1272.0,50.849,37.157,545.0,27250.5,8.8415,22.092,14.268,59.733,11.732,3.665,10.9485,38.4385,64.3585,13.2855,12.2355,4.5755,0.724,0.195,2.884,0.4535,4.575,166.403,34.772,73.237,8.0665,30.805,5.8935,1.037,4.9465,0.6225,3.3555,0.589,1.5945,1.316,0.3525,17.5685,12.5305,78.54,18.3,284.44,7.78,173.4,,,,,,Roam,113.451679,34.071177,110,Slope,0.320591986,5411.200195,3775.100098,865.5,0.54005003,0.899999976,27.0,41.09000015,-17.36000061
C2_2_15,7.41239649,26.582,1.1935,366.7925,7556.5,6449.0,23929.0,6.909,1231.0,55.329,38.982,518.5,24323.0,8.589,21.1665,14.56,70.619,12.6865,3.6845,10.466,44.334,61.1995,13.6265,16.403,4.4045,0.6115,0.2095,3.148,0.518,4.499,187.321,34.9815,72.3315,7.8815,29.7935,5.6225,1.006,4.732,0.6105,3.2995,0.59,1.6125,1.3465,0.607,17.1095,11.556,61.6,20.08,298.47,7.82,165.1,,,,,,Roam,113.451679,34.071177,110,Slope,0.320591986,5411.200195,3775.100098,865.5,0.54005003,0.899999976,27.0,41.09000015,-17.36000061
C2_3_1,1.85412971,33.7175,1.5045,316.4005,9907.5,6424.0,24451.0,7.807,1165.0,62.5085,47.313,638.0,30818.5,11.129,27.85,17.683,74.814,14.177,3.889,12.467,55.2845,85.2255,15.2845,14.3415,4.845,0.531,0.2255,3.382,0.8445,6.2435,246.21,39.109,83.2735,8.9905,34.313,6.604,1.2115,5.6025,0.718,3.863,0.682,1.8615,1.556,0.4095,22.0115,14.027,95.48,15.53,208.66,7.87,167.0,,,,,,Roam,113.56216,34.168737,129,Flat,0.324495971,5355.600098,3733.399902,859.7000122,0.536948979,0.699999988,26.89999962,40.90000153,-17.82999992
C2_3_2,1.62396768,34.1655,1.5125,324.3565,21065.5,14097.5,47195.5,7.8325,2604.0,63.258,49.525,1265.0,62503.0,11.4365,28.8555,18.5725,76.998,14.2075,4.083,12.628,55.2695,77.8,15.303,14.131,4.7135,0.55,0.2265,3.4195,0.897,6.369,242.813,38.791,82.88,9.034,34.464,6.645,1.2205,5.6325,0.716,3.8795,0.687,1.857,1.547,0.3935,22.3245,14.3725,78.54,16.13,224.55,7.76,185.7,,,,,,Roam,113.56216,34.168737,129,Flat,0.324495971,5355.600098,3733.399902,859.7000122,0.536948979,0.699999988,26.89999962,40.90000153,-17.82999992
C2_3_3,1.96391958,19.1655,1.0835,138.343,7385.0,2331.0,30817.5,4.089,229.5,33.874,26.3195,593.5,26483.0,8.762,27.381,19.0175,96.923,8.2575,1.411,10.516,19.62,46.283,9.559,1.627,1.0305,0.4255,0.207,1.9895,0.3185,2.1205,136.629,25.044,54.9305,5.8645,22.512,4.3655,0.778,3.701,0.4675,2.505,0.4345,1.172,0.9345,0.0275,18.9105,8.0245,73.92,11.49,281.46,7.88,168.9,,,,,,Roam,113.56216,34.168737,129,Flat,0.324495971,5355.600098,3733.399902,859.7000122,0.536948979,0.699999988,26.89999962,40.90000153,-17.82999992
C2_3_4,2.18015866,28.4705,1.2715,307.313,8295.5,5892.5,30264.0,6.095,1223.5,51.62,36.7835,628.0,29442.0,9.122,22.2285,14.684,72.1295,11.744,2.285,11.4555,39.8925,60.5795,13.1565,11.911,4.109,0.57,0.2235,3.182,0.622,4.7485,180.4605,35.078,75.362,8.2215,31.248,5.9095,1.0275,4.964,0.6245,3.348,0.5955,1.6235,1.327,0.346,18.516,12.7985,77.0,13.17,268.05,7.77,167.8,,,,,,Roam,113.56216,34.168737,129,Flat,0.324495971,5355.600098,3733.399902,859.7000122,0.536948979,0.699999988,26.89999962,40.90000153,-17.82999992
C2_3_5,1.94962146,34.4575,1.365,310.5235,13163.5,8090.0,28518.5,7.445,1598.0,61.1145,46.0975,777.0,37785.5,11.03,27.383,17.5665,60.5465,13.67,3.821,11.964,52.7195,80.7075,15.0,14.4515,4.722,0.568,0.2765,3.2945,0.7975,6.011,233.189,38.466,82.252,8.9115,34.17,6.5055,1.2055,5.5505,0.7005,3.7905,0.6755,1.8235,1.525,0.4115,21.986,13.7865,80.08,7.24,220.52,7.91,159.4,,,,,,Roam,113.56216,34.168737,129,Flat,0.324495971,5355.600098,3733.399902,859.7000122,0.536948979,0.699999988,26.89999962,40.90000153,-17.82999992
C2_3_6,2.63312128,32.492,1.615,327.195,10758.0,7259.5,26165.0,7.4785,1343.0,60.5155,45.6395,695.0,33113.0,10.95,27.0135,18.1595,62.336,13.7,3.7695,11.4615,55.653,91.775,14.7725,16.3875,4.676,0.8225,0.349,3.5985,2.782,6.208,262.3895,38.7135,81.568,8.8735,33.6815,6.436,1.1895,5.4875,0.693,3.7895,0.665,1.8225,1.5235,0.536,23.8505,13.51,73.92,13.36,237.63,7.95,155.6,,,,,,Roam,113.56216,34.168737,129,Flat,0.324495971,5355.600098,3733.399902,859.7000122,0.536948979,0.699999988,26.89999962,40.90000153,-17.82999992
C2_3_7,2.06513137,24.3295,1.183,211.0065,8372.5,5030.5,40916.5,4.895,987.0,42.1215,31.3675,570.0,28140.0,8.195,20.362,13.9745,84.138,9.9745,1.836,11.241,32.0285,61.6565,11.5595,4.974,2.978,0.5485,0.251,2.9055,0.9405,4.2105,154.471,30.854,65.0325,7.273,28.1155,5.408,0.9405,4.5235,0.5725,3.0745,0.5345,1.459,1.184,0.129,17.239,10.095,84.7,10.6,230.76,7.89,180.4,,,,,,Roam,113.56216,34.168737,129,Flat,0.324495971,5355.600098,3733.399902,859.7000122,0.536948979,0.699999988,26.89999962,40.90000153,-17.82999992
C2_3_8,1.6003764,37.284,1.901,411.8405,23259.5,17990.0,56340.0,9.0845,2909.5,71.7725,53.048,1383.0,67729.0,11.885,29.7395,19.2085,78.7315,15.451,4.1465,13.068,65.3545,99.511,15.9225,19.1605,4.511,0.6305,0.284,3.5665,2.1125,6.679,282.5005,39.083,83.4895,8.9925,34.0625,6.5325,1.219,5.593,0.721,3.922,0.72,1.9275,1.629,0.674,23.1505,14.176,72.38,9.42,272.74,7.85,180.3,,,,,,Roam,113.56216,34.168737,129,Flat,0.324495971,5355.600098,3733.399902,859.7000122,0.536948979,0.699999988,26.89999962,40.90000153,-17.82999992
C2_3_9,2.31284372,31.5125,1.3035,282.8055,10369.5,7282.5,27548.0,7.002,1248.5,57.9615,44.4895,678.5,31741.5,10.6405,26.8705,17.584,63.3215,13.313,3.445,12.4255,52.6775,80.5325,14.3805,10.6625,4.034,0.565,0.245,3.44,1.4985,6.1305,235.7985,36.469,76.675,8.395,32.141,6.184,1.1485,5.298,0.6775,3.667,0.6505,1.765,1.471,0.2865,21.8415,12.923,67.76,24.36,228.52,7.87,158.6,,,,,,Roam,113.56216,34.168737,129,Flat,0.324495971,5355.600098,3733.399902,859.7000122,0.536948979,0.699999988,26.89999962,40.90000153,-17.82999992
C2_3_10,2.57820055,27.962,1.2535,210.2225,8261.5,4190.5,23679.0,5.3175,1114.5,44.829,34.709,581.5,29117.0,9.0675,22.028,15.9,53.6925,10.4685,2.4445,10.701,30.2155,47.1945,12.347,6.3185,4.02,0.537,0.224,2.7285,0.428,3.9195,139.335,31.682,66.369,7.364,28.0585,5.422,0.9555,4.636,0.587,3.121,0.544,1.4995,1.213,0.121,17.603,10.4555,64.68,11.49,298.66,7.9,160.2,,,,,,Roam,113.56216,34.168737,129,Flat,0.324495971,5355.600098,3733.399902,859.7000122,0.536948979,0.699999988,26.89999962,40.90000153,-17.82999992
C2_3_11,2.89358939,31.4655,1.4105,265.1885,11578.5,6787.0,26483.0,7.2125,1333.0,59.1765,43.538,702.0,34196.0,11.268,27.832,18.6025,76.0565,13.3455,3.9305,12.3615,50.67,79.246,14.54,10.0,4.407,0.5415,0.22,3.2145,1.1705,6.0925,228.9835,36.941,80.593,8.5925,32.668,6.324,1.181,5.4005,0.69,3.7315,0.658,1.7845,1.491,0.229,22.6635,12.9945,80.08,8.72,249.58,7.84,204.6,,,,,,Roam,113.56216,34.168737,129,Flat,0.324495971,5355.600098,3733.399902,859.7000122,0.536948979,0.699999988,26.89999962,40.90000153,-17.82999992
C2_3_12,4.70722714,33.977,1.4375,302.0385,17037.0,11313.5,78561.0,7.6535,1884.0,60.4925,47.327,996.0,47391.0,11.113,28.069,19.368,76.813,12.9715,3.5835,11.429,54.0295,151.731,14.1425,14.125,4.27,0.9575,0.2705,3.305,3.3175,6.1775,275.7455,35.3235,75.8235,8.2425,31.412,6.1705,1.141,5.191,0.668,3.5745,0.643,1.7435,1.453,0.409,27.4905,13.541,97.02,13.17,259.95,7.84,175.9,,,,,,Roam,113.56216,34.168737,129,Flat,0.324495971,5355.600098,3733.399902,859.7000122,0.536948979,0.699999988,26.89999962,40.90000153,-17.82999992
C2_3_13,1.98731377,34.804,1.4455,323.732,11177.5,7455.0,25411.0,8.0425,1385.0,64.581,49.0215,669.0,32926.0,11.3705,29.3025,18.579,76.358,14.074,3.932,12.3005,55.801,86.357,15.344,15.6835,4.8405,0.5685,0.2805,3.479,5.0525,6.155,242.417,36.915,78.5415,8.528,32.6315,6.244,1.1735,5.354,0.6945,3.749,0.667,1.825,1.523,0.4665,46.2635,12.7535,44.66,13.17,281.06,7.82,165.9,,,,,,Roam,113.56216,34.168737,129,Flat,0.324495971,5355.600098,3733.399902,859.7000122,0.536948979,0.699999988,26.89999962,40.90000153,-17.82999992
C2_3_14,2.47281571,33.325,1.466,349.1275,11097.5,8165.5,25024.0,7.925,1369.0,62.4045,48.041,653.5,32269.0,10.4305,26.792,16.7975,58.4055,14.126,3.8395,11.6595,57.9085,80.1805,14.4235,16.8345,4.04,0.4895,0.232,3.1855,1.0175,5.925,256.764,34.997,74.0775,8.033,30.627,5.8905,1.109,5.0405,0.645,3.542,0.6355,1.7315,1.4525,0.617,19.9215,12.2765,63.14,17.31,247.83,7.84,171.7,,,,,,Roam,113.56216,34.168737,129,Flat,0.324495971,5355.600098,3733.399902,859.7000122,0.536948979,0.699999988,26.89999962,40.90000153,-17.82999992
C2_3_15,2.02644209,34.955,1.4765,346.251,11852.0,7944.5,29416.5,8.2365,1438.0,64.8495,48.2295,762.5,36348.0,11.2695,28.3085,18.3325,71.8465,14.1735,3.856,12.3185,58.2545,87.861,15.8945,17.07,4.7865,0.5815,0.2375,3.4955,0.7825,6.4655,261.8695,39.605,84.6625,9.15,34.9405,6.755,1.2495,5.768,0.738,4.0085,0.719,1.9635,1.6335,0.551,22.761,13.801,83.16,9.61,226.37,7.84,159.1,,,,,,Roam,113.56216,34.168737,129,Flat,0.324495971,5355.600098,3733.399902,859.7000122,0.536948979,0.699999988,26.89999962,40.90000153,-17.82999992
C3_1_1,0.75690167,15.94767339,0.860403541,156.0567984,4030.664831,2507.588339,4000.816197,3.309835432,459.9727228,27.06695144,29.91183841,308.8400709,18090.60622,7.231443029,19.40795284,28.60812963,28.619073,4.719432396,0.767726216,7.869146016,17.03807179,14.72951062,7.19785741,2.344468921,1.122481628,0.318796844,0.183622157,4.65670792,0.543245231,2.328542837,122.9951237,14.83641317,31.69322808,3.462389693,13.1981224,2.592006343,0.494274273,2.323519855,0.297532343,1.552842554,0.272857508,0.726658377,0.572633366,0.050645925,12.30722047,4.570415986,252.406,12.27740957,157.2,6.42,112.2,6.13,12.82,18.95,1306.074,13.35510535,Roam,111.664,34.79,587,Flat,0.394819021,4678.100098,3212.399902,818.9000244,0.480762988,-1.0,25.10000038,39.79000092,-17.29000092
C3_1_2,2.26219127,16.39662668,0.791954193,152.0501081,4037.14934,2228.237307,4337.935358,3.502835108,480.0765004,28.33866485,36.61855709,333.9277485,18561.47467,7.616302426,21.05030308,27.95072088,29.70785417,4.898384528,0.810181355,8.049987751,17.73688801,16.45456115,7.724739988,2.908596686,1.156236765,0.350433417,0.177100957,5.804136871,0.59893039,2.531401996,123.581104,16.68738334,34.50947195,3.767926454,14.38118515,2.764348225,0.525350216,2.496851786,0.3275608,1.642008555,0.292180145,0.752542437,0.610190338,0.061525635,12.72753582,5.057876554,217.8484,4.091326388,69.78,6.66,109.5,7.26,4.6,11.86,989.296,17.77425111,Roam,111.664,34.79,587,Flat,0.394819021,4678.100098,3212.399902,818.9000244,0.480762988,-1.0,25.10000038,39.79000092,-17.29000092
C3_1_3,2.77016987,28.10124272,1.437089461,228.4610924,7240.554624,3892.589525,6509.826229,5.960419133,826.9721366,47.78037266,67.49819671,524.912358,31340.05136,12.60284014,39.05969977,40.65681228,44.94692184,8.336856636,1.367081347,13.67461045,30.45429327,26.00027893,13.13887854,6.549036783,2.232905151,0.593567619,0.199879024,8.249812862,0.887851807,4.096254654,213.5074131,27.32794481,55.68562116,6.114246593,23.16328341,4.506197438,0.867122641,4.173524628,0.536558717,2.74837698,0.483063968,1.305727549,1.037300864,0.166686736,28.26496026,8.355558709,186.34,6.485990261,67.8,6.79,93.0,6.46,4.71,11.17,1087.3786,18.12481799,Roam,111.664,34.79,587,Flat,0.394819021,4678.100098,3212.399902,818.9000244,0.480762988,-1.0,25.10000038,39.79000092,-17.29000092
C3_1_4,3.36959591,17.66434926,0.80472316,149.842174,4616.231649,2384.161867,4806.391409,3.719147238,499.1260608,29.45197107,27.72055504,335.2147036,19561.45695,7.901350404,19.84406414,26.89950261,28.57514269,5.259558582,0.816595835,8.639377644,18.81785537,18.15648944,8.243944998,2.615322579,1.162818217,0.348990389,0.145180978,5.279321345,0.52681395,2.62674096,129.15261,17.50643395,36.22922344,3.935519214,14.88648394,2.883385607,0.554641383,2.66111343,0.340723913,1.76169421,0.309003999,0.805460919,0.651104876,0.054453426,13.0425314,5.184564273,219.5424,4.591734877,63.86,7.28,113.9,6.52,4.17,10.69,1154.6304,24.45526484,Roam,111.664,34.79,587,Flat,0.394819021,4678.100098,3212.399902,818.9000244,0.480762988,-1.0,25.10000038,39.79000092,-17.29000092
C3_1_5,4.03425261,15.55631122,0.852430048,125.8837761,3963.771195,2132.2656,4024.469519,3.373097157,451.131461,26.86084121,27.10713838,315.6370608,18095.43361,7.438222012,19.92789933,23.88264308,25.9471755,4.769806999,0.744399925,7.835300088,17.25636772,15.63401703,7.777746208,2.333546232,1.056675555,0.324684053,0.151774492,5.050096008,0.487227456,2.40023996,116.1577983,16.32818864,33.09857231,3.664888393,13.88970512,2.666036487,0.512398611,2.479146434,0.31444898,1.61033077,0.282270482,0.753067678,0.596412647,0.04807207,12.21630161,4.757917216,303.226,4.697369473,60.3,7.25,96.8,6.36,3.54,9.9,897.6506,23.2580247,Roam,111.664,34.79,587,Flat,0.394819021,4678.100098,3212.399902,818.9000244,0.480762988,-1.0,25.10000038,39.79000092,-17.29000092
C3_1_6,4.93372907,31.00722603,1.679996601,358.3475431,8651.789704,4713.857107,9695.812372,7.552351916,1004.441566,56.53417625,47.69632646,615.2303548,35825.91394,14.50829493,37.04097888,49.07053486,53.46822095,9.691894586,4.599244384,15.22490306,33.91281618,31.74084706,14.19782313,4.72656193,2.334042873,0.737566471,0.351015406,7.941256827,0.887135422,4.35058682,224.0823584,27.17460554,55.39936145,6.273052679,23.51716239,4.612111381,0.935228363,4.5864118,0.555272537,2.732438011,0.4888375,1.29007909,1.04914379,0.105641696,20.80949137,7.146670699,267.652,6.380094106,70.6,7.31,113.0,5.7,3.91,9.61,1114.9908,21.33816644,Roam,111.664,34.79,587,Flat,0.394819021,4678.100098,3212.399902,818.9000244,0.480762988,-1.0,25.10000038,39.79000092,-17.29000092
C3_1_7,4.61698535,26.61530878,1.356939224,304.5993913,7539.908466,4492.561309,8216.48763,6.640789341,883.364893,50.76254117,43.43084094,531.2907526,32047.86505,12.96496712,35.69670601,44.81023733,49.22006256,8.725353322,3.76210583,13.57680603,30.75253118,29.70423668,13.27567364,5.200123603,2.283744174,0.779463547,0.262339737,11.96962004,0.845367902,3.867214008,224.2191307,24.87339087,50.07857599,5.694410514,21.40716312,4.153852674,0.843927959,4.139043775,0.49703767,2.54663865,0.450537287,1.182703597,0.954396632,0.114904886,18.58475716,6.517539583,252.406,15.57507987,112.56,7.34,111.9,8.31,7.17,15.48,1373.6646,20.0905699,Roam,111.664,34.79,587,Flat,0.394819021,4678.100098,3212.399902,818.9000244,0.480762988,-1.0,25.10000038,39.79000092,-17.29000092
C3_1_8,2.31304111,24.37557288,1.34120371,267.1262247,7153.094263,4202.697042,7732.571676,6.638285974,870.8839379,49.35563336,43.10080815,511.6933683,31143.08718,12.44805409,40.55823698,41.66446479,43.06590228,8.226371238,3.393839034,13.48771698,30.03309015,27.71683439,12.84486136,6.583053946,2.306490564,0.60126969,0.236501879,7.263569515,0.850007433,3.835296953,212.6651084,23.43922163,47.41542552,5.388190386,20.40090776,3.974255755,0.819854799,3.975944282,0.47410845,2.393785032,0.425231378,1.143600933,0.920403013,0.141156269,17.65652527,6.27415051,267.652,6.090498822,81.84,7.35,103.7,6.6,4.21,10.81,1199.352,27.49123678,Roam,111.664,34.79,587,Flat,0.394819021,4678.100098,3212.399902,818.9000244,0.480762988,-1.0,25.10000038,39.79000092,-17.29000092
C3_1_9,1.26271653,24.65880998,1.217226578,228.6970432,6422.271381,3618.680954,6012.58782,5.213151099,725.628879,42.38907623,42.84776168,463.5978574,27797.65768,11.12167827,31.43166796,35.49248712,46.56060899,7.3394271,1.162042221,12.22545676,27.0089151,23.8454417,11.74751909,6.903847184,2.06576844,0.521983949,0.205197902,7.958492283,0.889826971,3.675779908,192.5645522,23.9979752,50.45464743,5.399596667,20.46994037,3.994228814,0.78173699,3.68073564,0.482327827,2.440190022,0.43541363,1.171695019,0.942700774,0.162242749,18.75633172,7.233391059,72.842,7.382871738,98.14,7.44,94.9,8.64,5.3,13.94,1243.2266,19.669179,Roam,111.664,34.79,587,Flat,0.394819021,4678.100098,3212.399902,818.9000244,0.480762988,-1.0,25.10000038,39.79000092,-17.29000092
C3_1_10,2.15336363,23.74100702,1.140051613,208.5404083,6229.139141,3215.395,5924.449779,4.996890663,673.2977735,40.41980515,40.93591049,450.4409073,26884.6609,10.5751431,28.70734105,33.91604469,40.43317162,6.882675354,1.094839232,11.58115403,25.15263598,24.23482875,11.3122282,4.780901636,1.793653549,0.480619632,0.188881118,7.127995413,0.797686737,3.544595215,175.7534948,23.82558941,48.87843351,5.35391335,20.14506015,3.949367765,0.756082306,3.637338641,0.464743419,2.379325963,0.424206374,1.107488631,0.916616566,0.10549042,17.52607569,7.444219088,269.346,8.177756502,73.34,7.49,95.4,7.54,4.6,12.14,1137.3516,21.10001634,Roam,111.664,34.79,587,Flat,0.394819021,4678.100098,3212.399902,818.9000244,0.480762988,-1.0,25.10000038,39.79000092,-17.29000092
C3_1_11,5.32812908,25.22965927,1.109589404,221.1955503,6613.290049,3657.145301,6143.799776,5.450549513,759.2611801,44.19182372,39.32784284,482.4858961,28857.83957,11.54755781,29.47861763,32.0594002,40.74043032,7.924013094,1.174405675,12.68538234,28.71106097,25.41554131,11.7077616,5.851001293,1.984416888,0.526394496,0.208295937,7.043697537,0.744077057,3.867423321,199.2512454,24.89924792,52.13630997,5.596539906,21.09488477,4.107384311,0.801837806,3.779313092,0.487912752,2.474105813,0.43093372,1.168276372,0.954453225,0.161839477,18.77855431,7.432627271,127.05,6.187130768,70.82,7.46,99.9,5.92,3.71,9.63,1024.7006,21.25499205,Roam,111.664,34.79,587,Flat,0.394819021,4678.100098,3212.399902,818.9000244,0.480762988,-1.0,25.10000038,39.79000092,-17.29000092
C3_1_12,2.15011473,27.62271847,1.385877706,204.7823953,7365.541252,4017.582248,6311.369743,5.955184656,810.3714549,48.26808124,42.59671062,537.3910372,31900.92813,12.77505578,31.787646,34.02542223,44.67445893,8.485823755,1.30510529,13.97552692,30.74730501,26.80544776,13.2822757,4.586921349,1.962542218,0.924684673,0.274239601,24.11433672,0.91761537,4.236972258,211.0964663,27.81237839,56.97024157,6.191948484,23.46038384,4.544559227,0.885388393,4.168351692,0.540097442,2.776980458,0.492405978,1.299653066,1.067370801,0.129125788,20.80323251,8.197015978,267.652,7.294456213,89.38,7.11,102.4,7.56,5.81,13.37,1144.297,20.13551848,Roam,111.664,34.79,587,Flat,0.394819021,4678.100098,3212.399902,818.9000244,0.480762988,-1.0,25.10000038,39.79000092,-17.29000092
C3_1_13,2.8191988,26.36191605,1.373011185,203.5722044,7044.022852,3733.838999,6165.4744,5.819439937,772.2453795,46.65649274,40.18215688,545.8609417,30944.21592,12.82405116,29.93275458,33.04464566,43.87930442,8.147888879,1.253796667,13.70574391,30.13287292,25.57051207,12.01729939,4.334266522,1.6004844,0.51836476,0.283412119,7.366769364,0.864478622,4.271862268,207.4938031,26.22415071,56.43421789,5.898268374,22.05719939,4.284237189,0.828653362,3.936043922,0.510285333,2.587871022,0.45332733,1.207988454,0.987612753,0.089832498,19.90967977,7.998804902,279.51,1.694442229,69.1,7.19,109.9,6.94,3.67,10.61,995.9026,18.57291796,Roam,111.664,34.79,587,Flat,0.394819021,4678.100098,3212.399902,818.9000244,0.480762988,-1.0,25.10000038,39.79000092,-17.29000092
C3_1_14,1.70121196,27.27288335,1.345538277,223.5606108,7050.908351,3662.610769,7360.101063,5.878652128,772.6531844,45.89411814,40.04069624,527.9556856,30613.64743,12.39396758,29.73591602,33.69729852,43.82483015,8.102142082,1.251196725,13.5284611,29.863088,26.83398969,12.4047222,5.285133874,1.829820825,0.535498429,0.236105518,7.492793558,0.826122267,4.14932754,218.2862857,27.61453217,58.21024104,6.146886755,23.40352303,4.56336154,0.877354482,4.055692414,0.529369265,2.661143285,0.4673222,1.263618388,1.036297257,0.128762462,20.20858511,8.281754962,322.8764,2.194732642,69.72,7.3,100.9,6.98,3.5,10.48,996.2414,19.08401512,Roam,111.664,34.79,587,Flat,0.394819021,4678.100098,3212.399902,818.9000244,0.480762988,-1.0,25.10000038,39.79000092,-17.29000092
C3_1_15,2.17286812,22.76912935,1.100612517,203.4285385,6077.15702,3132.282413,5953.74102,4.92536772,650.7840734,39.52070773,35.02690011,458.5605516,26537.64905,10.7585107,26.14514768,30.78208471,40.13242648,6.944305804,1.050465127,11.80231204,24.8708931,22.52261481,11.31531747,4.631125398,1.685817099,0.649266311,0.257166447,6.530533079,0.794109364,3.485022265,180.3676828,23.77471551,48.63261173,5.291138985,19.9023673,3.87681838,0.753324244,3.56996794,0.462952891,2.365727713,0.419644488,1.087843712,0.896161319,0.103908651,17.47135976,7.286218883,167.706,4.695304695,76.42,7.38,89.3,6.81,4.34,11.15,906.1206,17.9331492,Roam,111.664,34.79,587,Flat,0.394819021,4678.100098,3212.399902,818.9000244,0.480762988,-1.0,25.10000038,39.79000092,-17.29000092
C3_2_1,1.52207055,17.32991851,0.807126273,158.557837,5261.23338,3396.297065,7076.748866,4.591737856,577.235487,33.34224348,43.11554646,458.5913648,24249.06878,10.01969401,29.51564101,28.56475015,38.59970577,6.000047345,0.984960707,10.01053524,23.99865644,19.96094159,10.45013901,4.260497348,1.341938113,0.514926459,0.193924858,5.869270393,0.658985267,3.459523795,212.4268119,21.14051733,41.98244774,4.640728224,17.62860316,3.463924151,0.690739243,3.247121829,0.427405049,2.164061702,0.386389579,1.007782319,0.830499425,0.095604023,14.77003119,6.032417691,267.652,13.96313732,100.06,7.55,136.8,10.27,6.09,16.36,1056.5478,14.96630417,Roam,111.673322,34.784082,582,Flat,0.394658029,4691.700195,3222.600098,819.2999878,0.480892003,-0.899999976,25.10000038,39.84000015,-17.25
C3_2_2,1.25912625,24.79468186,1.425430652,204.3094467,7196.534219,4584.246388,9005.049802,6.251860827,802.4812914,45.47662011,40.30874515,614.0841764,32789.53129,13.53508453,34.92928411,35.93554891,50.47697639,8.361956944,1.360745528,13.78911638,33.438902,30.63693296,15.08916767,6.307047405,2.203338576,0.809290039,0.237084183,9.525830546,0.911515857,4.725268662,419.5447676,30.01724672,58.82584494,6.616422129,25.03295786,4.947602695,1.006209268,4.644101706,0.600181165,3.051572959,0.543973469,1.428076507,1.170260466,0.153333071,21.60369818,8.329620552,242.242,5.096941835,91.6,7.83,130.5,10.61,7.56,18.17,1292.3526,18.18476679,Roam,111.673322,34.784082,582,Flat,0.394658029,4691.700195,3222.600098,819.2999878,0.480892003,-0.899999976,25.10000038,39.84000015,-17.25
C3_2_3,8.03108721,25.39432319,1.324511534,224.4742646,7485.821136,4515.262425,8903.757313,6.319151985,814.6239032,47.48413375,126.6196258,664.7836813,34650.76984,15.28340193,65.49251496,39.98720823,54.67353792,8.617879163,1.438949504,14.16990918,34.25633998,29.72627993,15.1360923,6.094062115,2.191613131,0.78428081,0.285928588,8.169038349,0.986228896,4.875642924,472.3008559,29.69062537,58.87012414,6.54360329,25.01417235,4.955722004,1.021186183,4.601456713,0.60291922,3.067200427,0.553611741,1.465048253,1.176540688,0.143174402,21.58352881,8.466308667,267.652,3.892681758,84.48,7.88,141.5,6.46,4.35,10.81,1168.3518,9.42296214,Roam,111.673322,34.784082,582,Flat,0.394658029,4691.700195,3222.600098,819.2999878,0.480892003,-0.899999976,25.10000038,39.84000015,-17.25
C3_2_4,2.23672063,24.65285193,1.5014743,210.4168425,7655.162431,4587.527315,8573.301179,6.908525863,902.1319276,50.62834682,81.135048,654.0197037,35514.41706,15.41060494,54.76155338,40.06594527,49.44590434,8.781504547,3.000946103,14.55198425,35.04699506,28.48005118,15.05415609,6.391460464,2.261165624,0.845832694,0.245751144,10.17816347,0.976105353,4.799972322,419.7407908,27.85566636,55.36601539,6.268874776,23.80125746,4.656630065,1.004524045,4.67688785,0.578567603,2.903493761,0.523286388,1.381882232,1.116158584,0.146929449,22.18345895,7.820536626,252.406,5.288998882,83.54,7.86,140.0,6.81,3.71,10.52,1024.7006,15.92876189,Roam,111.673322,34.784082,582,Flat,0.394658029,4691.700195,3222.600098,819.2999878,0.480892003,-0.899999976,25.10000038,39.84000015,-17.25
C3_2_5,2.73053043,25.18096654,1.52625253,208.662859,7502.369462,4461.063924,8231.780596,6.35409552,843.3038177,47.22026446,76.42532745,657.0238265,34824.73946,14.51640156,47.92702042,55.20473287,53.08840302,8.623170443,1.45596604,14.14309337,34.83365908,29.05136081,15.31586772,6.800371571,2.33601727,0.78381319,0.21169968,10.49052553,1.000530128,4.963456118,457.6011197,30.36744066,60.73386471,6.705253465,25.68085429,5.043073642,1.028524276,4.694605415,0.604953743,3.117727324,0.557043993,1.490503394,1.191272554,0.173463312,24.59807329,9.097463605,271.2094,1.897722733,94.04,7.85,127.1,4.13,4.74,8.87,1192.576,16.03775819,Roam,111.673322,34.784082,582,Flat,0.394658029,4691.700195,3222.600098,819.2999878,0.480892003,-0.899999976,25.10000038,39.84000015,-17.25
C3_2_6,7.26687573,24.97714442,1.38607563,215.4986594,7321.904713,4412.345531,8208.67121,6.213473736,804.139847,46.2453863,65.8956219,658.4039321,33381.28561,14.39503634,42.7288399,38.70540607,52.47545462,8.468913734,1.40871969,13.73055802,33.69035887,27.90934985,15.44275909,5.933776503,2.077099819,0.653978734,0.508929895,10.04810119,0.85662405,4.679516736,328.7525284,30.5330937,60.314977,6.716723395,25.5128215,5.059071803,1.013042465,4.680465634,0.611450309,3.155785172,0.562387842,1.473179996,1.177343408,0.142932534,24.87684755,8.661661379,188.034,5.086368532,90.96,7.86,128.1,7.89,4.36,12.25,1095.8486,18.74472576,Roam,111.673322,34.784082,582,Flat,0.394658029,4691.700195,3222.600098,819.2999878,0.480892003,-0.899999976,25.10000038,39.84000015,-17.25
C3_2_7,5.63871692,22.72372701,1.461900405,178.6024435,6930.543844,4254.04098,7426.193309,6.341007451,814.940214,46.62928531,38.92373791,596.3762515,32007.04848,13.67982536,37.15179286,36.6762534,46.72737476,8.154511786,2.575218613,13.31786095,32.457665,25.91223223,14.02968328,4.917174314,1.94125282,0.588845148,0.276319286,7.082828428,0.801775588,4.276338276,307.5474545,26.22931159,52.2328857,5.878739078,22.3038207,4.408385109,0.919103137,4.369229698,0.531964721,2.690290752,0.488826559,1.2856326,1.024529553,0.096555907,18.24915091,6.978948883,269.346,8.795426378,102.9,7.83,132.8,6.69,4.42,11.11,1285.4072,18.90244196,Roam,111.673322,34.784082,582,Flat,0.394658029,4691.700195,3222.600098,819.2999878,0.480892003,-0.899999976,25.10000038,39.84000015,-17.25
C3_2_8,1.95857049,25.02736575,1.557678826,248.2236553,7792.122255,5057.857029,8707.846921,6.925450175,925.0649178,51.96058009,40.50887853,659.7813451,35474.15293,15.15281093,38.40488489,45.99710235,55.81720822,9.055458178,2.755879608,14.53109681,36.21312558,29.21496061,15.18931041,7.082973314,2.351144744,0.638533512,0.25752066,7.913382977,0.922890745,4.732422497,347.6170447,28.60831631,56.62652449,6.369510338,24.33655345,4.788708163,0.991780536,4.794682476,0.584393369,2.969178793,0.536078821,1.481052834,1.146518757,0.162111624,20.01334726,7.790697843,135.52,3.191065018,72.86,7.84,118.1,10.77,5.26,16.03,1023.0066,17.18678938,Roam,111.673322,34.784082,582,Flat,0.394658029,4691.700195,3222.600098,819.2999878,0.480892003,-0.899999976,25.10000038,39.84000015,-17.25
C3_2_9,6.05822439,20.80268536,1.142278544,219.0682432,6405.85991,4041.234744,6935.46822,6.0132939,806.9231419,44.49938333,37.05523261,576.4116871,30657.93844,13.09483546,34.15304967,36.53363235,47.61827428,7.860817949,2.285768989,12.66908831,31.85689194,24.30023982,13.4161644,5.992562657,1.950132857,0.564377789,0.213515983,7.037943354,0.813001558,4.229121246,262.7942024,25.56881837,50.98500389,5.718485408,21.65188123,4.239643357,0.87609688,4.233308218,0.51232117,2.591864254,0.468449107,1.248377236,1.007201812,0.128730033,17.29205961,6.842432504,274.5974,6.79076456,113.72,7.83,102.8,7.73,3.64,11.37,1099.5754,15.3729133,Roam,111.673322,34.784082,582,Flat,0.394658029,4691.700195,3222.600098,819.2999878,0.480892003,-0.899999976,25.10000038,39.84000015,-17.25
C3_2_10,7.5636624,24.46433457,1.385124468,221.3268394,7210.690609,4534.026072,7406.532105,6.511480599,882.1941343,49.15650038,43.58037636,640.5714091,33447.01018,14.91572232,39.27032368,40.07241065,48.98763038,8.682249557,2.406831457,13.92402645,34.85300708,26.66692653,14.79853834,6.520794788,2.168955162,0.646012757,0.255560087,7.625585258,0.946073332,4.747519959,341.3323954,28.4229994,57.10370567,6.326661406,24.0459441,4.697126781,0.988327806,4.77305908,0.580037729,2.928988018,0.5238301,1.374725436,1.105332415,0.136567077,19.47889729,7.901407189,137.214,4.293302448,93.98,7.82,117.3,8.2,5.5,13.7,967.1046,13.2886917,Roam,111.673322,34.784082,582,Flat,0.394658029,4691.700195,3222.600098,819.2999878,0.480892003,-0.899999976,25.10000038,39.84000015,-17.25
C3_2_11,7.10651794,22.35606393,1.64503993,196.8823719,7033.857263,4228.874383,7001.194154,6.251305011,844.1301066,47.63278173,49.50356644,659.7781055,33107.82755,14.91009502,37.96082491,38.86994278,47.67360247,8.092264034,2.317367681,14.01725822,32.64366308,24.14086111,14.21686225,6.433187201,2.122134356,0.602810032,0.241482357,7.545045794,0.963948954,4.496326883,264.5786372,27.29765441,54.57381763,6.063900633,23.36947165,4.648722944,0.949622757,4.567068173,0.559501361,2.829107147,0.510844079,1.354856659,1.071931337,0.142791514,19.50350409,7.831508085,271.2094,22.94310111,102.54,7.9,120.2,7.47,3.42,10.89,990.99,17.39877096,Roam,111.673322,34.784082,582,Flat,0.394658029,4691.700195,3222.600098,819.2999878,0.480892003,-0.899999976,25.10000038,39.84000015,-17.25
C3_2_12,1.72277832,20.59133654,1.244331198,174.2486614,6316.158109,3906.23641,6426.489194,5.687551644,740.6759847,42.31062557,33.74892157,562.0790099,29393.88773,12.95183474,32.35499768,34.23429119,41.15408828,7.255386381,1.9643857,12.32199075,28.9670002,22.2134324,12.65848548,5.114334368,1.761029245,0.553932712,0.233371365,5.711853418,0.815200244,4.010229119,242.7993574,24.44107958,48.98082278,5.442027115,20.66354047,4.087343689,0.821490887,4.072033362,0.490275708,2.525101849,0.448873697,1.189089955,0.968055755,0.108146039,17.29856405,6.807921839,242.242,9.887344199,86.36,7.92,139.9,6.62,12.22,18.84,1028.0886,16.62349978,Roam,111.673322,34.784082,582,Flat,0.394658029,4691.700195,3222.600098,819.2999878,0.480892003,-0.899999976,25.10000038,39.84000015,-17.25
C3_2_13,2.29496137,22.37266781,1.427359327,181.8397773,6900.551855,4374.114565,7556.097452,6.188350332,801.7295232,47.02478409,35.91730653,612.2886403,32785.67041,14.25433105,35.3239886,37.3550879,45.41740216,8.022316604,2.161496817,13.76591397,32.37705896,26.89220979,14.18077918,5.0903115,2.015683992,0.622316229,0.233309542,7.28673629,1.045505076,4.454148016,289.0532607,27.53203328,55.20887484,6.069516591,23.08882017,4.525889671,0.929853469,4.514230133,0.552897642,2.792808836,0.502997249,1.333030597,1.054838784,0.10249584,19.46095894,7.483160331,219.5424,12.76731567,109.7,7.78,152.0,10.09,7.78,17.87,1307.768,16.53844832,Roam,111.673322,34.784082,582,Flat,0.394658029,4691.700195,3222.600098,819.2999878,0.480892003,-0.899999976,25.10000038,39.84000015,-17.25
C3_2_14,7.19838632,20.73445313,1.4271489,191.6263275,6354.0767,4004.67677,6568.854861,5.775969381,775.9521096,43.75739153,36.68619082,570.6139246,30580.00223,13.21361669,33.71153568,36.90829976,44.61147709,7.522466856,2.000382556,12.55801603,31.3544163,24.54689056,13.66242295,5.915810738,2.015851745,0.588567514,0.249912603,7.135497773,0.856650407,4.235403699,300.967138,25.97697624,51.88886,5.766701493,22.05671572,4.357810342,0.895476663,4.316670567,0.528489651,2.709677501,0.486992676,1.286812249,1.034478414,0.142376746,17.97654155,7.224660804,208.362,3.49678296,90.68,7.78,119.1,6.76,3.84,10.6,1077.2146,18.08377293,Roam,111.673322,34.784082,582,Flat,0.394658029,4691.700195,3222.600098,819.2999878,0.480892003,-0.899999976,25.10000038,39.84000015,-17.25
C3_2_15,1.91185046,21.99998874,1.332542126,220.5109057,6841.880597,4495.622517,7283.056666,6.138135185,832.1404683,47.17571399,38.60949622,620.4421456,32522.68882,14.31128128,36.03692203,39.16827513,46.08306836,8.258793866,2.074507068,13.37548085,32.83868768,24.74430144,14.20093273,6.403428935,2.111624581,0.60511997,0.209118689,7.448327729,0.902525,4.461421392,234.8149596,28.86551039,58.19209027,6.367014309,24.04734592,4.684413844,0.930085823,4.663812325,0.566476792,2.848637288,0.511349653,1.369868308,1.091398188,0.139237348,19.11102885,8.038363104,217.3402,9.094906852,107.66,7.76,149.3,9.55,11.69,21.24,975.5746,16.11943085,Roam,111.673322,34.784082,582,Flat,0.394658029,4691.700195,3222.600098,819.2999878,0.480892003,-0.899999976,25.10000038,39.84000015,-17.25
C3_3_1,3.34782893,7.249751415,0.301222223,121.5153983,2987.514642,1107.354834,32280.43661,1.91029248,278.0789606,15.69721712,12.62740069,186.2136385,10580.4597,4.358694026,10.99835156,17.72933902,16.38642707,2.740295543,0.802104108,5.226380808,9.676713934,67.02527946,4.788825871,1.812023935,0.770572105,0.306442561,0.09591554,3.660905196,0.384924867,1.635892397,70.31419602,10.6053448,20.92990279,2.52983498,9.478098339,1.86407707,0.366335837,1.728769161,0.216651769,1.09948235,0.193520467,0.503040331,0.404502101,0.042954143,7.879422528,3.159668867,214.291,1.096884847,54.12,7.84,175.3,6.83,4.18,11.01,851.9126,17.92419051,Sandy,111.338292,34.804867,680,Slope,0.435248017,4650.700195,3205.0,818.9000244,0.448614001,-1.399999976,25.20000076,39.65000153,-17.01000023
C3_3_2,5.08807029,7.138131105,0.352812523,100.69761,3039.1389,1148.548203,30336.88706,2.015627,292.823035,16.14441037,12.71734802,193.8179727,10949.74962,4.437562553,11.06588797,15.1369693,16.76931335,2.85293702,0.821745566,5.341284749,9.989893232,66.25863513,4.800906879,2.196549016,0.942204744,0.306738284,0.091142523,3.839678274,0.417869348,1.693303144,69.85153306,10.53660631,21.42847859,2.564979747,9.564418754,1.898158808,0.354261942,1.711115637,0.216612274,1.102712033,0.19289076,0.499315164,0.399247677,0.04766284,7.891257732,3.322726276,189.728,1.597635499,52.66,7.88,176.3,7.75,3.9,11.65,1049.6024,13.45862326,Sandy,111.338292,34.804867,680,Slope,0.435248017,4650.700195,3205.0,818.9000244,0.448614001,-1.399999976,25.20000076,39.65000153,-17.01000023
C3_3_3,1.65727255,6.836491944,0.381019595,104.6619433,3159.255609,1183.949718,35147.63998,2.065984989,294.9641838,16.62473806,13.18854163,202.5796487,11211.33793,4.56904914,11.52094439,15.10565264,18.36240833,2.979905941,0.812922812,5.222013198,10.61536061,69.94643358,5.326617633,2.060879567,0.751609149,0.27088945,0.108150686,3.926149158,0.365827226,1.742062818,73.77130917,11.19937622,21.98171184,2.68945921,10.02596605,2.005425179,0.378728493,1.880454335,0.226609426,1.17905215,0.207866992,0.542121041,0.430436492,0.04099967,7.579150166,3.593274154,267.652,0.598276962,56.5,7.88,157.4,6.31,3.94,10.25,658.7966,13.39089576,Sandy,111.338292,34.804867,680,Slope,0.435248017,4650.700195,3205.0,818.9000244,0.448614001,-1.399999976,25.20000076,39.65000153,-17.01000023
C3_3_4,11.3495064,7.086700894,0.383736433,116.0588391,3082.435487,1189.652864,37343.48655,1.97289735,290.0797512,16.13946149,13.72079098,196.2927347,10929.16019,4.479815562,11.43820692,16.21169319,18.02314609,2.925435994,0.805936864,5.409223835,10.54551108,73.7091514,5.233417743,2.052366405,0.834313994,0.283605662,0.095489026,4.322176743,0.418203373,1.711905318,74.3639221,11.23860296,22.05596755,2.731950606,10.36532806,2.023990267,0.379993282,1.84804631,0.236224157,1.18814291,0.209704717,0.534816307,0.431624761,0.048008339,8.098627095,3.422162221,189.728,0.698909701,59.02,7.92,158.8,7.08,4.01,11.09,815.4916,12.72283797,Sandy,111.338292,34.804867,680,Slope,0.435248017,4650.700195,3205.0,818.9000244,0.448614001,-1.399999976,25.20000076,39.65000153,-17.01000023
C3_3_5,9.12385778,8.015917719,0.416875516,109.9761115,3387.841874,1287.278319,38576.52914,2.211634367,313.0423329,17.86239064,14.83821746,219.1689233,12087.79006,4.941278512,12.38349028,16.2689165,19.09490028,3.28678959,0.917974818,5.957513928,11.63221901,74.24765062,5.843884679,1.897212314,0.824997832,0.293940888,0.08555271,4.200423778,0.392507712,1.917468914,81.39155948,12.94132887,25.67709364,3.109611177,11.5305559,2.216074157,0.423848717,2.105999072,0.26694343,1.331406022,0.229542069,0.598115554,0.477774611,0.044623432,8.325982616,3.865694573,214.291,0.99980004,47.1,7.98,171.4,4.76,4.48,9.24,757.0486,9.310216388,Sandy,111.338292,34.804867,680,Slope,0.435248017,4650.700195,3205.0,818.9000244,0.448614001,-1.399999976,25.20000076,39.65000153,-17.01000023
C3_3_6,3.33441405,10.37920627,0.517763378,123.356282,4407.537599,1737.441289,40399.92613,2.900903333,399.78452,23.82807498,18.7333531,284.2537198,16100.14574,6.51445713,16.05383378,18.82027156,24.49028269,4.214905986,1.187577652,7.732006699,15.02367959,79.97595556,7.073186567,1.791327472,1.045385605,0.380217188,0.138204802,5.226261284,0.431337861,2.374626787,99.90792924,15.25775204,31.25060122,3.669997233,13.78582994,2.652340403,0.519107027,2.503601878,0.318909375,1.592256981,0.28427534,0.743856263,0.591081708,0.036979832,11.75946141,4.419138652,242.242,0.996611521,47.24,8.0,171.2,5.64,6.19,11.83,1102.9634,12.02858488,Sandy,111.338292,34.804867,680,Slope,0.435248017,4650.700195,3205.0,818.9000244,0.448614001,-1.399999976,25.20000076,39.65000153,-17.01000023
C3_3_7,1.40825369,7.834575533,0.399300357,115.3696493,3396.71059,1399.068708,36254.08869,2.139564797,301.8312786,17.67716364,13.78577081,211.0460995,11759.99152,4.757625873,12.02437031,16.942046,18.99338097,3.191627405,0.877445264,5.70351662,11.07912374,75.82733118,5.53472763,1.309348308,0.861701699,0.285667127,0.142294986,4.157924592,0.351939098,1.731394704,77.59607593,11.67946441,23.29703555,2.811954902,10.54987057,2.059691093,0.384707871,1.944540053,0.245752836,1.226983322,0.216755069,0.579625091,0.460901772,0.022973566,9.001808382,3.34230635,267.652,2.49670435,65.82,8.02,191.8,6.95,9.43,16.38,1290.6586,16.46154202,Sandy,111.338292,34.804867,680,Slope,0.435248017,4650.700195,3205.0,818.9000244,0.448614001,-1.399999976,25.20000076,39.65000153,-17.01000023
C3_3_8,8.02947917,6.934085953,0.327619069,104.08631,2974.090915,1232.359166,29669.07591,1.994754254,297.6883335,16.18070928,15.28136433,196.5882251,11091.15452,4.537434461,12.28970682,15.04788781,22.48287925,2.896303426,0.850868681,5.424335719,10.78942321,64.53181336,5.110867246,2.086022322,0.814613337,0.302992558,0.126068588,4.758018827,0.421334645,1.785709809,72.6849209,11.33147417,22.69516261,2.711744798,10.28423239,1.981962733,0.368296535,1.822609029,0.229372919,1.150107418,0.205669718,0.523530025,0.424677128,0.048249594,9.246023419,3.577211563,252.406,1.196888091,48.28,8.03,166.2,5.53,5.22,10.75,973.8806,19.66177628,Sandy,111.338292,34.804867,680,Slope,0.435248017,4650.700195,3205.0,818.9000244,0.448614001,-1.399999976,25.20000076,39.65000153,-17.01000023
C3_3_9,3.4909486,6.112611197,0.306058746,87.04841059,2691.765948,1087.979992,25564.54691,1.754977165,261.8723557,14.56051278,11.4695275,175.0433098,9851.493258,3.955137644,9.936011109,12.90113538,16.57065061,2.590393905,0.705441931,4.721915697,9.358293841,55.80568815,4.527346265,1.826608945,0.702797548,0.233006942,0.110881978,3.299548627,0.345201425,1.528865959,63.35239953,9.630727273,19.37266877,2.293101337,8.577470531,1.6352428,0.3158449,1.558032631,0.197973228,0.990923891,0.173924841,0.461304364,0.36888076,0.039194017,7.149002007,3.16430055,271.2094,0.99952023,48.42,8.07,171.1,4.5,6.72,11.22,962.0226,12.53290595,Sandy,111.338292,34.804867,680,Slope,0.435248017,4650.700195,3205.0,818.9000244,0.448614001,-1.399999976,25.20000076,39.65000153,-17.01000023
C3_3_10,11.6099775,6.724270435,0.333922382,89.68970745,2938.197479,1159.98429,30379.55906,1.944059821,290.9456641,16.18160516,12.62260019,189.8315177,10956.90757,4.461073366,11.06973421,13.15352541,21.94828285,2.85642506,0.827885255,5.252914835,10.48103226,65.31512161,4.97566864,2.17513768,0.773627925,0.256079497,0.084861348,3.699729444,0.394576763,1.746723043,72.63530507,10.54235839,21.34421888,2.551758369,9.611322744,1.903431917,0.359449607,1.728497885,0.218261494,1.095708649,0.196127833,0.508457628,0.402983237,0.047114972,7.800291384,3.214892217,186.34,0.799392462,34.34,8.18,160.4,7.22,6.96,14.18,791.2674,15.69516841,Sandy,111.338292,34.804867,680,Slope,0.435248017,4650.700195,3205.0,818.9000244,0.448614001,-1.399999976,25.20000076,39.65000153,-17.01000023
C3_3_12,8.33619249,6.569365817,0.375698622,98.43196832,2895.706554,1204.485047,25736.09146,1.919501302,306.5069687,16.14199513,37.4399996,194.8219237,11151.04594,4.586709947,23.31101513,15.85039636,20.4537761,2.848256787,0.859567605,5.138893384,10.87753357,59.60610376,4.985337742,2.622343237,0.909571985,0.38553039,0.113016531,6.439013227,0.435031827,1.780399514,69.54831173,10.76517037,21.85503009,2.596346616,9.781182897,1.877320906,0.368742088,1.745603899,0.221398028,1.123266536,0.198405116,0.520706243,0.425307619,0.068249719,9.856240756,3.521214011,267.652,0.698965531,50.28,8.19,173.7,5.24,9.89,15.13,923.0606,9.117660762,Sandy,111.338292,34.804867,680,Slope,0.435248017,4650.700195,3205.0,818.9000244,0.448614001,-1.399999976,25.20000076,39.65000153,-17.01000023
C3_3_13,5.14429551,7.306720644,0.327893137,107.9124207,3419.875571,1365.425683,30139.75178,2.206250165,343.2653163,18.15302533,15.17070688,225.5681638,12433.31697,4.98476098,13.74446602,15.22377652,23.94669612,3.135718988,0.920971753,5.825581529,11.946297,71.56856276,5.699516317,2.949356833,0.784318377,0.297203732,0.103181333,4.236586869,0.434492475,1.9870678,76.98129788,12.79082225,25.62536087,3.040788713,11.44413016,2.238414669,0.409267616,2.054340224,0.25624094,1.283902106,0.226292474,0.590313412,0.470692917,0.068954791,8.265366,4.111004963,245.63,1.396926761,53.32,8.13,156.3,3.17,5.17,8.34,725.879,11.46175824,Sandy,111.338292,34.804867,680,Slope,0.435248017,4650.700195,3205.0,818.9000244,0.448614001,-1.399999976,25.20000076,39.65000153,-17.01000023
C3_3_14,12.1021853,7.255896915,0.295480834,108.010217,3320.279566,1333.840973,25639.09379,2.17602212,328.29226,17.64573339,14.07762231,217.1663834,12010.53655,4.824464211,12.08564137,15.44878468,22.67977817,3.080596489,0.889227035,5.660504622,11.45443912,64.31302528,5.283619695,2.729304645,0.682588368,0.256524212,0.093411468,3.872042709,0.360407303,1.875473028,75.41206889,11.72915815,24.15398957,2.818820728,10.51528581,2.071082795,0.386633571,1.888615322,0.238969988,1.195967271,0.205908283,0.54971947,0.445892848,0.067919287,7.965613192,3.510194077,267.652,0.797638989,50.7,8.17,159.6,3.93,4.22,8.15,714.6986,9.006590602,Sandy,111.338292,34.804867,680,Slope,0.435248017,4650.700195,3205.0,818.9000244,0.448614001,-1.399999976,25.20000076,39.65000153,-17.01000023
C3_3_15,6.80823859,6.603754861,0.353832478,96.37124476,2909.735001,1216.319538,25926.44321,1.857632471,276.1366229,15.35713754,12.36121069,191.8298145,10725.20638,4.325296713,10.8094744,13.23696879,20.433854,2.819846818,0.796797248,4.997883171,10.21872276,58.15575191,4.799619961,1.814253805,0.743174925,0.237546664,0.081304865,3.552463864,0.335658218,1.620298728,69.05312422,10.62223055,21.54120355,2.49913434,9.381265106,1.833247859,0.346439336,1.70521856,0.212617086,1.067211597,0.18567836,0.487047857,0.4068892,0.03902551,7.465026836,3.124423261,242.242,1.694644922,67.96,8.13,171.6,4.61,9.71,14.32,1150.0566,12.44191839,Sandy,111.338292,34.804867,680,Slope,0.435248017,4650.700195,3205.0,818.9000244,0.448614001,-1.399999976,25.20000076,39.65000153,-17.01000023
